{"textures":{"0":"modelengine:entity/fx_divine_slash_evo_flash_2"},"elements":[{"from":[8.0,-8.259499,-9.75],"to":[8.0,27.240501,25.75],"faces":{"east":{"uv":[16.0,16.0,0.0,0.0],"tintindex":0,"rotation":180,"texture":"#0"},"west":{"uv":[16.0,0.0,0.0,16.0],"tintindex":0,"rotation":0,"texture":"#0"}}},{"from":[8.0,-8.759499,-9.75],"to":[8.0,26.740501,25.75],"faces":{"east":{"uv":[16.0,16.0,0.0,0.0],"tintindex":0,"rotation":180,"texture":"#0"},"west":{"uv":[16.0,0.0,0.0,16.0],"tintindex":0,"rotation":0,"texture":"#0"}},"rotation":{"origin":[8.0,8.9905,8.0],"angle":45.0,"axis":"z"}}],"display":{"gui":{"rotation":[30,225,0]}}}