{"textures":{"0":"modelengine:entity/texture","1":"modelengine:entity/texture","2":"modelengine:entity/texture"},"elements":[{"from":[3.9250002,10.0625,8.05],"to":[4.45,10.2625,8.95],"faces":{"east":{"uv":[9.5,6.0,10.40625,6.1875],"tintindex":0,"rotation":0,"texture":"#1"},"south":{"uv":[9.5,9.5,10.03125,9.6875],"tintindex":0,"rotation":0,"texture":"#1"},"north":{"uv":[9.5,9.5,10.03125,9.6875],"tintindex":0,"rotation":0,"texture":"#1"},"west":{"uv":[9.5,6.5,10.40625,6.6875],"tintindex":0,"rotation":0,"texture":"#1"},"up":{"uv":[4.0,9.53125,4.90625,9.0],"tintindex":0,"rotation":0,"texture":"#1"},"down":{"uv":[9.53125,5.0,9.0,5.90625],"tintindex":0,"rotation":0,"texture":"#1"}},"rotation":{"origin":[4.6875,9.6625,8.0],"angle":-45.0,"axis":"z"}},{"from":[3.8625002,10.15,8.05],"to":[4.6125,10.85,8.95],"faces":{"east":{"uv":[8.0,5.0,8.90625,5.6875],"tintindex":0,"rotation":0,"texture":"#1"},"south":{"uv":[1.75,9.0,1.0,9.6875],"tintindex":0,"rotation":0,"texture":"#1"},"north":{"uv":[1.0,9.0,1.75,9.6875],"tintindex":0,"rotation":0,"texture":"#1"},"west":{"uv":[6.0,8.0,6.90625,8.6875],"tintindex":0,"rotation":0,"texture":"#1"},"up":{"uv":[7.75,4.90625,7.0,4.0],"tintindex":0,"rotation":0,"texture":"#1"},"down":{"uv":[6.75,5.90625,6.0,5.0],"tintindex":0,"rotation":0,"texture":"#1"}},"rotation":{"origin":[3.7375002,11.0,8.0],"angle":45.0,"axis":"z"}},{"from":[7.8500004,10.525,8.15],"to":[9.15,10.924999,8.85],"faces":{"east":{"uv":[7.0,10.0,8.375,10.8125],"tintindex":0,"rotation":0,"texture":"#2"},"south":{"uv":[0.0,9.0,2.625,9.8125],"tintindex":0,"rotation":0,"texture":"#2"},"north":{"uv":[8.0,8.0,10.625,8.8125],"tintindex":0,"rotation":0,"texture":"#2"},"west":{"uv":[9.0,10.0,10.375,10.8125],"tintindex":0,"rotation":0,"texture":"#2"},"up":{"uv":[10.625,1.375,8.0,0.0],"tintindex":0,"rotation":0,"texture":"#2"},"down":{"uv":[10.625,2.0,8.0,3.375],"tintindex":0,"rotation":0,"texture":"#2"}}},{"from":[4.7250004,10.8875,8.0375],"to":[12.275,11.5875,8.9625],"faces":{"east":{"uv":[7.0,5.0,7.9375,5.6875],"tintindex":0,"rotation":0,"texture":"#1"},"south":{"uv":[0.0,2.0,7.5625,2.6875],"tintindex":0,"rotation":0,"texture":"#1"},"north":{"uv":[0.0,2.0,7.5625,2.6875],"tintindex":0,"rotation":0,"texture":"#1"},"west":{"uv":[6.0,7.0,6.9375,7.6875],"tintindex":0,"rotation":0,"texture":"#1"},"up":{"uv":[7.5625,0.9375,0.0,0.0],"tintindex":0,"rotation":0,"texture":"#1"},"down":{"uv":[7.5625,0.9375,0.0,0.0],"tintindex":0,"rotation":0,"texture":"#1"}}},{"from":[12.1875,10.15,8.05],"to":[12.9375,10.85,8.95],"faces":{"east":{"uv":[6.90625,8.0,6.0,8.6875],"tintindex":0,"rotation":0,"texture":"#1"},"south":{"uv":[1.0,9.0,1.75,9.6875],"tintindex":0,"rotation":0,"texture":"#1"},"north":{"uv":[1.75,9.0,1.0,9.6875],"tintindex":0,"rotation":0,"texture":"#1"},"west":{"uv":[8.90625,5.0,8.0,5.6875],"tintindex":0,"rotation":0,"texture":"#1"},"up":{"uv":[7.0,4.90625,7.75,4.0],"tintindex":0,"rotation":0,"texture":"#1"},"down":{"uv":[6.75,5.90625,6.0,5.0],"tintindex":0,"rotation":0,"texture":"#1"}},"rotation":{"origin":[13.0625,11.0,8.0],"angle":-45.0,"axis":"z"}},{"from":[7.9625,11.5625,8.1875],"to":[9.0375,16.0875,8.7875],"faces":{"east":{"uv":[3.0,4.0,3.59375,8.53125],"tintindex":0,"rotation":0,"texture":"#1"},"south":{"uv":[0.0,4.0,1.0625,8.53125],"tintindex":0,"rotation":0,"texture":"#1"},"north":{"uv":[0.0,4.0,1.0625,8.53125],"tintindex":0,"rotation":0,"texture":"#1"},"west":{"uv":[4.0,4.0,4.59375,8.53125],"tintindex":0,"rotation":0,"texture":"#1"},"up":{"uv":[8.0625,6.59375,7.0,6.0],"tintindex":0,"rotation":0,"texture":"#1"},"down":{"uv":[8.0625,7.0,7.0,7.59375],"tintindex":0,"rotation":0,"texture":"#1"}}},{"from":[7.8500004,6.3999996,8.15],"to":[9.15,7.0,8.85],"faces":{"east":{"uv":[7.0,10.8125,8.375,10.0],"tintindex":0,"rotation":0,"texture":"#2"},"south":{"uv":[0.0,9.8125,2.625,9.0],"tintindex":0,"rotation":0,"texture":"#2"},"north":{"uv":[8.0,8.8125,10.625,8.0],"tintindex":0,"rotation":0,"texture":"#2"},"west":{"uv":[9.0,10.8125,10.375,10.0],"tintindex":0,"rotation":0,"texture":"#2"},"up":{"uv":[10.625,3.375,8.0,2.0],"tintindex":0,"rotation":0,"texture":"#2"},"down":{"uv":[10.625,0.0,8.0,1.375],"tintindex":0,"rotation":0,"texture":"#2"}}},{"from":[6.4375,11.225,8.4875],"to":[10.5625,29.912498,8.4875],"faces":{"south":{"uv":[2.5625,0.0,0.0,9.34375],"tintindex":0,"rotation":0,"texture":"#0"},"north":{"uv":[0.0,0.0,2.5625,9.34375],"tintindex":0,"rotation":0,"texture":"#0"}}},{"from":[8.1,6.4125,8.2],"to":[8.9,10.5875,8.8],"faces":{"east":{"uv":[1.625,0.0,0.0,8.375],"tintindex":0,"rotation":0,"texture":"#2"},"south":{"uv":[0.0,0.0,1.625,8.375],"tintindex":0,"rotation":0,"texture":"#2"},"north":{"uv":[0.0,0.0,1.625,8.375],"tintindex":0,"rotation":0,"texture":"#2"},"west":{"uv":[1.625,0.0,0.0,8.375],"tintindex":0,"rotation":0,"texture":"#2"},"up":{"uv":[4.625,10.1875,3.0,9.0],"tintindex":0,"rotation":0,"texture":"#2"},"down":{"uv":[6.625,9.0,5.0,10.1875],"tintindex":0,"rotation":0,"texture":"#2"}}},{"from":[4.5750504,11.31255,8.050051],"to":[5.32495,12.01245,8.949949],"faces":{"east":{"uv":[8.0,4.0,8.90625,4.6875],"tintindex":0,"rotation":0,"texture":"#1"},"south":{"uv":[0.75,9.0,0.0,9.6875],"tintindex":0,"rotation":0,"texture":"#1"},"north":{"uv":[0.0,9.0,0.75,9.6875],"tintindex":0,"rotation":0,"texture":"#1"},"west":{"uv":[5.0,8.0,5.90625,8.6875],"tintindex":0,"rotation":0,"texture":"#1"},"up":{"uv":[6.75,5.90625,6.0,5.0],"tintindex":0,"rotation":0,"texture":"#1"},"down":{"uv":[6.75,6.0,6.0,6.90625],"tintindex":0,"rotation":0,"texture":"#1"}},"rotation":{"origin":[4.45,12.1625,8.0],"angle":-45.0,"axis":"z"}},{"from":[11.47505,11.31255,8.050051],"to":[12.224951,12.01245,8.949949],"faces":{"east":{"uv":[5.90625,8.0,5.0,8.6875],"tintindex":0,"rotation":0,"texture":"#1"},"south":{"uv":[0.0,9.0,0.75,9.6875],"tintindex":0,"rotation":0,"texture":"#1"},"north":{"uv":[0.75,9.0,0.0,9.6875],"tintindex":0,"rotation":0,"texture":"#1"},"west":{"uv":[8.90625,4.0,8.0,4.6875],"tintindex":0,"rotation":0,"texture":"#1"},"up":{"uv":[6.0,5.90625,6.75,5.0],"tintindex":0,"rotation":0,"texture":"#1"},"down":{"uv":[6.0,6.0,6.75,6.90625],"tintindex":0,"rotation":0,"texture":"#1"}},"rotation":{"origin":[12.35,12.1625,8.0],"angle":45.0,"axis":"z"}},{"from":[12.35,10.0625,8.05],"to":[12.875,10.2625,8.95],"faces":{"east":{"uv":[10.40625,6.5,9.5,6.6875],"tintindex":0,"rotation":0,"texture":"#1"},"south":{"uv":[10.03125,9.5,9.5,9.6875],"tintindex":0,"rotation":0,"texture":"#1"},"north":{"uv":[10.03125,9.5,9.5,9.6875],"tintindex":0,"rotation":0,"texture":"#1"},"west":{"uv":[10.40625,6.0,9.5,6.1875],"tintindex":0,"rotation":0,"texture":"#1"},"up":{"uv":[4.90625,9.0,4.0,9.53125],"tintindex":0,"rotation":0,"texture":"#1"},"down":{"uv":[9.0,5.0,9.53125,5.90625],"tintindex":0,"rotation":0,"texture":"#1"}},"rotation":{"origin":[12.1125,9.6625,8.0],"angle":45.0,"axis":"z"}},{"from":[4.7875004,11.3125,8.05],"to":[4.9875,11.8375,8.95],"faces":{"east":{"uv":[4.0,9.0,4.90625,9.53125],"tintindex":0,"rotation":0,"texture":"#1"},"south":{"uv":[8.6875,9.5,8.5,10.03125],"tintindex":0,"rotation":0,"texture":"#1"},"north":{"uv":[8.5,9.5,8.6875,10.03125],"tintindex":0,"rotation":0,"texture":"#1"},"west":{"uv":[9.0,4.0,9.90625,4.53125],"tintindex":0,"rotation":0,"texture":"#1"},"up":{"uv":[9.1875,8.90625,9.0,8.0],"tintindex":0,"rotation":0,"texture":"#1"},"down":{"uv":[9.1875,9.0,9.0,9.90625],"tintindex":0,"rotation":0,"texture":"#1"}},"rotation":{"origin":[5.3875,12.075,8.0],"angle":-45.0,"axis":"z"}},{"from":[11.8125,11.3125,8.05],"to":[12.012501,11.8375,8.95],"faces":{"east":{"uv":[9.90625,4.0,9.0,4.53125],"tintindex":0,"rotation":0,"texture":"#1"},"south":{"uv":[8.5,9.5,8.6875,10.03125],"tintindex":0,"rotation":0,"texture":"#1"},"north":{"uv":[8.6875,9.5,8.5,10.03125],"tintindex":0,"rotation":0,"texture":"#1"},"west":{"uv":[4.90625,9.0,4.0,9.53125],"tintindex":0,"rotation":0,"texture":"#1"},"up":{"uv":[9.0,8.90625,9.1875,8.0],"tintindex":0,"rotation":0,"texture":"#1"},"down":{"uv":[9.0,9.0,9.1875,9.90625],"tintindex":0,"rotation":0,"texture":"#1"}},"rotation":{"origin":[11.4125,12.075,8.0],"angle":45.0,"axis":"z"}}],"display":{"gui":{"rotation":[30,225,0]}}}