{"textures":{"0":"modelengine:entity/nagamyrmidon"},"elements":[{"from":[6.4504223,4.969825,7.9289556],"to":[13.068991,12.415714,14.5475235],"faces":{"east":{"uv":[12.0,7.0,12.5,6.5],"tintindex":0,"rotation":270,"texture":"#0"},"south":{"uv":[0.0,8.75,0.5,9.25],"tintindex":0,"rotation":0,"texture":"#0"},"north":{"uv":[7.25,9.5,7.75,10.0],"tintindex":0,"rotation":0,"texture":"#0"},"west":{"uv":[0.5,8.75,1.0,9.25],"tintindex":0,"rotation":270,"texture":"#0"},"up":{"uv":[6.75,9.5,7.25,10.0],"tintindex":0,"rotation":0,"texture":"#0"},"down":{"uv":[13.5,0.0,14.0,0.5],"tintindex":0,"rotation":0,"texture":"#0"}},"rotation":{"origin":[7.6204934,4.969696,15.032229],"angle":22.5,"axis":"y"}},{"from":[6.9998684,12.4235935,8.648331],"to":[7.0024953,18.21484,14.439578],"faces":{"east":{"uv":[4.25,10.0,4.75,9.5],"tintindex":0,"rotation":90,"texture":"#0"},"west":{"uv":[4.25,9.5,4.75,10.0],"tintindex":0,"rotation":90,"texture":"#0"}},"rotation":{"origin":[7.0,18.0,8.0],"angle":22.5,"axis":"y"}}],"display":{"gui":{"rotation":[30,225,0]}}}