{"textures":{"0":"modelengine:entity/nagamyrmidon"},"elements":[{"from":[3.9998689,-2.861023E-6,10.0],"to":[12.273079,9.100529,19.100533],"faces":{"east":{"uv":[12.0,10.0,11.25,10.75],"tintindex":0,"rotation":0,"texture":"#0"},"south":{"uv":[4.5,11.0,5.25,11.75],"tintindex":0,"rotation":0,"texture":"#0"},"north":{"uv":[2.25,10.0,3.0,10.75],"tintindex":0,"rotation":0,"texture":"#0"},"west":{"uv":[5.25,11.0,6.0,11.75],"tintindex":0,"rotation":0,"texture":"#0"},"up":{"uv":[6.0,11.0,6.75,11.75],"tintindex":0,"rotation":0,"texture":"#0"},"down":{"uv":[1.5,10.0,2.25,10.75],"tintindex":0,"rotation":0,"texture":"#0"}},"rotation":{"origin":[4.0,0.0,10.0],"angle":-45.0,"axis":"x"}}],"display":{"gui":{"rotation":[30,225,0]}}}