{"textures":{"0":"modelengine:entity/megalodon"},"elements":[{"from":[-0.5737858,0.77029896,-6.1795692],"to":[15.679751,20.242357,-4.033889],"faces":{"east":{"uv":[6.75,8.3125,6.90625,9.6875],"tintindex":0,"rotation":0,"texture":"#0"},"south":{"uv":[3.5,3.40625,4.625,4.78125],"tintindex":0,"rotation":0,"texture":"#0"},"north":{"uv":[2.75,0.0,3.9375,1.375],"tintindex":0,"rotation":0,"texture":"#0"},"west":{"uv":[7.46875,8.6875,7.625,10.0625],"tintindex":0,"rotation":0,"texture":"#0"},"up":{"uv":[3.875,2.03125,2.75,1.875],"tintindex":0,"rotation":0,"texture":"#0"},"down":{"uv":[9.65625,1.09375,8.53125,1.25],"tintindex":0,"rotation":0,"texture":"#0"}}},{"from":[-1.0297432,0.39480448,-4.087531],"to":[16.13571,20.242357,15.223602],"faces":{"east":{"uv":[0.0,2.03125,1.34375,3.40625],"tintindex":0,"rotation":0,"texture":"#0"},"south":{"uv":[2.75,0.0,3.9375,1.375],"tintindex":0,"rotation":0,"texture":"#0"},"north":{"uv":[2.6875,2.03125,3.875,3.40625],"tintindex":0,"rotation":0,"texture":"#0"},"west":{"uv":[1.34375,2.03125,2.6875,3.40625],"tintindex":0,"rotation":0,"texture":"#0"},"up":{"uv":[1.1875,4.75,0.0,3.40625],"tintindex":0,"rotation":0,"texture":"#0"},"down":{"uv":[2.375,3.40625,1.1875,4.75],"tintindex":0,"rotation":0,"texture":"#0"}}},{"from":[15.152271,7.243105,-5.616329],"to":[15.956902,10.461627,-2.3978062],"faces":{"east":{"uv":[8.09375,3.15625,8.3125,3.375],"tintindex":0,"rotation":0,"texture":"#0"},"south":{"uv":[9.71875,9.40625,9.78125,9.625],"tintindex":0,"rotation":0,"texture":"#0"},"north":{"uv":[2.625,8.65625,2.6875,8.875],"tintindex":0,"rotation":0,"texture":"#0"},"west":{"uv":[2.6875,8.28125,2.90625,8.5],"tintindex":0,"rotation":0,"texture":"#0"},"up":{"uv":[7.375,10.34375,7.3125,10.125],"tintindex":0,"rotation":0,"texture":"#0"},"down":{"uv":[7.4375,10.125,7.375,10.34375],"tintindex":0,"rotation":0,"texture":"#0"}},"rotation":{"origin":[15.465183,8.888127,-5.2944756],"angle":22.5,"axis":"y"}},{"from":[0.27096796,1.0921516,8.078204],"to":[3.1676378,6.134503,10.384811],"faces":{"east":{"uv":[10.0,5.96875,10.15625,6.3125],"tintindex":0,"rotation":0,"texture":"#0"},"south":{"uv":[1.28125,9.96875,1.46875,10.3125],"tintindex":0,"rotation":0,"texture":"#0"},"north":{"uv":[9.9375,8.9375,10.125,9.28125],"tintindex":0,"rotation":0,"texture":"#0"},"west":{"uv":[10.0,6.71875,10.15625,7.0625],"tintindex":0,"rotation":0,"texture":"#0"},"up":{"uv":[2.125,10.1875,1.9375,10.03125],"tintindex":0,"rotation":0,"texture":"#0"},"down":{"uv":[10.21875,7.15625,10.03125,7.3125],"tintindex":0,"rotation":0,"texture":"#0"}},"rotation":{"origin":[-3.080637,-2.233655,7.187008],"angle":-45.0,"axis":"y"}},{"from":[11.938328,1.0921516,8.078204],"to":[14.834998,6.134503,10.384811],"faces":{"east":{"uv":[10.0,4.0625,10.15625,4.40625],"tintindex":0,"rotation":0,"texture":"#0"},"south":{"uv":[2.5,9.84375,2.6875,10.1875],"tintindex":0,"rotation":0,"texture":"#0"},"north":{"uv":[1.0,9.84375,1.1875,10.1875],"tintindex":0,"rotation":0,"texture":"#0"},"west":{"uv":[10.0,5.625,10.15625,5.96875],"tintindex":0,"rotation":0,"texture":"#0"},"up":{"uv":[2.5,9.40625,2.3125,9.25],"tintindex":0,"rotation":0,"texture":"#0"},"down":{"uv":[10.21875,0.75,10.03125,0.90625],"tintindex":0,"rotation":0,"texture":"#0"}},"rotation":{"origin":[18.186604,-2.233655,7.187008],"angle":45.0,"axis":"y"}},{"from":[14.752043,1.145793,6.1857247],"to":[18.07785,6.2954283,11.818139],"faces":{"east":{"uv":[9.28125,8.5625,9.6875,8.9375],"tintindex":0,"rotation":0,"texture":"#0"},"south":{"uv":[4.46875,9.78125,4.6875,10.15625],"tintindex":0,"rotation":0,"texture":"#0"},"north":{"uv":[4.25,9.78125,4.46875,10.15625],"tintindex":0,"rotation":0,"texture":"#0"},"west":{"uv":[2.6875,9.40625,3.09375,9.78125],"tintindex":0,"rotation":0,"texture":"#0"},"up":{"uv":[1.71875,10.1875,1.5,9.78125],"tintindex":0,"rotation":0,"texture":"#0"},"down":{"uv":[2.90625,9.78125,2.6875,10.1875],"tintindex":0,"rotation":0,"texture":"#0"}}},{"from":[21.66084,-1.9654446,-6.125927],"to":[26.917759,3.2914743,-4.087531],"faces":{"east":{"uv":[10.0,1.625,10.15625,2.0],"tintindex":0,"rotation":0,"texture":"#0"},"south":{"uv":[9.40625,9.625,9.78125,10.0],"tintindex":0,"rotation":0,"texture":"#0"},"north":{"uv":[9.03125,9.625,9.40625,10.0],"tintindex":0,"rotation":0,"texture":"#0"},"west":{"uv":[10.0,2.34375,10.15625,2.71875],"tintindex":0,"rotation":0,"texture":"#0"},"up":{"uv":[10.28125,3.6875,9.90625,3.53125],"tintindex":0,"rotation":0,"texture":"#0"},"down":{"uv":[10.34375,8.0,9.96875,8.15625],"tintindex":0,"rotation":0,"texture":"#0"}},"rotation":{"origin":[1.652359,-2.2872972,-16.96162],"angle":45.0,"axis":"z"}},{"from":[-11.811792,-1.9654446,-6.125927],"to":[-6.5548725,3.2914743,-4.087531],"faces":{"east":{"uv":[0.4375,9.875,0.59375,10.25],"tintindex":0,"rotation":0,"texture":"#0"},"south":{"uv":[2.3125,9.40625,2.6875,9.84375],"tintindex":0,"rotation":0,"texture":"#0"},"north":{"uv":[6.90625,9.4375,7.28125,9.8125],"tintindex":0,"rotation":0,"texture":"#0"},"west":{"uv":[10.0,1.25,10.15625,1.625],"tintindex":0,"rotation":0,"texture":"#0"},"up":{"uv":[1.125,8.53125,0.75,8.375],"tintindex":0,"rotation":0,"texture":"#0"},"down":{"uv":[10.28125,3.375,9.90625,3.53125],"tintindex":0,"rotation":0,"texture":"#0"}},"rotation":{"origin":[13.453608,-2.2872972,-16.96162],"angle":-45.0,"axis":"z"}},{"from":[21.607197,-2.1800137,-3.5511112],"to":[26.971401,4.257031,14.687182],"faces":{"east":{"uv":[6.375,5.65625,7.65625,6.09375],"tintindex":0,"rotation":0,"texture":"#0"},"south":{"uv":[9.28125,2.34375,9.65625,2.78125],"tintindex":0,"rotation":0,"texture":"#0"},"north":{"uv":[1.9375,9.25,2.3125,9.6875],"tintindex":0,"rotation":0,"texture":"#0"},"west":{"uv":[6.46875,2.96875,7.75,3.40625],"tintindex":0,"rotation":0,"texture":"#0"},"up":{"uv":[1.125,8.375,0.75,7.09375],"tintindex":0,"rotation":0,"texture":"#0"},"down":{"uv":[7.46875,3.40625,7.09375,4.6875],"tintindex":0,"rotation":0,"texture":"#0"}},"rotation":{"origin":[1.652359,-2.2872972,-16.96162],"angle":45.0,"axis":"z"}},{"from":[-11.865435,-2.1800137,-3.5511112],"to":[-6.5012302,4.257031,14.687182],"faces":{"east":{"uv":[6.84375,0.0,8.125,0.4375],"tintindex":0,"rotation":0,"texture":"#0"},"south":{"uv":[2.3125,9.40625,2.6875,9.84375],"tintindex":0,"rotation":0,"texture":"#0"},"north":{"uv":[9.375,6.0625,9.75,6.5],"tintindex":0,"rotation":0,"texture":"#0"},"west":{"uv":[1.25,6.84375,2.53125,7.28125],"tintindex":0,"rotation":0,"texture":"#0"},"up":{"uv":[7.5625,1.71875,7.1875,0.4375],"tintindex":0,"rotation":0,"texture":"#0"},"down":{"uv":[1.5,7.28125,1.125,8.5625],"tintindex":0,"rotation":0,"texture":"#0"}},"rotation":{"origin":[13.453608,-2.2872972,-16.96162],"angle":-45.0,"axis":"z"}},{"from":[-2.9718838,1.145793,6.1857247],"to":[0.3539238,6.2954283,11.818139],"faces":{"east":{"uv":[9.40625,2.78125,9.8125,3.15625],"tintindex":0,"rotation":0,"texture":"#0"},"south":{"uv":[4.90625,9.78125,5.125,10.15625],"tintindex":0,"rotation":0,"texture":"#0"},"north":{"uv":[4.6875,9.78125,4.90625,10.15625],"tintindex":0,"rotation":0,"texture":"#0"},"west":{"uv":[9.40625,7.625,9.8125,8.0],"tintindex":0,"rotation":0,"texture":"#0"},"up":{"uv":[4.03125,10.1875,3.8125,9.78125],"tintindex":0,"rotation":0,"texture":"#0"},"down":{"uv":[4.25,9.78125,4.03125,10.1875],"tintindex":0,"rotation":0,"texture":"#0"}}}],"display":{"gui":{"rotation":[30,225,0]}}}