{"textures":{"0":"modelengine:entity/megalodon"},"elements":[{"from":[7.555708,8.233301,5.2221947],"to":[10.2914505,12.578306,18.096281],"faces":{"east":{"uv":[10.0,9.90625,10.3125,10.0],"tintindex":0,"rotation":0,"texture":"#0"},"south":{"uv":[1.96875,8.15625,2.03125,8.25],"tintindex":0,"rotation":0,"texture":"#0"},"north":{"uv":[1.90625,8.15625,1.96875,8.25],"tintindex":0,"rotation":0,"texture":"#0"},"west":{"uv":[10.0,10.0,10.3125,10.09375],"tintindex":0,"rotation":0,"texture":"#0"},"up":{"uv":[10.0625,10.40625,10.0,10.09375],"tintindex":0,"rotation":0,"texture":"#0"},"down":{"uv":[10.125,10.09375,10.0625,10.40625],"tintindex":0,"rotation":0,"texture":"#0"}}}],"display":{"gui":{"rotation":[30,225,0]}}}