{"textures":{"0":"modelengine:entity/megalodon"},"elements":[{"from":[7.8239193,9.172037,3.344719],"to":[10.559662,13.517042,16.218811],"faces":{"east":{"uv":[8.96875,2.34375,9.28125,2.4375],"tintindex":0,"rotation":0,"texture":"#0"},"south":{"uv":[7.46875,7.65625,7.53125,7.75],"tintindex":0,"rotation":0,"texture":"#0"},"north":{"uv":[4.90625,1.28125,4.96875,1.375],"tintindex":0,"rotation":0,"texture":"#0"},"west":{"uv":[9.46875,10.0,9.78125,10.09375],"tintindex":0,"rotation":0,"texture":"#0"},"up":{"uv":[9.59375,10.40625,9.53125,10.09375],"tintindex":0,"rotation":0,"texture":"#0"},"down":{"uv":[9.65625,10.09375,9.59375,10.40625],"tintindex":0,"rotation":0,"texture":"#0"}}}],"display":{"gui":{"rotation":[30,225,0]}}}