{"textures":{"0":"modelengine:entity/megalodon"},"elements":[{"from":[7.555708,8.233301,5.490402],"to":[10.2914505,12.578306,18.364494],"faces":{"east":{"uv":[10.0,9.71875,10.3125,9.8125],"tintindex":0,"rotation":0,"texture":"#0"},"south":{"uv":[1.84375,8.15625,1.90625,8.25],"tintindex":0,"rotation":0,"texture":"#0"},"north":{"uv":[3.53125,8.03125,3.59375,8.125],"tintindex":0,"rotation":0,"texture":"#0"},"west":{"uv":[10.0,9.8125,10.3125,9.90625],"tintindex":0,"rotation":0,"texture":"#0"},"up":{"uv":[9.71875,10.40625,9.65625,10.09375],"tintindex":0,"rotation":0,"texture":"#0"},"down":{"uv":[9.78125,10.09375,9.71875,10.40625],"tintindex":0,"rotation":0,"texture":"#0"}}}],"display":{"gui":{"rotation":[30,225,0]}}}