{"textures":{"0":"modelengine:entity/megalodon"},"elements":[{"from":[7.0461082,5.524378,14.07313],"to":[9.460001,15.179945,26.94722],"faces":{"east":{"uv":[8.1875,2.5,8.5,2.71875],"tintindex":0,"rotation":0,"texture":"#0"},"south":{"uv":[10.15625,0.4375,10.21875,0.65625],"tintindex":0,"rotation":0,"texture":"#0"},"north":{"uv":[10.15625,0.21875,10.21875,0.4375],"tintindex":0,"rotation":0,"texture":"#0"},"west":{"uv":[0.6875,9.84375,1.0,10.0625],"tintindex":0,"rotation":0,"texture":"#0"},"up":{"uv":[10.15625,9.6875,10.09375,9.375],"tintindex":0,"rotation":0,"texture":"#0"},"down":{"uv":[9.53125,10.09375,9.46875,10.40625],"tintindex":0,"rotation":0,"texture":"#0"}}},{"from":[7.0461082,5.4439163,4.4175625],"to":[9.460001,15.099482,14.07313],"faces":{"east":{"uv":[7.625,8.6875,7.84375,8.90625],"tintindex":0,"rotation":0,"texture":"#0"},"south":{"uv":[10.125,8.9375,10.1875,9.15625],"tintindex":0,"rotation":0,"texture":"#0"},"north":{"uv":[10.125,8.5,10.1875,8.71875],"tintindex":0,"rotation":0,"texture":"#0"},"west":{"uv":[10.0,2.9375,10.21875,3.15625],"tintindex":0,"rotation":0,"texture":"#0"},"up":{"uv":[10.1875,10.3125,10.125,10.09375],"tintindex":0,"rotation":0,"texture":"#0"},"down":{"uv":[10.21875,0.0,10.15625,0.21875],"tintindex":0,"rotation":0,"texture":"#0"}}}],"display":{"gui":{"rotation":[30,225,0]}}}