{"textures":{"0":"modelengine:entity/megalodon"},"elements":[{"from":[7.5366883,5.7643404,-2.0843697],"to":[8.502245,13.124029,13.203612],"faces":{"east":{"uv":[2.75,1.375,3.8125,1.875],"tintindex":0,"rotation":0,"texture":"#0"},"south":{"uv":[5.78125,9.78125,5.84375,10.28125],"tintindex":0,"rotation":0,"texture":"#0"},"north":{"uv":[3.8125,1.375,3.875,1.875],"tintindex":0,"rotation":0,"texture":"#0"},"west":{"uv":[2.53125,6.84375,3.59375,7.34375],"tintindex":0,"rotation":0,"texture":"#0"},"up":{"uv":[8.4375,10.5,8.375,9.4375],"tintindex":0,"rotation":0,"texture":"#0"},"down":{"uv":[8.03125,9.71875,7.96875,10.78125],"tintindex":0,"rotation":0,"texture":"#0"}},"rotation":{"origin":[3.88903,7.3789673,9.931447],"angle":45.0,"axis":"x"}},{"from":[7.7512565,-5.212969,4.3637104],"to":[8.287677,7.307083,11.916509],"faces":{"east":{"uv":[1.5,7.28125,2.03125,8.15625],"tintindex":0,"rotation":0,"texture":"#0"},"south":{"uv":[8.09375,9.71875,8.125,10.59375],"tintindex":0,"rotation":0,"texture":"#0"},"north":{"uv":[7.28125,9.4375,7.3125,10.3125],"tintindex":0,"rotation":0,"texture":"#0"},"west":{"uv":[3.59375,7.28125,4.125,8.15625],"tintindex":0,"rotation":0,"texture":"#0"},"up":{"uv":[5.90625,7.84375,5.875,7.3125],"tintindex":0,"rotation":0,"texture":"#0"},"down":{"uv":[1.5,9.96875,1.46875,10.5],"tintindex":0,"rotation":0,"texture":"#0"}},"rotation":{"origin":[4.039228,-13.677681,16.218601],"angle":22.5,"axis":"x"}},{"from":[7.5903306,-3.3891392,-9.31501],"to":[8.448603,6.448809,3.6019926],"faces":{"east":{"uv":[5.25,6.1875,6.15625,6.875],"tintindex":0,"rotation":0,"texture":"#0"},"south":{"uv":[3.53125,7.34375,3.59375,8.03125],"tintindex":0,"rotation":0,"texture":"#0"},"north":{"uv":[4.5625,2.65625,4.625,3.34375],"tintindex":0,"rotation":0,"texture":"#0"},"west":{"uv":[6.15625,6.1875,7.0625,6.875],"tintindex":0,"rotation":0,"texture":"#0"},"up":{"uv":[8.09375,10.625,8.03125,9.71875],"tintindex":0,"rotation":0,"texture":"#0"},"down":{"uv":[1.78125,9.78125,1.71875,10.6875],"tintindex":0,"rotation":0,"texture":"#0"}},"rotation":{"origin":[4.039228,-13.677681,16.218601],"angle":22.5,"axis":"x"}},{"from":[8.019466,5.4192605,-7.6402206],"to":[8.019466,12.517889,-1.685955],"faces":{"east":{"uv":[6.90625,8.9375,7.3125,9.4375],"tintindex":0,"rotation":0,"texture":"#0"},"west":{"uv":[3.4375,9.09375,3.84375,9.59375],"tintindex":0,"rotation":0,"texture":"#0"}}},{"from":[8.019466,-4.261463,5.6229506],"to":[8.019466,24.977024,25.209446],"faces":{"east":{"uv":[0.0,0.0,1.375,2.03125],"tintindex":0,"rotation":0,"texture":"#0"},"west":{"uv":[1.375,0.0,2.75,2.03125],"tintindex":0,"rotation":0,"texture":"#0"}}}],"display":{"gui":{"rotation":[30,225,0]}}}