{"textures":{"0":"modelengine:entity/megalodon"},"elements":[{"from":[0.7979746,8.53069,-0.98993206],"to":[13.672064,14.377672,1.4776025],"faces":{"east":{"uv":[2.90625,9.78125,3.09375,10.1875],"tintindex":0,"rotation":0,"texture":"#0"},"south":{"uv":[7.6875,6.375,8.59375,6.78125],"tintindex":0,"rotation":0,"texture":"#0"},"north":{"uv":[7.5625,1.25,8.46875,1.65625],"tintindex":0,"rotation":0,"texture":"#0"},"west":{"uv":[9.8125,2.6875,10.0,3.09375],"tintindex":0,"rotation":0,"texture":"#0"},"up":{"uv":[10.15625,5.4375,9.25,5.25],"tintindex":0,"rotation":0,"texture":"#0"},"down":{"uv":[10.15625,5.4375,9.25,5.625],"tintindex":0,"rotation":0,"texture":"#0"}},"rotation":{"origin":[7.235019,-1.6612968,-2.0627728],"angle":-45.0,"axis":"x"}},{"from":[0.71751213,5.6757207,-4.2750854],"to":[13.752527,12.059124,12.1393795],"faces":{"east":{"uv":[3.59375,6.84375,4.75,7.28125],"tintindex":0,"rotation":0,"texture":"#0"},"south":{"uv":[7.53125,7.3125,8.4375,7.75],"tintindex":0,"rotation":0,"texture":"#0"},"north":{"uv":[7.53125,6.875,8.4375,7.3125],"tintindex":0,"rotation":0,"texture":"#0"},"west":{"uv":[4.75,6.875,5.90625,7.3125],"tintindex":0,"rotation":0,"texture":"#0"},"up":{"uv":[2.90625,5.9375,2.0,4.78125],"tintindex":0,"rotation":0,"texture":"#0"},"down":{"uv":[3.8125,4.78125,2.90625,5.9375],"tintindex":0,"rotation":0,"texture":"#0"}},"rotation":{"origin":[7.235019,-4.569908,-7.922743],"angle":-22.5,"axis":"x"}},{"from":[-0.4626131,0.5321207,4.356201],"to":[14.9326515,18.984982,8.164784],"faces":{"east":{"uv":[6.90625,7.65625,7.1875,8.9375],"tintindex":0,"rotation":0,"texture":"#0"},"south":{"uv":[2.75,0.0,3.9375,1.375],"tintindex":0,"rotation":0,"texture":"#0"},"north":{"uv":[4.625,2.65625,5.6875,3.9375],"tintindex":0,"rotation":0,"texture":"#0"},"west":{"uv":[7.1875,7.65625,7.46875,8.9375],"tintindex":0,"rotation":0,"texture":"#0"},"up":{"uv":[9.0,5.375,7.9375,5.09375],"tintindex":0,"rotation":0,"texture":"#0"},"down":{"uv":[9.375,3.15625,8.3125,3.4375],"tintindex":0,"rotation":0,"texture":"#0"}}},{"from":[5.2234426,11.117482,-4.7808256],"to":[8.799579,16.696255,-1.5086622],"faces":{"east":{"uv":[5.5625,9.78125,5.78125,10.15625],"tintindex":0,"rotation":0,"texture":"#0"},"south":{"uv":[9.75,5.96875,10.0,6.34375],"tintindex":0,"rotation":0,"texture":"#0"},"north":{"uv":[3.875,8.15625,4.125,8.53125],"tintindex":0,"rotation":0,"texture":"#0"},"west":{"uv":[6.09375,9.78125,6.3125,10.15625],"tintindex":0,"rotation":0,"texture":"#0"},"up":{"uv":[4.125,8.75,3.875,8.53125],"tintindex":0,"rotation":0,"texture":"#0"},"down":{"uv":[10.25,2.71875,10.0,2.9375],"tintindex":0,"rotation":0,"texture":"#0"}},"rotation":{"origin":[1.3343954,14.157198,0.6012573],"angle":22.5,"axis":"x"}},{"from":[2.9883575,17.876379,-7.355644],"to":[11.481681,23.455153,-4.083479],"faces":{"east":{"uv":[5.125,9.78125,5.34375,10.15625],"tintindex":0,"rotation":0,"texture":"#0"},"south":{"uv":[3.875,8.75,4.46875,9.125],"tintindex":0,"rotation":0,"texture":"#0"},"north":{"uv":[5.75,1.96875,6.34375,2.34375],"tintindex":0,"rotation":0,"texture":"#0"},"west":{"uv":[5.34375,9.78125,5.5625,10.15625],"tintindex":0,"rotation":0,"texture":"#0"},"up":{"uv":[0.59375,9.875,0.0,9.65625],"tintindex":0,"rotation":0,"texture":"#0"},"down":{"uv":[10.25,1.03125,9.65625,1.25],"tintindex":0,"rotation":0,"texture":"#0"}},"rotation":{"origin":[1.3343954,-3.008254,-4.762945],"angle":22.5,"axis":"x"}},{"from":[1.6026058,7.5800133,-8.2445965],"to":[12.867434,13.212427,5.8096185],"faces":{"east":{"uv":[7.5625,0.4375,8.53125,0.84375],"tintindex":0,"rotation":0,"texture":"#0"},"south":{"uv":[8.1875,2.09375,8.96875,2.5],"tintindex":0,"rotation":0,"texture":"#0"},"north":{"uv":[8.125,0.0,8.90625,0.40625],"tintindex":0,"rotation":0,"texture":"#0"},"west":{"uv":[7.5625,0.84375,8.53125,1.25],"tintindex":0,"rotation":0,"texture":"#0"},"up":{"uv":[6.375,6.1875,5.59375,5.21875],"tintindex":0,"rotation":0,"texture":"#0"},"down":{"uv":[6.46875,2.4375,5.6875,3.40625],"tintindex":0,"rotation":0,"texture":"#0"}}},{"from":[2.317833,13.799584,-2.9927578],"to":[12.152206,19.378357,0.27940607],"faces":{"east":{"uv":[9.78125,9.40625,10.0,9.78125],"tintindex":0,"rotation":0,"texture":"#0"},"south":{"uv":[8.59375,8.5625,9.28125,8.9375],"tintindex":0,"rotation":0,"texture":"#0"},"north":{"uv":[8.59375,6.0625,9.28125,6.4375],"tintindex":0,"rotation":0,"texture":"#0"},"west":{"uv":[9.78125,9.78125,10.0,10.15625],"tintindex":0,"rotation":0,"texture":"#0"},"up":{"uv":[9.71875,9.625,9.03125,9.40625],"tintindex":0,"rotation":0,"texture":"#0"},"down":{"uv":[0.6875,9.4375,0.0,9.65625],"tintindex":0,"rotation":0,"texture":"#0"}},"rotation":{"origin":[1.3343954,14.157198,0.6012573],"angle":22.5,"axis":"x"}},{"from":[1.0661855,-2.8658552,2.8436584],"to":[13.403854,7.0042796,7.0813804],"faces":{"east":{"uv":[1.5,9.09375,1.78125,9.78125],"tintindex":0,"rotation":0,"texture":"#0"},"south":{"uv":[6.46875,2.28125,7.34375,2.96875],"tintindex":0,"rotation":0,"texture":"#0"},"north":{"uv":[6.375,4.96875,7.25,5.65625],"tintindex":0,"rotation":0,"texture":"#0"},"west":{"uv":[6.09375,9.09375,6.375,9.78125],"tintindex":0,"rotation":0,"texture":"#0"},"up":{"uv":[9.3125,7.75,8.4375,7.46875],"tintindex":0,"rotation":0,"texture":"#0"},"down":{"uv":[9.40625,2.84375,8.53125,3.125],"tintindex":0,"rotation":0,"texture":"#0"}},"rotation":{"origin":[7.235019,2.9811268,-6.060919],"angle":-22.5,"axis":"x"}},{"from":[5.2681446,18.14459,1.298604],"to":[8.397264,23.186941,4.0343475],"faces":{"east":{"uv":[3.34375,9.96875,3.53125,10.3125],"tintindex":0,"rotation":0,"texture":"#0"},"south":{"uv":[7.0625,9.8125,7.28125,10.15625],"tintindex":0,"rotation":0,"texture":"#0"},"north":{"uv":[6.84375,9.8125,7.0625,10.15625],"tintindex":0,"rotation":0,"texture":"#0"},"west":{"uv":[3.53125,9.96875,3.71875,10.3125],"tintindex":0,"rotation":0,"texture":"#0"},"up":{"uv":[5.46875,6.1875,5.25,6.0],"tintindex":0,"rotation":0,"texture":"#0"},"down":{"uv":[10.21875,4.40625,10.0,4.59375],"tintindex":0,"rotation":0,"texture":"#0"}},"rotation":{"origin":[1.3343954,14.157198,0.6012573],"angle":22.5,"axis":"x"}}],"display":{"gui":{"rotation":[30,225,0]}}}