{"textures":{"0":"modelengine:entity/megalodon"},"elements":[{"from":[-0.38914585,7.231557,-4.626911],"to":[16.508095,12.863971,11.868015],"faces":{"east":{"uv":[9.125,8.9375,9.90625,9.1875],"tintindex":0,"rotation":0,"texture":"#0"},"south":{"uv":[2.59375,9.15625,3.375,9.40625],"tintindex":0,"rotation":0,"texture":"#0"},"north":{"uv":[9.125,3.4375,9.90625,3.6875],"tintindex":0,"rotation":0,"texture":"#0"},"west":{"uv":[0.0,9.1875,0.78125,9.4375],"tintindex":0,"rotation":0,"texture":"#0"},"up":{"uv":[7.09375,4.1875,6.3125,3.40625],"tintindex":0,"rotation":0,"texture":"#0"},"down":{"uv":[7.09375,4.1875,6.3125,4.96875],"tintindex":0,"rotation":0,"texture":"#0"}}},{"from":[0.21432686,6.2506495,-4.2863693],"to":[15.904622,11.158896,-1.8724785],"faces":{"east":{"uv":[7.09375,4.6875,7.21875,4.90625],"tintindex":0,"rotation":0,"texture":"#0"},"south":{"uv":[9.28125,1.25,10.0,1.46875],"tintindex":0,"rotation":0,"texture":"#0"},"north":{"uv":[4.96875,2.4375,5.6875,2.65625],"tintindex":0,"rotation":0,"texture":"#0"},"west":{"uv":[8.46875,6.0625,8.59375,6.28125],"tintindex":0,"rotation":0,"texture":"#0"},"up":{"uv":[10.40625,4.0625,9.6875,3.9375],"tintindex":0,"rotation":0,"texture":"#0"},"down":{"uv":[10.40625,7.46875,9.6875,7.59375],"tintindex":0,"rotation":0,"texture":"#0"}},"rotation":{"origin":[8.300863,-7.99131,-2.5966454],"angle":-22.5,"axis":"x"}},{"from":[-0.99261856,2.776733,-0.54619217],"to":[17.111568,10.742576,10.396782],"faces":{"east":{"uv":[3.84375,9.125,4.34375,9.5],"tintindex":0,"rotation":0,"texture":"#0"},"south":{"uv":[1.84375,8.28125,2.6875,8.65625],"tintindex":0,"rotation":0,"texture":"#0"},"north":{"uv":[7.84375,8.1875,8.6875,8.5625],"tintindex":0,"rotation":0,"texture":"#0"},"west":{"uv":[0.78125,9.1875,1.28125,9.5625],"tintindex":0,"rotation":0,"texture":"#0"},"up":{"uv":[8.1875,2.71875,7.34375,2.21875],"tintindex":0,"rotation":0,"texture":"#0"},"down":{"uv":[8.3125,3.40625,7.46875,3.90625],"tintindex":0,"rotation":0,"texture":"#0"}}},{"from":[0.013169289,-0.25265694,-7.172394],"to":[16.10578,5.5406833,0.23020554],"faces":{"east":{"uv":[7.25,5.375,7.59375,5.65625],"tintindex":0,"rotation":0,"texture":"#0"},"south":{"uv":[7.625,8.90625,8.375,9.1875],"tintindex":0,"rotation":0,"texture":"#0"},"north":{"uv":[0.75,8.90625,1.5,9.1875],"tintindex":0,"rotation":0,"texture":"#0"},"west":{"uv":[9.6875,7.1875,10.03125,7.46875],"tintindex":0,"rotation":0,"texture":"#0"},"up":{"uv":[9.28125,2.84375,8.53125,2.5],"tintindex":0,"rotation":0,"texture":"#0"},"down":{"uv":[3.4375,8.53125,2.6875,8.875],"tintindex":0,"rotation":0,"texture":"#0"}},"rotation":{"origin":[8.300863,5.902564,-6.7402687],"angle":22.5,"axis":"x"}},{"from":[-0.5903034,6.2506495,-1.8724785],"to":[16.709251,11.963527,3.4380836],"faces":{"east":{"uv":[9.75,4.9375,10.0,5.21875],"tintindex":0,"rotation":0,"texture":"#0"},"south":{"uv":[2.625,8.875,3.4375,9.15625],"tintindex":0,"rotation":0,"texture":"#0"},"north":{"uv":[8.84375,1.59375,9.65625,1.875],"tintindex":0,"rotation":0,"texture":"#0"},"west":{"uv":[9.8125,7.59375,10.0625,7.875],"tintindex":0,"rotation":0,"texture":"#0"},"up":{"uv":[5.28125,9.34375,4.46875,9.09375],"tintindex":0,"rotation":0,"texture":"#0"},"down":{"uv":[6.09375,9.09375,5.28125,9.34375],"tintindex":0,"rotation":0,"texture":"#0"}},"rotation":{"origin":[8.300863,-7.99131,-2.5966454],"angle":-22.5,"axis":"x"}},{"from":[0.013169289,-1.9960222,1.5444374],"to":[16.10578,3.797317,8.947037],"faces":{"east":{"uv":[9.71875,2.0625,10.0625,2.34375],"tintindex":0,"rotation":0,"texture":"#0"},"south":{"uv":[9.0,4.96875,9.75,5.25],"tintindex":0,"rotation":0,"texture":"#0"},"north":{"uv":[8.96875,2.0625,9.71875,2.34375],"tintindex":0,"rotation":0,"texture":"#0"},"west":{"uv":[7.625,9.71875,7.96875,10.0],"tintindex":0,"rotation":0,"texture":"#0"},"up":{"uv":[9.3125,4.46875,8.5625,4.125],"tintindex":0,"rotation":0,"texture":"#0"},"down":{"uv":[8.59375,8.5625,7.84375,8.90625],"tintindex":0,"rotation":0,"texture":"#0"}}},{"from":[-0.791461,5.3797574,-7.172394],"to":[16.91041,12.782358,0.23020554],"faces":{"east":{"uv":[6.84375,0.4375,7.1875,0.78125],"tintindex":0,"rotation":0,"texture":"#0"},"south":{"uv":[8.4375,5.375,9.25,5.71875],"tintindex":0,"rotation":0,"texture":"#0"},"north":{"uv":[8.3125,3.4375,9.125,3.78125],"tintindex":0,"rotation":0,"texture":"#0"},"west":{"uv":[9.65625,1.46875,10.0,1.8125],"tintindex":0,"rotation":0,"texture":"#0"},"up":{"uv":[9.25,7.125,8.4375,6.78125],"tintindex":0,"rotation":0,"texture":"#0"},"down":{"uv":[9.25,7.125,8.4375,7.46875],"tintindex":0,"rotation":0,"texture":"#0"}},"rotation":{"origin":[8.300863,5.902564,-6.7402687],"angle":22.5,"axis":"x"}},{"from":[-0.65735626,11.8715925,-5.310848],"to":[16.776306,16.56527,10.781765],"faces":{"east":{"uv":[9.25,6.75,10.0,6.96875],"tintindex":0,"rotation":0,"texture":"#0"},"south":{"uv":[7.625,9.21875,8.4375,9.4375],"tintindex":0,"rotation":0,"texture":"#0"},"north":{"uv":[9.125,9.1875,9.9375,9.40625],"tintindex":0,"rotation":0,"texture":"#0"},"west":{"uv":[9.25,6.96875,10.0,7.1875],"tintindex":0,"rotation":0,"texture":"#0"},"up":{"uv":[7.1875,1.53125,6.375,0.78125],"tintindex":0,"rotation":0,"texture":"#0"},"down":{"uv":[7.1875,1.53125,6.375,2.28125],"tintindex":0,"rotation":0,"texture":"#0"}}},{"from":[0.68369484,10.999909,-3.567482],"to":[15.435255,15.693587,11.184078],"faces":{"east":{"uv":[9.34375,0.8125,10.03125,1.03125],"tintindex":0,"rotation":0,"texture":"#0"},"south":{"uv":[9.375,3.15625,10.0625,3.375],"tintindex":0,"rotation":0,"texture":"#0"},"north":{"uv":[9.3125,4.125,10.0,4.34375],"tintindex":0,"rotation":0,"texture":"#0"},"west":{"uv":[9.375,6.5,10.0625,6.71875],"tintindex":0,"rotation":0,"texture":"#0"},"up":{"uv":[4.5625,3.34375,3.875,2.65625],"tintindex":0,"rotation":0,"texture":"#0"},"down":{"uv":[7.9375,4.6875,7.25,5.375],"tintindex":0,"rotation":0,"texture":"#0"}}},{"from":[0.013169289,-0.25265694,-7.172394],"to":[16.10578,5.5406833,0.23020554],"faces":{"east":{"uv":[9.6875,8.5625,10.03125,8.84375],"tintindex":0,"rotation":0,"texture":"#0"},"south":{"uv":[1.84375,8.96875,2.59375,9.25],"tintindex":0,"rotation":0,"texture":"#0"},"north":{"uv":[8.375,8.9375,9.125,9.21875],"tintindex":0,"rotation":0,"texture":"#0"},"west":{"uv":[9.71875,0.375,10.0625,0.65625],"tintindex":0,"rotation":0,"texture":"#0"},"up":{"uv":[1.5,8.90625,0.75,8.5625],"tintindex":0,"rotation":0,"texture":"#0"},"down":{"uv":[9.3125,3.78125,8.5625,4.125],"tintindex":0,"rotation":0,"texture":"#0"}},"rotation":{"origin":[8.300863,5.902564,-6.7402687],"angle":22.5,"axis":"x"}}],"display":{"gui":{"rotation":[30,225,0]}}}