{"textures":{"0":"modelengine:entity/megalodon"},"elements":[{"from":[19.696373,8.465324,-13.205742],"to":[27.098972,10.302563,-5.883602],"faces":{"east":{"uv":[10.28125,9.28125,9.9375,9.375],"tintindex":0,"rotation":0,"texture":"#0"},"south":{"uv":[9.65625,4.34375,9.3125,4.4375],"tintindex":0,"rotation":0,"texture":"#0"},"north":{"uv":[8.375,6.78125,8.03125,6.875],"tintindex":0,"rotation":0,"texture":"#0"},"west":{"uv":[9.625,1.46875,9.28125,1.5625],"tintindex":0,"rotation":0,"texture":"#0"},"up":{"uv":[9.65625,5.96875,10.0,5.625],"tintindex":0,"rotation":0,"texture":"#0"},"down":{"uv":[1.9375,9.6875,2.28125,10.03125],"tintindex":0,"rotation":0,"texture":"#0"}},"rotation":{"origin":[3.365796,1.1431861,3.338932],"angle":-45.0,"axis":"y"}},{"from":[7.143709,8.304398,-5.682785],"to":[24.657833,10.383026,1.8002796],"faces":{"east":{"uv":[10.34375,4.59375,10.0,4.6875],"tintindex":0,"rotation":0,"texture":"#0"},"south":{"uv":[10.53125,0.65625,9.71875,0.75],"tintindex":0,"rotation":0,"texture":"#0"},"north":{"uv":[10.5,8.84375,9.6875,8.9375],"tintindex":0,"rotation":0,"texture":"#0"},"west":{"uv":[10.3125,8.15625,9.96875,8.25],"tintindex":0,"rotation":0,"texture":"#0"},"up":{"uv":[8.53125,0.75,9.34375,0.40625],"tintindex":0,"rotation":0,"texture":"#0"},"down":{"uv":[8.53125,0.75,9.34375,1.09375],"tintindex":0,"rotation":0,"texture":"#0"}},"rotation":{"origin":[3.365796,1.1431861,3.338932],"angle":-22.5,"axis":"y"}},{"from":[7.5992594,8.170293,3.139309],"to":[26.669003,10.570774,13.599506],"faces":{"east":{"uv":[10.34375,8.375,9.84375,8.5],"tintindex":0,"rotation":0,"texture":"#0"},"south":{"uv":[10.5625,3.8125,9.6875,3.9375],"tintindex":0,"rotation":0,"texture":"#0"},"north":{"uv":[10.5625,3.6875,9.6875,3.8125],"tintindex":0,"rotation":0,"texture":"#0"},"west":{"uv":[10.3125,7.875,9.8125,8.0],"tintindex":0,"rotation":0,"texture":"#0"},"up":{"uv":[5.0,7.8125,5.875,7.3125],"tintindex":0,"rotation":0,"texture":"#0"},"down":{"uv":[2.03125,7.34375,2.90625,7.84375],"tintindex":0,"rotation":0,"texture":"#0"}}}],"display":{"gui":{"rotation":[30,225,0]}}}