{"textures":{"0":"modelengine:entity/megalodon"},"elements":[{"from":[11.528801,16.934547,6.6142464],"to":[17.965847,23.371597,9.189068],"faces":{"east":{"uv":[2.5,9.25,2.5625,9.40625],"tintindex":0,"rotation":0,"texture":"#0"},"south":{"uv":[10.0625,2.15625,10.21875,2.3125],"tintindex":0,"rotation":0,"texture":"#0"},"north":{"uv":[10.0625,2.0,10.21875,2.15625],"tintindex":0,"rotation":0,"texture":"#0"},"west":{"uv":[10.15625,1.25,10.21875,1.40625],"tintindex":0,"rotation":0,"texture":"#0"},"up":{"uv":[7.34375,2.28125,7.1875,2.21875],"tintindex":0,"rotation":0,"texture":"#0"},"down":{"uv":[5.78125,7.8125,5.625,7.875],"tintindex":0,"rotation":0,"texture":"#0"}},"rotation":{"origin":[11.104916,16.300316,8.43808],"angle":-45.0,"axis":"z"}},{"from":[12.735748,2.317093,6.426502],"to":[16.7589,16.800446,9.645023],"faces":{"east":{"uv":[9.21875,10.09375,9.28125,10.4375],"tintindex":0,"rotation":0,"texture":"#0"},"south":{"uv":[10.0,9.375,10.09375,9.71875],"tintindex":0,"rotation":0,"texture":"#0"},"north":{"uv":[9.375,10.0,9.46875,10.34375],"tintindex":0,"rotation":0,"texture":"#0"},"west":{"uv":[9.28125,10.09375,9.34375,10.4375],"tintindex":0,"rotation":0,"texture":"#0"},"up":{"uv":[2.90625,8.28125,2.8125,8.21875],"tintindex":0,"rotation":0,"texture":"#0"},"down":{"uv":[8.40625,3.78125,8.3125,3.84375],"tintindex":0,"rotation":0,"texture":"#0"}},"rotation":{"origin":[11.104916,16.300316,8.43808],"angle":-45.0,"axis":"z"}},{"from":[13.701305,-13.292736,6.9361],"to":[15.981091,3.2826538,9.189068],"faces":{"east":{"uv":[7.46875,10.0625,7.53125,10.4375],"tintindex":0,"rotation":0,"texture":"#0"},"south":{"uv":[7.53125,10.0625,7.59375,10.4375],"tintindex":0,"rotation":0,"texture":"#0"},"north":{"uv":[2.21875,10.03125,2.28125,10.40625],"tintindex":0,"rotation":0,"texture":"#0"},"west":{"uv":[9.03125,10.09375,9.09375,10.46875],"tintindex":0,"rotation":0,"texture":"#0"},"up":{"uv":[8.46875,3.84375,8.40625,3.78125],"tintindex":0,"rotation":0,"texture":"#0"},"down":{"uv":[8.5,3.84375,8.4375,3.90625],"tintindex":0,"rotation":0,"texture":"#0"}},"rotation":{"origin":[11.104916,16.300316,8.43808],"angle":-45.0,"axis":"z"}}],"display":{"gui":{"rotation":[30,225,0]}}}