{"textures":{"0":"modelengine:entity/megalodon"},"elements":[{"from":[5.1978397,0.95884323,6.3750935],"to":[8.416361,2.246252,9.5936165],"faces":{"east":{"uv":[4.4375,5.9375,4.59375,6.0],"tintindex":0,"rotation":0,"texture":"#0"},"south":{"uv":[4.4375,6.78125,4.59375,6.84375],"tintindex":0,"rotation":0,"texture":"#0"},"north":{"uv":[4.75,1.28125,4.90625,1.34375],"tintindex":0,"rotation":0,"texture":"#0"},"west":{"uv":[4.59375,6.78125,4.75,6.84375],"tintindex":0,"rotation":0,"texture":"#0"},"up":{"uv":[8.71875,4.625,8.5625,4.46875],"tintindex":0,"rotation":0,"texture":"#0"},"down":{"uv":[10.1875,7.3125,10.03125,7.46875],"tintindex":0,"rotation":0,"texture":"#0"}},"rotation":{"origin":[26.5876,16.756424,7.984356],"angle":-22.5,"axis":"z"}},{"from":[15.24231,0.95884323,7.461344],"to":[23.530005,2.0853252,8.601238],"faces":{"east":{"uv":[6.84375,8.25,6.90625,8.3125],"tintindex":0,"rotation":0,"texture":"#0"},"south":{"uv":[4.25,3.34375,4.625,3.40625],"tintindex":0,"rotation":0,"texture":"#0"},"north":{"uv":[3.875,3.34375,4.25,3.40625],"tintindex":0,"rotation":0,"texture":"#0"},"west":{"uv":[8.3125,3.84375,8.375,3.90625],"tintindex":0,"rotation":0,"texture":"#0"},"up":{"uv":[2.40625,7.34375,2.03125,7.28125],"tintindex":0,"rotation":0,"texture":"#0"},"down":{"uv":[7.9375,1.65625,7.5625,1.71875],"tintindex":0,"rotation":0,"texture":"#0"}},"rotation":{"origin":[26.5876,16.756424,7.984356],"angle":-22.5,"axis":"z"}},{"from":[8.483414,0.7308655,6.978567],"to":[15.725088,2.340126,8.990143],"faces":{"east":{"uv":[6.34375,2.28125,6.4375,2.34375],"tintindex":0,"rotation":0,"texture":"#0"},"south":{"uv":[8.46875,1.59375,8.8125,1.65625],"tintindex":0,"rotation":0,"texture":"#0"},"north":{"uv":[5.28125,7.8125,5.625,7.875],"tintindex":0,"rotation":0,"texture":"#0"},"west":{"uv":[2.40625,7.28125,2.5,7.34375],"tintindex":0,"rotation":0,"texture":"#0"},"up":{"uv":[10.34375,7.15625,10.0,7.0625],"tintindex":0,"rotation":0,"texture":"#0"},"down":{"uv":[9.375,10.0,9.03125,10.09375],"tintindex":0,"rotation":0,"texture":"#0"}},"rotation":{"origin":[26.5876,16.756424,7.984356],"angle":-22.5,"axis":"z"}}],"display":{"gui":{"rotation":[30,225,0]}}}