{"textures":{"0":"modelengine:entity/megalodon"},"elements":[{"from":[-0.7755728,20.466785,7.78722],"to":[-0.31961727,23.78186,8.237813],"faces":{"east":{"uv":[3.375,9.15625,3.4375,9.53125],"tintindex":0,"rotation":0,"texture":"#0"},"south":{"uv":[6.3125,9.78125,6.375,10.15625],"tintindex":0,"rotation":0,"texture":"#0"},"north":{"uv":[6.84375,7.875,6.90625,8.25],"tintindex":0,"rotation":0,"texture":"#0"},"west":{"uv":[8.8125,10.0,8.875,10.375],"tintindex":0,"rotation":0,"texture":"#0"},"up":{"uv":[8.4375,3.90625,8.375,3.84375],"tintindex":0,"rotation":0,"texture":"#0"},"down":{"uv":[8.4375,6.78125,8.375,6.84375],"tintindex":0,"rotation":0,"texture":"#0"}},"rotation":{"origin":[21.576134,25.729246,-5.322893],"angle":45.0,"axis":"z"}},{"from":[-1.2100744,26.512241,7.7228494],"to":[0.077334404,27.79965,8.237813],"faces":{"east":{"uv":[1.78125,9.09375,1.84375,9.25],"tintindex":0,"rotation":0,"texture":"#0"},"south":{"uv":[0.84375,10.0625,1.0,10.21875],"tintindex":0,"rotation":0,"texture":"#0"},"north":{"uv":[0.6875,10.0625,0.84375,10.21875],"tintindex":0,"rotation":0,"texture":"#0"},"west":{"uv":[9.03125,9.21875,9.09375,9.375],"tintindex":0,"rotation":0,"texture":"#0"},"up":{"uv":[5.25,6.84375,5.09375,6.78125],"tintindex":0,"rotation":0,"texture":"#0"},"down":{"uv":[7.25,4.90625,7.09375,4.96875],"tintindex":0,"rotation":0,"texture":"#0"}},"rotation":{"origin":[21.576134,25.729246,-5.322893],"angle":45.0,"axis":"z"}},{"from":[-0.9686842,23.588753,7.6853],"to":[-0.16405392,26.485422,8.329004],"faces":{"east":{"uv":[9.09375,10.09375,9.15625,10.4375],"tintindex":0,"rotation":0,"texture":"#0"},"south":{"uv":[8.71875,10.0,8.8125,10.34375],"tintindex":0,"rotation":0,"texture":"#0"},"north":{"uv":[8.625,10.0,8.71875,10.34375],"tintindex":0,"rotation":0,"texture":"#0"},"west":{"uv":[9.15625,10.09375,9.21875,10.4375],"tintindex":0,"rotation":0,"texture":"#0"},"up":{"uv":[5.875,7.875,5.78125,7.8125],"tintindex":0,"rotation":0,"texture":"#0"},"down":{"uv":[8.03125,1.65625,7.9375,1.71875],"tintindex":0,"rotation":0,"texture":"#0"}},"rotation":{"origin":[21.576134,25.729246,-5.322893],"angle":45.0,"axis":"z"}}],"display":{"gui":{"rotation":[30,225,0]}}}