{"textures":{"0":"modelengine:entity/megalodon"},"elements":[{"from":[4.900177,-1.5192947,6.920456],"to":[7.716385,8.619049,9.17342],"faces":{"east":{"uv":[7.59375,5.375,7.65625,5.625],"tintindex":0,"rotation":0,"texture":"#0"},"south":{"uv":[7.6875,2.71875,7.75,2.96875],"tintindex":0,"rotation":0,"texture":"#0"},"north":{"uv":[6.3125,4.96875,6.375,5.21875],"tintindex":0,"rotation":0,"texture":"#0"},"west":{"uv":[9.25,7.1875,9.3125,7.4375],"tintindex":0,"rotation":0,"texture":"#0"},"up":{"uv":[8.53125,3.84375,8.46875,3.78125],"tintindex":0,"rotation":0,"texture":"#0"},"down":{"uv":[8.53125,6.28125,8.46875,6.34375],"tintindex":0,"rotation":0,"texture":"#0"}},"rotation":{"origin":[8.049957,5.586857,-66.770294],"angle":-45.0,"axis":"z"}},{"from":[4.055315,8.712925,7.05188],"to":[8.561247,13.218857,8.854252],"faces":{"east":{"uv":[4.59375,5.0625,4.625,5.15625],"tintindex":0,"rotation":0,"texture":"#0"},"south":{"uv":[8.0625,2.09375,8.15625,2.1875],"tintindex":0,"rotation":0,"texture":"#0"},"north":{"uv":[6.1875,5.09375,6.28125,5.1875],"tintindex":0,"rotation":0,"texture":"#0"},"west":{"uv":[6.28125,5.09375,6.3125,5.1875],"tintindex":0,"rotation":0,"texture":"#0"},"up":{"uv":[4.84375,1.375,4.75,1.34375],"tintindex":0,"rotation":0,"texture":"#0"},"down":{"uv":[2.09375,4.75,2.0,4.78125],"tintindex":0,"rotation":0,"texture":"#0"}},"rotation":{"origin":[8.049957,5.586857,-66.770294],"angle":-45.0,"axis":"z"}}],"display":{"gui":{"rotation":[30,225,0]}}}