{"textures":{"0":"modelengine:entity/megalodon"},"elements":[{"from":[5.542391,-5.6485395,2.4011412],"to":[19.811172,10.980494,13.665969],"faces":{"east":{"uv":[3.8125,4.78125,4.59375,5.9375],"tintindex":0,"rotation":0,"texture":"#0"},"south":{"uv":[1.0,4.75,2.0,5.90625],"tintindex":0,"rotation":0,"texture":"#0"},"north":{"uv":[1.0,4.75,2.0,5.90625],"tintindex":0,"rotation":0,"texture":"#0"},"west":{"uv":[4.96875,1.28125,5.75,2.4375],"tintindex":0,"rotation":0,"texture":"#0"},"up":{"uv":[6.03125,0.78125,5.03125,0.0],"tintindex":0,"rotation":0,"texture":"#0"},"down":{"uv":[5.59375,5.21875,4.59375,6.0],"tintindex":0,"rotation":0,"texture":"#0"}}},{"from":[23.727041,-10.529964,2.481604],"to":[29.091246,-4.0929203,13.612328],"faces":{"east":{"uv":[7.75,2.71875,8.53125,3.15625],"tintindex":0,"rotation":0,"texture":"#0"},"south":{"uv":[9.3125,3.6875,9.6875,4.125],"tintindex":0,"rotation":0,"texture":"#0"},"north":{"uv":[9.34375,0.375,9.71875,0.8125],"tintindex":0,"rotation":0,"texture":"#0"},"west":{"uv":[4.5,7.8125,5.28125,8.25],"tintindex":0,"rotation":0,"texture":"#0"},"up":{"uv":[4.875,9.03125,4.5,8.25],"tintindex":0,"rotation":0,"texture":"#0"},"down":{"uv":[5.25,8.25,4.875,9.03125],"tintindex":0,"rotation":0,"texture":"#0"}},"rotation":{"origin":[6.776158,-9.939903,-29.78408],"angle":45.0,"axis":"z"}},{"from":[-3.7376814,-10.529964,2.481604],"to":[1.6265221,-4.0929203,13.612328],"faces":{"east":{"uv":[2.03125,7.84375,2.8125,8.28125],"tintindex":0,"rotation":0,"texture":"#0"},"south":{"uv":[9.34375,0.375,9.71875,0.8125],"tintindex":0,"rotation":0,"texture":"#0"},"north":{"uv":[9.3125,3.6875,9.6875,4.125],"tintindex":0,"rotation":0,"texture":"#0"},"west":{"uv":[7.84375,7.75,8.625,8.1875],"tintindex":0,"rotation":0,"texture":"#0"},"up":{"uv":[5.625,9.09375,5.25,8.3125],"tintindex":0,"rotation":0,"texture":"#0"},"down":{"uv":[6.0,8.3125,5.625,9.09375],"tintindex":0,"rotation":0,"texture":"#0"}},"rotation":{"origin":[18.577406,-9.939903,-29.78408],"angle":-45.0,"axis":"z"}}],"display":{"gui":{"rotation":[30,225,0]}}}