{"textures":{"0":"modelengine:entity/megalodon"},"elements":[{"from":[7.357936,11.411766,3.556755],"to":[8.645345,25.680548,10.637505],"faces":{"east":{"uv":[5.90625,6.875,6.40625,7.875],"tintindex":0,"rotation":0,"texture":"#0"},"south":{"uv":[3.71875,9.59375,3.8125,10.59375],"tintindex":0,"rotation":0,"texture":"#0"},"north":{"uv":[1.1875,9.5625,1.28125,10.5625],"tintindex":0,"rotation":0,"texture":"#0"},"west":{"uv":[6.40625,6.875,6.90625,7.875],"tintindex":0,"rotation":0,"texture":"#0"},"up":{"uv":[5.75,1.28125,5.65625,0.78125],"tintindex":0,"rotation":0,"texture":"#0"},"down":{"uv":[3.53125,8.53125,3.4375,9.03125],"tintindex":0,"rotation":0,"texture":"#0"}},"rotation":{"origin":[8.538061,8.049618,7.5924096],"angle":45.0,"axis":"x"}},{"from":[6.995852,8.832898,10.616644],"to":[9.007428,25.99835,15.283504],"faces":{"east":{"uv":[2.90625,7.34375,3.21875,8.53125],"tintindex":0,"rotation":0,"texture":"#0"},"south":{"uv":[6.375,9.09375,6.53125,10.28125],"tintindex":0,"rotation":0,"texture":"#0"},"north":{"uv":[7.3125,8.9375,7.46875,10.125],"tintindex":0,"rotation":0,"texture":"#0"},"west":{"uv":[3.21875,7.34375,3.53125,8.53125],"tintindex":0,"rotation":0,"texture":"#0"},"up":{"uv":[10.15625,5.25,10.0,4.9375],"tintindex":0,"rotation":0,"texture":"#0"},"down":{"uv":[7.78125,10.0,7.625,10.3125],"tintindex":0,"rotation":0,"texture":"#0"}},"rotation":{"origin":[8.538061,8.049618,7.5924096],"angle":22.5,"axis":"x"}},{"from":[7.357936,-8.445839,4.5849457],"to":[8.645345,5.018313,9.94915],"faces":{"east":{"uv":[7.46875,7.75,7.84375,8.6875],"tintindex":0,"rotation":0,"texture":"#0"},"south":{"uv":[6.75,9.6875,6.84375,10.625],"tintindex":0,"rotation":0,"texture":"#0"},"north":{"uv":[0.59375,9.65625,0.6875,10.59375],"tintindex":0,"rotation":0,"texture":"#0"},"west":{"uv":[4.125,7.8125,4.5,8.75],"tintindex":0,"rotation":0,"texture":"#0"},"up":{"uv":[2.90625,8.21875,2.8125,7.84375],"tintindex":0,"rotation":0,"texture":"#0"},"down":{"uv":[9.375,6.0625,9.28125,6.4375],"tintindex":0,"rotation":0,"texture":"#0"}},"rotation":{"origin":[8.538061,8.049618,7.5924096],"angle":-45.0,"axis":"x"}},{"from":[7.4205184,8.816941,5.1829934],"to":[8.582763,12.625525,12.263743],"faces":{"east":{"uv":[7.625,9.4375,8.125,9.71875],"tintindex":0,"rotation":0,"texture":"#0"},"south":{"uv":[10.03125,8.5,10.125,8.78125],"tintindex":0,"rotation":0,"texture":"#0"},"north":{"uv":[2.125,10.03125,2.21875,10.3125],"tintindex":0,"rotation":0,"texture":"#0"},"west":{"uv":[9.46875,8.0,9.96875,8.28125],"tintindex":0,"rotation":0,"texture":"#0"},"up":{"uv":[7.875,10.5,7.78125,10.0],"tintindex":0,"rotation":0,"texture":"#0"},"down":{"uv":[7.96875,10.0,7.875,10.5],"tintindex":0,"rotation":0,"texture":"#0"}},"rotation":{"origin":[8.538061,8.049618,7.5924096],"angle":22.5,"axis":"x"}},{"from":[7.1746593,-8.555721,11.173096],"to":[8.828622,6.5176926,13.533346],"faces":{"east":{"uv":[8.875,9.21875,9.03125,10.28125],"tintindex":0,"rotation":0,"texture":"#0"},"south":{"uv":[8.25,9.4375,8.375,10.5],"tintindex":0,"rotation":0,"texture":"#0"},"north":{"uv":[8.125,9.4375,8.25,10.5],"tintindex":0,"rotation":0,"texture":"#0"},"west":{"uv":[1.78125,9.25,1.9375,10.3125],"tintindex":0,"rotation":0,"texture":"#0"},"up":{"uv":[10.1875,6.625,10.0625,6.46875],"tintindex":0,"rotation":0,"texture":"#0"},"down":{"uv":[10.1875,7.59375,10.0625,7.75],"tintindex":0,"rotation":0,"texture":"#0"}},"rotation":{"origin":[8.538061,8.049618,7.5924096],"angle":-22.5,"axis":"x"}},{"from":[7.4205184,4.0981503,5.9739046],"to":[8.582763,7.9067345,13.054655],"faces":{"east":{"uv":[3.84375,9.5,4.34375,9.78125],"tintindex":0,"rotation":0,"texture":"#0"},"south":{"uv":[10.0625,0.28125,10.15625,0.5625],"tintindex":0,"rotation":0,"texture":"#0"},"north":{"uv":[10.0625,0.0,10.15625,0.28125],"tintindex":0,"rotation":0,"texture":"#0"},"west":{"uv":[0.6875,9.5625,1.1875,9.84375],"tintindex":0,"rotation":0,"texture":"#0"},"up":{"uv":[8.53125,10.5,8.4375,10.0],"tintindex":0,"rotation":0,"texture":"#0"},"down":{"uv":[8.625,10.0,8.53125,10.5],"tintindex":0,"rotation":0,"texture":"#0"}},"rotation":{"origin":[8.538061,8.049618,7.5924096],"angle":-22.5,"axis":"x"}}],"display":{"gui":{"rotation":[30,225,0]}}}