{"textures":{"0":"modelengine:entity/megalodon"},"elements":[{"from":[-0.67076683,-1.5389156,6.8256645],"to":[16.789715,17.772217,23.722906],"faces":{"east":{"uv":[2.875,5.9375,3.65625,6.84375],"tintindex":0,"rotation":0,"texture":"#0"},"south":{"uv":[2.0625,5.9375,2.875,6.84375],"tintindex":0,"rotation":0,"texture":"#0"},"north":{"uv":[1.0,4.75,2.0,5.90625],"tintindex":0,"rotation":0,"texture":"#0"},"west":{"uv":[3.65625,5.9375,4.4375,6.84375],"tintindex":0,"rotation":0,"texture":"#0"},"up":{"uv":[5.25,6.78125,4.4375,6.0],"tintindex":0,"rotation":0,"texture":"#0"},"down":{"uv":[6.84375,0.0,6.03125,0.78125],"tintindex":0,"rotation":0,"texture":"#0"}}},{"from":[18.60366,9.8374,15.580332],"to":[19.401587,15.638786,16.36887],"faces":{"east":{"uv":[6.34375,1.96875,6.375,2.25],"tintindex":0,"rotation":0,"texture":"#0"},"south":{"uv":[4.46875,8.75,4.5,9.03125],"tintindex":0,"rotation":0,"texture":"#0"},"north":{"uv":[4.59375,4.78125,4.625,5.0625],"tintindex":0,"rotation":0,"texture":"#0"},"west":{"uv":[7.59375,10.0625,7.625,10.34375],"tintindex":0,"rotation":0,"texture":"#0"},"up":{"uv":[2.125,4.78125,2.09375,4.75],"tintindex":0,"rotation":0,"texture":"#0"},"down":{"uv":[2.15625,4.75,2.125,4.78125],"tintindex":0,"rotation":0,"texture":"#0"}},"rotation":{"origin":[19.840607,18.853918,-21.443401],"angle":-45.0,"axis":"z"}},{"from":[20.370321,-11.838186,7.0804644],"to":[28.416626,-2.18262,23.709496],"faces":{"east":{"uv":[5.28125,7.875,6.0625,8.3125],"tintindex":0,"rotation":0,"texture":"#0"},"south":{"uv":[4.71875,9.34375,5.09375,9.78125],"tintindex":0,"rotation":0,"texture":"#0"},"north":{"uv":[9.34375,0.375,9.71875,0.8125],"tintindex":0,"rotation":0,"texture":"#0"},"west":{"uv":[6.0625,7.875,6.84375,8.3125],"tintindex":0,"rotation":0,"texture":"#0"},"up":{"uv":[6.375,9.09375,6.0,8.3125],"tintindex":0,"rotation":0,"texture":"#0"},"down":{"uv":[6.75,8.3125,6.375,9.09375],"tintindex":0,"rotation":0,"texture":"#0"}},"rotation":{"origin":[-0.791461,-10.389853,-58.34941],"angle":45.0,"axis":"z"}},{"from":[-12.297678,-11.838186,7.0804644],"to":[-4.2513723,-2.18262,23.709496],"faces":{"east":{"uv":[7.9375,4.65625,8.71875,5.09375],"tintindex":0,"rotation":0,"texture":"#0"},"south":{"uv":[5.46875,9.34375,5.84375,9.78125],"tintindex":0,"rotation":0,"texture":"#0"},"north":{"uv":[9.3125,3.6875,9.6875,4.125],"tintindex":0,"rotation":0,"texture":"#0"},"west":{"uv":[8.0625,1.65625,8.84375,2.09375],"tintindex":0,"rotation":0,"texture":"#0"},"up":{"uv":[0.375,9.15625,0.0,8.375],"tintindex":0,"rotation":0,"texture":"#0"},"down":{"uv":[0.75,8.375,0.375,9.15625],"tintindex":0,"rotation":0,"texture":"#0"}},"rotation":{"origin":[16.91041,-10.389853,-58.34941],"angle":-45.0,"axis":"z"}}],"display":{"gui":{"rotation":[30,225,0]}}}