{"textures":{"0":"modelengine:entity/megalodon"},"elements":[{"from":[-2.0222683,-2.6906033,13.576641],"to":[-0.1805582,-0.16942787,30.062628],"faces":{"east":{"uv":[8.6875,8.375,9.84375,8.5625],"tintindex":0,"rotation":0,"texture":"#0"},"south":{"uv":[1.125,7.09375,1.25,7.28125],"tintindex":0,"rotation":0,"texture":"#0"},"north":{"uv":[5.46875,6.0,5.59375,6.1875],"tintindex":0,"rotation":0,"texture":"#0"},"west":{"uv":[8.84375,1.875,10.0,2.0625],"tintindex":0,"rotation":0,"texture":"#0"},"up":{"uv":[5.96875,10.5,5.84375,9.34375],"tintindex":0,"rotation":0,"texture":"#0"},"down":{"uv":[6.09375,9.34375,5.96875,10.5],"tintindex":0,"rotation":0,"texture":"#0"}},"rotation":{"origin":[14.660405,-4.4607906,-52.081215],"angle":-45.0,"axis":"z"}},{"from":[4.82828,-8.20055,8.065095],"to":[4.82828,8.610866,17.012589],"faces":{"east":{"uv":[5.6875,3.40625,6.3125,4.59375],"tintindex":0,"rotation":0,"texture":"#0"},"west":{"uv":[5.75,0.78125,6.375,1.96875],"tintindex":0,"rotation":0,"texture":"#0"}},"rotation":{"origin":[4.0129213,13.710181,-5.388769],"angle":45.0,"axis":"z"}},{"from":[3.433587,5.1278324,7.2289963],"to":[12.552733,12.101297,18.493824],"faces":{"east":{"uv":[7.65625,5.375,8.4375,5.875],"tintindex":0,"rotation":0,"texture":"#0"},"south":{"uv":[5.6875,4.59375,6.3125,5.09375],"tintindex":0,"rotation":0,"texture":"#0"},"north":{"uv":[1.0,4.75,2.0,5.90625],"tintindex":0,"rotation":0,"texture":"#0"},"west":{"uv":[7.6875,5.875,8.46875,6.375],"tintindex":0,"rotation":0,"texture":"#0"},"up":{"uv":[7.53125,7.65625,6.90625,6.875],"tintindex":0,"rotation":0,"texture":"#0"},"down":{"uv":[7.6875,6.09375,7.0625,6.875],"tintindex":0,"rotation":0,"texture":"#0"}}},{"from":[16.093107,-3.8840294,7.2647576],"to":[19.365273,0.5146179,18.440182],"faces":{"east":{"uv":[8.59375,6.4375,9.375,6.75],"tintindex":0,"rotation":0,"texture":"#0"},"south":{"uv":[0.0,9.875,0.21875,10.1875],"tintindex":0,"rotation":0,"texture":"#0"},"north":{"uv":[9.34375,0.375,9.71875,0.8125],"tintindex":0,"rotation":0,"texture":"#0"},"west":{"uv":[8.625,7.75,9.40625,8.0625],"tintindex":0,"rotation":0,"texture":"#0"},"up":{"uv":[6.75,9.875,6.53125,9.09375],"tintindex":0,"rotation":0,"texture":"#0"},"down":{"uv":[1.5,9.1875,1.28125,9.96875],"tintindex":0,"rotation":0,"texture":"#0"}},"rotation":{"origin":[2.092536,-3.991314,-47.48588],"angle":45.0,"axis":"z"}},{"from":[5.6329107,6.7370934,18.493824],"to":[10.35341,10.492037,31.993734],"faces":{"east":{"uv":[8.71875,4.46875,9.65625,4.71875],"tintindex":0,"rotation":0,"texture":"#0"},"south":{"uv":[7.75,3.15625,8.09375,3.40625],"tintindex":0,"rotation":0,"texture":"#0"},"north":{"uv":[1.0,4.75,2.0,5.90625],"tintindex":0,"rotation":0,"texture":"#0"},"west":{"uv":[8.71875,4.71875,9.65625,4.96875],"tintindex":0,"rotation":0,"texture":"#0"},"up":{"uv":[1.84375,9.09375,1.5,8.15625],"tintindex":0,"rotation":0,"texture":"#0"},"down":{"uv":[3.875,8.15625,3.53125,9.09375],"tintindex":0,"rotation":0,"texture":"#0"}}},{"from":[-3.378952,-3.8840294,7.2647576],"to":[-0.10678768,0.5146179,18.440182],"faces":{"east":{"uv":[1.84375,8.65625,2.625,8.96875],"tintindex":0,"rotation":0,"texture":"#0"},"south":{"uv":[6.53125,9.875,6.75,10.1875],"tintindex":0,"rotation":0,"texture":"#0"},"north":{"uv":[9.3125,3.6875,9.6875,4.125],"tintindex":0,"rotation":0,"texture":"#0"},"west":{"uv":[8.6875,8.0625,9.46875,8.375],"tintindex":0,"rotation":0,"texture":"#0"},"up":{"uv":[8.65625,10.0,8.4375,9.21875],"tintindex":0,"rotation":0,"texture":"#0"},"down":{"uv":[8.875,9.21875,8.65625,10.0],"tintindex":0,"rotation":0,"texture":"#0"}},"rotation":{"origin":[13.893784,-3.991314,-47.48588],"angle":-45.0,"axis":"z"}},{"from":[9.54103,6.0216255,13.576641],"to":[11.38274,8.542801,30.062628],"faces":{"east":{"uv":[8.90625,0.0,10.0625,0.1875],"tintindex":0,"rotation":0,"texture":"#0"},"south":{"uv":[10.0625,3.15625,10.1875,3.34375],"tintindex":0,"rotation":0,"texture":"#0"},"north":{"uv":[4.34375,9.125,4.46875,9.3125],"tintindex":0,"rotation":0,"texture":"#0"},"west":{"uv":[8.90625,0.1875,10.0625,0.375],"tintindex":0,"rotation":0,"texture":"#0"},"up":{"uv":[3.21875,10.5625,3.09375,9.40625],"tintindex":0,"rotation":0,"texture":"#0"},"down":{"uv":[3.34375,9.40625,3.21875,10.5625],"tintindex":0,"rotation":0,"texture":"#0"}},"rotation":{"origin":[8.52958,7.893431,25.091602],"angle":45.0,"axis":"z"}},{"from":[11.158041,-8.20055,8.065095],"to":[11.158041,8.610866,17.012589],"faces":{"east":{"uv":[0.0,5.90625,0.625,7.09375],"tintindex":0,"rotation":0,"texture":"#0"},"west":{"uv":[0.625,5.90625,1.25,7.09375],"tintindex":0,"rotation":0,"texture":"#0"}},"rotation":{"origin":[11.973399,13.710181,-5.388769],"angle":-45.0,"axis":"z"}}],"display":{"gui":{"rotation":[30,225,0]}}}