{"textures":{"0":"modelengine:entity/shark_muter_muter"},"elements":[{"from":[1.6378021,7.1189995,10.00053],"to":[5.137802,8.1189995,14.50053],"faces":{"east":{"uv":[5.5,11.5,6.5,11.75],"tintindex":0,"rotation":0,"texture":"#0"},"south":{"uv":[0.0,12.0,0.75,12.25],"tintindex":0,"rotation":0,"texture":"#0"},"north":{"uv":[11.0,11.5,11.75,11.75],"tintindex":0,"rotation":0,"texture":"#0"},"west":{"uv":[6.5,11.5,7.5,11.75],"tintindex":0,"rotation":0,"texture":"#0"},"up":{"uv":[2.25,11.0,1.5,10.0],"tintindex":0,"rotation":0,"texture":"#0"},"down":{"uv":[10.75,2.0,10.0,3.0],"tintindex":0,"rotation":0,"texture":"#0"}},"rotation":{"origin":[2.3878021,7.669029,10.500561],"angle":22.5,"axis":"z"}},{"from":[7.212803,11.709702,9.852941],"to":[8.212803,17.709702,13.852941],"faces":{"east":{"uv":[4.5,9.0,5.5,10.0],"tintindex":0,"rotation":0,"texture":"#0"},"south":{"uv":[11.5,7.5,11.75,8.5],"tintindex":0,"rotation":0,"texture":"#0"},"north":{"uv":[7.5,11.5,7.75,12.5],"tintindex":0,"rotation":0,"texture":"#0"},"west":{"uv":[5.5,9.0,6.5,10.0],"tintindex":0,"rotation":0,"texture":"#0"},"up":{"uv":[8.25,12.5,8.0,11.5],"tintindex":0,"rotation":0,"texture":"#0"},"down":{"uv":[11.75,8.5,11.5,9.5],"tintindex":0,"rotation":0,"texture":"#0"}},"rotation":{"origin":[7.462803,13.209702,9.85293],"angle":45.0,"axis":"x"}},{"from":[10.787804,7.1189995,10.00053],"to":[14.287803,8.1189995,14.50053],"faces":{"east":{"uv":[7.5,11.5,6.5,11.75],"tintindex":0,"rotation":0,"texture":"#0"},"south":{"uv":[0.75,12.0,0.0,12.25],"tintindex":0,"rotation":0,"texture":"#0"},"north":{"uv":[11.75,11.5,11.0,11.75],"tintindex":0,"rotation":0,"texture":"#0"},"west":{"uv":[6.5,11.5,5.5,11.75],"tintindex":0,"rotation":0,"texture":"#0"},"up":{"uv":[1.5,11.0,2.25,10.0],"tintindex":0,"rotation":0,"texture":"#0"},"down":{"uv":[10.0,2.0,10.75,3.0],"tintindex":0,"rotation":0,"texture":"#0"}},"rotation":{"origin":[13.537803,7.669029,10.500561],"angle":-22.5,"axis":"z"}},{"from":[4.5,4.0999985,8.0],"to":[11.5,12.099998,16.0],"faces":{"east":{"uv":[13.5,3.5,15.0,5.0],"tintindex":0,"rotation":0,"texture":"#0"},"south":{"uv":[13.5,5.0,15.0,6.5],"tintindex":0,"rotation":0,"texture":"#0"},"north":{"uv":[13.5,2.0,15.0,3.5],"tintindex":0,"rotation":0,"texture":"#0"},"west":{"uv":[12.75,6.75,14.25,8.25],"tintindex":0,"rotation":0,"texture":"#0"},"up":{"uv":[15.75,8.25,14.25,6.75],"tintindex":0,"rotation":0,"texture":"#0"},"down":{"uv":[7.5,1.5,6.0,3.0],"tintindex":0,"rotation":0,"texture":"#0"}}}],"display":{"gui":{"rotation":[30,225,0]}}}