{"textures":{"0":"modelengine:entity/shark_muter_muter"},"elements":[{"from":[4.6000023,13.200001,-4.799999],"to":[11.400003,16.2,1.2000008],"faces":{"east":{"uv":[0.0,10.0,1.25,10.75],"tintindex":0,"rotation":0,"texture":"#0"},"south":{"uv":[16.0,40.0,19.0,43.0],"tintindex":0,"rotation":0,"texture":"#0"},"north":{"uv":[9.0,9.5,10.25,10.25],"tintindex":0,"rotation":0,"texture":"#0"},"west":{"uv":[10.0,1.0,11.25,1.75],"tintindex":0,"rotation":0,"texture":"#0"},"up":{"uv":[8.25,4.25,7.0,3.0],"tintindex":0,"rotation":0,"texture":"#0"},"down":{"uv":[8.25,4.5,7.0,5.75],"tintindex":0,"rotation":0,"texture":"#0"}},"rotation":{"origin":[7.0,16.95,11.700031],"angle":-22.5,"axis":"x"}},{"from":[11.300003,12.200001,-4.799999],"to":[11.300003,13.200001,1.2000008],"faces":{"east":{"uv":[11.0,5.0,12.25,5.25],"tintindex":0,"rotation":0,"texture":"#0"},"south":{"uv":[16.0,40.0,19.0,43.0],"tintindex":0,"rotation":0,"texture":"#0"},"north":{"uv":[9.0,9.5,10.25,10.25],"tintindex":0,"rotation":0,"texture":"#0"},"west":{"uv":[5.5,11.0,6.75,11.25],"tintindex":0,"rotation":0,"texture":"#0"},"up":{"uv":[8.25,4.25,7.0,3.0],"tintindex":0,"rotation":0,"texture":"#0"},"down":{"uv":[8.25,4.5,7.0,5.75],"tintindex":0,"rotation":0,"texture":"#0"}},"rotation":{"origin":[15.999999,16.95,11.700031],"angle":-22.5,"axis":"x"}},{"from":[4.9000034,6.0,-1.7999992],"to":[11.100002,9.5,2.2000008],"faces":{"east":{"uv":[10.0,5.0,10.75,5.75],"tintindex":0,"rotation":0,"texture":"#0"},"south":{"uv":[9.0,7.5,10.25,8.25],"tintindex":0,"rotation":0,"texture":"#0"},"north":{"uv":[7.5,9.0,8.75,9.75],"tintindex":0,"rotation":0,"texture":"#0"},"west":{"uv":[5.5,10.0,6.25,10.75],"tintindex":0,"rotation":0,"texture":"#0"},"up":{"uv":[10.25,9.25,9.0,8.5],"tintindex":0,"rotation":0,"texture":"#0"},"down":{"uv":[10.75,3.0,9.5,3.75],"tintindex":0,"rotation":0,"texture":"#0"}}},{"from":[4.5,5.200001,2.2000008],"to":[11.5,12.200001,8.200001],"faces":{"east":{"uv":[8.0,0.0,9.0,1.25],"tintindex":0,"rotation":0,"texture":"#0"},"south":{"uv":[6.5,0.0,7.75,1.25],"tintindex":0,"rotation":0,"texture":"#0"},"north":{"uv":[6.0,6.0,7.25,7.25],"tintindex":0,"rotation":0,"texture":"#0"},"west":{"uv":[8.5,3.0,9.5,4.25],"tintindex":0,"rotation":0,"texture":"#0"},"up":{"uv":[9.75,5.5,8.5,4.5],"tintindex":0,"rotation":0,"texture":"#0"},"down":{"uv":[1.25,9.0,0.0,10.0],"tintindex":0,"rotation":0,"texture":"#0"}}},{"from":[4.9000034,6.1500015,-2.1037693],"to":[11.100002,8.150002,-2.1037693],"faces":{"east":{"uv":[10.0,5.0,10.75,5.75],"tintindex":0,"rotation":0,"texture":"#0"},"south":{"uv":[11.0,6.0,12.25,6.25],"tintindex":0,"rotation":0,"texture":"#0"},"north":{"uv":[11.0,5.5,12.25,5.75],"tintindex":0,"rotation":0,"texture":"#0"},"west":{"uv":[5.5,10.0,6.25,10.75],"tintindex":0,"rotation":0,"texture":"#0"},"up":{"uv":[10.25,9.25,9.0,8.5],"tintindex":0,"rotation":0,"texture":"#0"},"down":{"uv":[10.75,3.0,9.5,3.75],"tintindex":0,"rotation":0,"texture":"#0"}}},{"from":[4.7000027,12.200001,-4.799999],"to":[4.7000027,13.200001,1.2000008],"faces":{"east":{"uv":[11.0,5.0,12.25,5.25],"tintindex":0,"rotation":0,"texture":"#0"},"south":{"uv":[16.0,40.0,19.0,43.0],"tintindex":0,"rotation":0,"texture":"#0"},"north":{"uv":[9.0,9.5,10.25,10.25],"tintindex":0,"rotation":0,"texture":"#0"},"west":{"uv":[5.5,11.0,6.75,11.25],"tintindex":0,"rotation":0,"texture":"#0"},"up":{"uv":[8.25,4.25,7.0,3.0],"tintindex":0,"rotation":0,"texture":"#0"},"down":{"uv":[8.25,4.5,7.0,5.75],"tintindex":0,"rotation":0,"texture":"#0"}},"rotation":{"origin":[9.0,16.95,11.700031],"angle":-22.5,"axis":"x"}}],"display":{"gui":{"rotation":[30,225,0]}}}