{"textures":{"0":"modelengine:entity/shark_muter_muter"},"elements":[{"from":[11.787804,7.676899,10.00053],"to":[14.287804,8.676899,13.50053],"faces":{"east":{"uv":[7.5,11.5,6.5,11.75],"tintindex":0,"rotation":0,"texture":"#0"},"south":{"uv":[0.75,12.0,0.0,12.25],"tintindex":0,"rotation":0,"texture":"#0"},"north":{"uv":[11.75,11.5,11.0,11.75],"tintindex":0,"rotation":0,"texture":"#0"},"west":{"uv":[6.5,11.5,5.5,11.75],"tintindex":0,"rotation":0,"texture":"#0"},"up":{"uv":[1.5,11.0,2.25,10.0],"tintindex":0,"rotation":0,"texture":"#0"},"down":{"uv":[10.0,2.0,10.75,3.0],"tintindex":0,"rotation":0,"texture":"#0"}}},{"from":[4.637802,7.676899,10.00053],"to":[7.137802,8.676899,13.50053],"faces":{"east":{"uv":[5.5,11.5,6.5,11.75],"tintindex":0,"rotation":0,"texture":"#0"},"south":{"uv":[0.0,12.0,0.75,12.25],"tintindex":0,"rotation":0,"texture":"#0"},"north":{"uv":[11.0,11.5,11.75,11.75],"tintindex":0,"rotation":0,"texture":"#0"},"west":{"uv":[6.5,11.5,7.5,11.75],"tintindex":0,"rotation":0,"texture":"#0"},"up":{"uv":[2.25,11.0,1.5,10.0],"tintindex":0,"rotation":0,"texture":"#0"},"down":{"uv":[10.75,2.0,10.0,3.0],"tintindex":0,"rotation":0,"texture":"#0"}}},{"from":[6.9000034,4.9000015,8.0],"to":[12.400003,11.400002,15.0],"faces":{"east":{"uv":[1.5,7.5,2.75,8.75],"tintindex":0,"rotation":0,"texture":"#0"},"south":{"uv":[7.5,1.5,8.75,2.75],"tintindex":0,"rotation":0,"texture":"#0"},"north":{"uv":[13.5,5.0,15.0,6.5],"tintindex":0,"rotation":0,"texture":"#0"},"west":{"uv":[6.0,7.5,7.25,8.75],"tintindex":0,"rotation":0,"texture":"#0"},"up":{"uv":[8.75,7.25,7.5,6.0],"tintindex":0,"rotation":0,"texture":"#0"},"down":{"uv":[8.75,7.5,7.5,8.75],"tintindex":0,"rotation":0,"texture":"#0"}}}],"display":{"gui":{"rotation":[30,225,0]}}}