{"textures":{"0":"modelengine:entity/shark_muter_muter"},"elements":[{"from":[0.2583332,23.460567,16.5592],"to":[1.0749998,24.627234,17.892534],"faces":{"east":{"uv":[2.5,10.0,3.5,10.75],"tintindex":0,"rotation":0,"texture":"#0"},"south":{"uv":[1.0,12.0,1.25,12.75],"tintindex":0,"rotation":0,"texture":"#0"},"north":{"uv":[12.0,0.0,12.25,0.75],"tintindex":0,"rotation":0,"texture":"#0"},"west":{"uv":[3.5,10.0,4.5,10.75],"tintindex":0,"rotation":0,"texture":"#0"},"up":{"uv":[10.75,12.5,10.5,11.5],"tintindex":0,"rotation":0,"texture":"#0"},"down":{"uv":[11.75,10.5,11.5,11.5],"tintindex":0,"rotation":0,"texture":"#0"}},"rotation":{"origin":[0.33333302,23.627234,16.4092],"angle":-45.0,"axis":"x"}},{"from":[0.14573336,23.883335,15.067924],"to":[1.3123999,25.383335,16.73459],"faces":{"east":{"uv":[1.5,7.5,2.75,8.75],"tintindex":0,"rotation":0,"texture":"#0"},"south":{"uv":[7.5,1.5,8.75,2.75],"tintindex":0,"rotation":0,"texture":"#0"},"north":{"uv":[13.5,5.0,15.0,6.5],"tintindex":0,"rotation":0,"texture":"#0"},"west":{"uv":[6.0,7.5,7.25,8.75],"tintindex":0,"rotation":0,"texture":"#0"},"up":{"uv":[8.75,7.25,7.5,6.0],"tintindex":0,"rotation":0,"texture":"#0"},"down":{"uv":[8.75,7.5,7.5,8.75],"tintindex":0,"rotation":0,"texture":"#0"}}}],"display":{"gui":{"rotation":[30,225,0]}}}