{"textures":{"0":"modelengine:entity/monk_chi_blast"},"elements":[{"from":[5.5,5.5,5.5],"to":[10.5,10.5,10.5],"faces":{"east":{"uv":[9.0,4.25,7.75,5.5],"tintindex":0,"rotation":0,"texture":"#0"},"south":{"uv":[9.0,2.75,7.75,4.0],"tintindex":0,"rotation":0,"texture":"#0"},"north":{"uv":[1.25,6.75,0.0,8.0],"tintindex":0,"rotation":0,"texture":"#0"},"west":{"uv":[8.75,1.25,7.5,2.5],"tintindex":0,"rotation":0,"texture":"#0"},"up":{"uv":[4.75,9.0,6.0,7.75],"tintindex":0,"rotation":0,"texture":"#0"},"down":{"uv":[7.75,5.75,9.0,7.0],"tintindex":0,"rotation":0,"texture":"#0"}}},{"from":[11.8,11.799999,11.799999],"to":[4.2,4.2,4.200001],"faces":{"east":{"uv":[4.25,2.25,2.25,4.25],"tintindex":0,"rotation":0,"texture":"#0"},"south":{"uv":[4.25,0.0,2.25,2.0],"tintindex":0,"rotation":0,"texture":"#0"},"north":{"uv":[2.0,0.0,0.0,2.0],"tintindex":0,"rotation":0,"texture":"#0"},"west":{"uv":[2.0,2.25,0.0,4.25],"tintindex":0,"rotation":0,"texture":"#0"},"up":{"uv":[0.0,6.5,2.0,4.5],"tintindex":0,"rotation":0,"texture":"#0"},"down":{"uv":[4.5,0.0,6.5,2.0],"tintindex":0,"rotation":0,"texture":"#0"}}}],"display":{"gui":{"rotation":[30,225,0]}}}