{"textures":{"0":"modelengine:entity/shark_slash_v7","1":"modelengine:entity/shark_slash_shadow_v7"},"elements":[{"from":[-9.25,7.5,-9.25],"to":[26.25,7.5,26.25],"faces":{"up":{"uv":[0.0,0.0,16.0,16.0],"tintindex":0,"rotation":0,"texture":"#1"},"down":{"uv":[0.0,16.0,16.0,0.0],"tintindex":0,"rotation":0,"texture":"#1"}}},{"from":[-9.75,8.0,-9.75],"to":[25.75,8.0,25.75],"faces":{"up":{"uv":[0.0,0.0,16.0,16.0],"tintindex":0,"rotation":0,"texture":"#0"},"down":{"uv":[0.0,16.0,16.0,0.0],"tintindex":0,"rotation":0,"texture":"#0"}}},{"from":[-9.75,7.0000005,-9.75],"to":[25.75,7.0000005,25.75],"faces":{"up":{"uv":[0.0,0.0,16.0,16.0],"tintindex":0,"rotation":0,"texture":"#0"},"down":{"uv":[0.0,16.0,16.0,0.0],"tintindex":0,"rotation":0,"texture":"#0"}}}],"display":{"gui":{"rotation":[30,225,0]}}}