{"textures":{"12":"wrath:wrath_texture/insideblade","13":"wrath:wrath_texture/satanno12","14":"wrath:wrath_texture/cube","16":"wrath:wrath_texture/blade","17":"wrath:wrath_texture/stuff","7":"wrath:wrath_texture/gagang","18":"wrath:wrath_texture/satanno17","8":"wrath:wrath_texture/handle","19":"wrath:wrath_texture/spike1","9":"wrath:wrath_texture/skull","10":"wrath:wrath_texture/type3"},"elements":[{"from":[7.8973775,25.754862,1.3357925],"to":[8.17091,26.924982,3.2414522],"faces":{"east":{"uv":[0.0,2.0,1.03125,3.6875],"tintindex":0,"rotation":90,"texture":"#16"},"south":{"uv":[0.0,2.0,1.03125,3.6875],"tintindex":0,"rotation":270,"texture":"#16"},"north":{"uv":[0.0,2.0,1.03125,3.6875],"tintindex":0,"rotation":270,"texture":"#16"},"west":{"uv":[1.03125,2.0,0.0,3.6875],"tintindex":0,"rotation":270,"texture":"#16"},"up":{"uv":[0.0,2.0,1.03125,3.6875],"tintindex":0,"rotation":0,"texture":"#16"},"down":{"uv":[0.0,2.0,1.03125,3.6875],"tintindex":0,"rotation":180,"texture":"#16"}},"rotation":{"origin":[8.581205,26.714622,2.9020996],"angle":45.0,"axis":"x"}},{"from":[6.90485,23.447128,11.892552],"to":[9.04235,24.511625,12.118273],"faces":{"east":{"uv":[10.0625,8.5,8.0,9.125],"tintindex":0,"rotation":90,"texture":"#9"},"south":{"uv":[9.0625,4.9375,7.0,4.0],"tintindex":0,"rotation":270,"texture":"#9"},"north":{"uv":[8.5625,6.0,6.5,6.9375],"tintindex":0,"rotation":270,"texture":"#9"},"west":{"uv":[9.0625,5.0,7.0,5.625],"tintindex":0,"rotation":270,"texture":"#9"},"up":{"uv":[11.9375,4.5,11.0,5.125],"tintindex":0,"rotation":0,"texture":"#9"},"down":{"uv":[7.4375,11.0,6.5,11.625],"tintindex":0,"rotation":180,"texture":"#9"}}},{"from":[7.168805,22.651009,10.387415],"to":[8.746265,23.23367,10.561925],"faces":{"east":{"uv":[3.875,12.0,3.5,13.1875],"tintindex":0,"rotation":0,"texture":"#9"},"south":{"uv":[3.0,9.5,2.0,10.6875],"tintindex":0,"rotation":0,"texture":"#9"},"north":{"uv":[4.0,9.5,3.0,10.6875],"tintindex":0,"rotation":0,"texture":"#9"},"west":{"uv":[12.375,3.0,12.0,4.1875],"tintindex":0,"rotation":0,"texture":"#9"},"up":{"uv":[8.875,12.0,8.5,13.0],"tintindex":0,"rotation":90,"texture":"#9"},"down":{"uv":[9.375,13.0,9.0,12.0],"tintindex":0,"rotation":270,"texture":"#9"}},"rotation":{"origin":[8.496485,22.4705,10.472202],"angle":-22.5,"axis":"x"}},{"from":[7.908455,24.243643,12.058505],"to":[7.908455,26.508041,15.59663],"faces":{"east":{"uv":[0.59375,3.0,0.0,3.9375],"tintindex":0,"rotation":90,"texture":"#7"},"west":{"uv":[0.0,3.0,0.59375,3.9375],"tintindex":0,"rotation":270,"texture":"#7"}},"rotation":{"origin":[7.884867,23.85989,9.73916],"angle":-22.5,"axis":"x"}},{"from":[7.898742,26.590843,-1.2325535],"to":[8.169538,27.749262,0.6042652],"faces":{"east":{"uv":[3.0,0.0,4.03125,1.625],"tintindex":0,"rotation":90,"texture":"#16"},"south":{"uv":[3.0,0.0,4.03125,1.625],"tintindex":0,"rotation":270,"texture":"#16"},"north":{"uv":[3.0,0.0,4.03125,1.625],"tintindex":0,"rotation":270,"texture":"#16"},"west":{"uv":[4.03125,0.0,3.0,1.625],"tintindex":0,"rotation":270,"texture":"#16"},"up":{"uv":[3.0,0.0,4.03125,1.625],"tintindex":0,"rotation":0,"texture":"#16"},"down":{"uv":[3.0,0.0,4.03125,1.625],"tintindex":0,"rotation":180,"texture":"#16"}}},{"from":[7.168805,22.610458,9.803547],"to":[8.746265,22.78496,10.3862],"faces":{"east":{"uv":[3.875,12.0,3.5,13.1875],"tintindex":0,"rotation":90,"texture":"#9"},"south":{"uv":[9.375,13.0,9.0,12.0],"tintindex":0,"rotation":270,"texture":"#9"},"north":{"uv":[8.875,12.0,8.5,13.0],"tintindex":0,"rotation":270,"texture":"#9"},"west":{"uv":[12.375,3.0,12.0,4.1875],"tintindex":0,"rotation":270,"texture":"#9"},"up":{"uv":[3.0,9.5,2.0,10.6875],"tintindex":0,"rotation":0,"texture":"#9"},"down":{"uv":[4.0,9.5,3.0,10.6875],"tintindex":0,"rotation":180,"texture":"#9"}},"rotation":{"origin":[8.496485,22.4705,10.472202],"angle":22.5,"axis":"x"}},{"from":[7.0701723,24.58691,10.359537],"to":[8.840262,25.037884,11.1668825],"faces":{"east":{"uv":[5.5,8.0,6.4375,9.625],"tintindex":0,"rotation":90,"texture":"#9"},"south":{"uv":[0.0,10.375,0.9375,9.0],"tintindex":0,"rotation":270,"texture":"#9"},"north":{"uv":[2.0,5.0,2.9375,6.375],"tintindex":0,"rotation":270,"texture":"#9"},"west":{"uv":[4.5,8.0,5.4375,9.625],"tintindex":0,"rotation":270,"texture":"#9"},"up":{"uv":[5.0,6.0,6.375,7.625],"tintindex":0,"rotation":0,"texture":"#9"},"down":{"uv":[6.0,2.0,7.375,3.625],"tintindex":0,"rotation":180,"texture":"#9"}},"rotation":{"origin":[8.253357,25.024797,11.261908],"angle":-45.0,"axis":"x"}},{"from":[7.89599,25.312122,2.7343845],"to":[8.17229,26.482243,4.1385345],"faces":{"east":{"uv":[0.0,5.5,1.03125,6.75],"tintindex":0,"rotation":90,"texture":"#16"},"south":{"uv":[0.0,5.5,1.03125,6.75],"tintindex":0,"rotation":270,"texture":"#16"},"north":{"uv":[0.0,5.5,1.03125,6.75],"tintindex":0,"rotation":270,"texture":"#16"},"west":{"uv":[1.03125,5.5,0.0,6.75],"tintindex":0,"rotation":270,"texture":"#16"},"up":{"uv":[0.0,5.5,1.03125,6.75],"tintindex":0,"rotation":0,"texture":"#16"},"down":{"uv":[0.0,5.5,1.03125,6.75],"tintindex":0,"rotation":180,"texture":"#16"}},"rotation":{"origin":[8.586725,26.269753,3.7957544],"angle":22.5,"axis":"x"}},{"from":[7.4532123,25.477264,11.25485],"to":[8.363689,26.09054,12.387042],"faces":{"east":{"uv":[5.53125,3.875,5.375,4.17188],"tintindex":0,"rotation":90,"texture":"#7"},"south":{"uv":[6.10938,0.25,5.875,0.40625],"tintindex":0,"rotation":180,"texture":"#7"},"north":{"uv":[6.10938,0.15625,5.875,0.0],"tintindex":0,"rotation":0,"texture":"#7"},"west":{"uv":[5.375,3.875,5.53125,4.17188],"tintindex":0,"rotation":270,"texture":"#7"},"up":{"uv":[0.375,4.875,0.60938,5.17188],"tintindex":0,"rotation":0,"texture":"#7"},"down":{"uv":[4.875,2.25,5.10938,2.54688],"tintindex":0,"rotation":180,"texture":"#7"}}},{"from":[7.0979447,24.75917,10.474445],"to":[8.810352,24.99614,11.214515],"faces":{"east":{"uv":[5.0,11.0,5.5,12.5],"tintindex":0,"rotation":90,"texture":"#9"},"south":{"uv":[6.0,12.25,6.5,11.0],"tintindex":0,"rotation":270,"texture":"#9"},"north":{"uv":[5.5,11.0,6.0,12.25],"tintindex":0,"rotation":270,"texture":"#9"},"west":{"uv":[4.5,11.0,5.0,12.5],"tintindex":0,"rotation":270,"texture":"#9"},"up":{"uv":[0.0,7.5,1.25,9.0],"tintindex":0,"rotation":0,"texture":"#9"},"down":{"uv":[6.5,7.0,7.75,8.5],"tintindex":0,"rotation":180,"texture":"#9"}}},{"from":[7.120205,24.751804,10.458065],"to":[8.794865,24.935196,11.154102],"faces":{"east":{"uv":[11.5,10.5,11.875,11.875],"tintindex":0,"rotation":90,"texture":"#9"},"south":{"uv":[6.5,13.1875,6.875,12.0],"tintindex":0,"rotation":270,"texture":"#9"},"north":{"uv":[4.0,12.0,4.375,13.1875],"tintindex":0,"rotation":270,"texture":"#9"},"west":{"uv":[11.5,9.0,11.875,10.375],"tintindex":0,"rotation":270,"texture":"#9"},"up":{"uv":[3.0,8.0,4.1875,9.375],"tintindex":0,"rotation":0,"texture":"#9"},"down":{"uv":[1.5,8.0,2.6875,9.375],"tintindex":0,"rotation":180,"texture":"#9"}},"rotation":{"origin":[7.95581,24.953194,10.636362],"angle":-45.0,"axis":"x"}},{"from":[7.4768,25.52072,12.001272],"to":[8.340102,25.89812,13.652397],"faces":{"east":{"uv":[2.84375,4.125,2.75,4.5625],"tintindex":0,"rotation":90,"texture":"#7"},"south":{"uv":[6.85938,4.5,6.625,4.59375],"tintindex":0,"rotation":180,"texture":"#7"},"north":{"uv":[6.73438,6.21875,6.5,6.125],"tintindex":0,"rotation":0,"texture":"#7"},"west":{"uv":[2.75,4.125,2.84375,4.5625],"tintindex":0,"rotation":270,"texture":"#7"},"up":{"uv":[1.0,4.0,1.23438,4.4375],"tintindex":0,"rotation":0,"texture":"#7"},"down":{"uv":[4.375,3.0,4.60938,3.4375],"tintindex":0,"rotation":180,"texture":"#7"}},"rotation":{"origin":[7.884867,23.85989,9.73916],"angle":-22.5,"axis":"x"}},{"from":[7.4178348,22.370195,10.155087],"to":[8.399075,23.030645,11.428812],"faces":{"east":{"uv":[5.0,0.875,5.17188,1.21875],"tintindex":0,"rotation":90,"texture":"#7"},"south":{"uv":[5.76563,0.54688,5.5,0.375],"tintindex":0,"rotation":180,"texture":"#7"},"north":{"uv":[5.76563,0.0,5.5,0.17188],"tintindex":0,"rotation":0,"texture":"#7"},"west":{"uv":[5.17188,0.875,5.0,1.21875],"tintindex":0,"rotation":270,"texture":"#7"},"up":{"uv":[4.64063,4.375,4.375,4.71875],"tintindex":0,"rotation":0,"texture":"#7"},"down":{"uv":[4.64063,4.0,4.375,4.34375],"tintindex":0,"rotation":180,"texture":"#7"}},"rotation":{"origin":[7.884867,24.185314,9.73916],"angle":-22.5,"axis":"x"}},{"from":[7.457225,23.468758,12.68693],"to":[8.532417,24.54395,13.6946745],"faces":{"east":{"uv":[9.5,8.5,10.9375,9.34375],"tintindex":0,"rotation":90,"texture":"#8"},"south":{"uv":[9.4375,0.0,8.0,1.4375],"tintindex":0,"rotation":180,"texture":"#8"},"north":{"uv":[7.9375,8.9375,6.5,7.5],"tintindex":0,"rotation":0,"texture":"#8"},"west":{"uv":[9.5,0.0,10.9375,0.84375],"tintindex":0,"rotation":270,"texture":"#8"},"up":{"uv":[6.5,9.0,7.9375,9.84375],"tintindex":0,"rotation":0,"texture":"#8"},"down":{"uv":[4.5,9.5,5.9375,10.34375],"tintindex":0,"rotation":180,"texture":"#8"}}},{"from":[7.894595,22.2701,5.5455875],"to":[8.173685,22.857027,7.5143375],"faces":{"east":{"uv":[3.53125,5.5,3.0,7.25],"tintindex":0,"rotation":90,"texture":"#16"},"south":{"uv":[3.53125,5.5,3.0,7.25],"tintindex":0,"rotation":270,"texture":"#16"},"north":{"uv":[3.53125,5.5,3.0,7.25],"tintindex":0,"rotation":270,"texture":"#16"},"west":{"uv":[3.0,5.5,3.53125,7.25],"tintindex":0,"rotation":270,"texture":"#16"},"up":{"uv":[3.53125,5.5,3.0,7.25],"tintindex":0,"rotation":0,"texture":"#16"},"down":{"uv":[3.53125,5.5,3.0,7.25],"tintindex":0,"rotation":180,"texture":"#16"}}},{"from":[7.915865,23.803617,1.408227],"to":[8.205553,24.284203,1.8888273],"faces":{"east":{"uv":[0.0,1.5,0.5,2.0],"tintindex":0,"rotation":90,"texture":"#16"},"south":{"uv":[3.0,0.5,2.5,0.625],"tintindex":0,"rotation":270,"texture":"#16"},"north":{"uv":[1.0,2.625,0.5,2.5],"tintindex":0,"rotation":270,"texture":"#16"},"west":{"uv":[0.5,1.5,1.0,2.0],"tintindex":0,"rotation":270,"texture":"#16"},"up":{"uv":[2.0,1.5,2.125,2.0],"tintindex":0,"rotation":0,"texture":"#16"},"down":{"uv":[2.5,0.0,2.625,0.5],"tintindex":0,"rotation":180,"texture":"#16"}},"rotation":{"origin":[8.089678,24.050495,1.6578875],"angle":45.0,"axis":"x"}},{"from":[7.4650097,24.907444,12.001272],"to":[8.3519,25.52072,13.039123],"faces":{"east":{"uv":[5.15625,5.5,5.0,5.78125],"tintindex":0,"rotation":90,"texture":"#7"},"south":{"uv":[0.23438,5.875,0.0,6.03125],"tintindex":0,"rotation":180,"texture":"#7"},"north":{"uv":[5.98438,3.03125,5.75,2.875],"tintindex":0,"rotation":0,"texture":"#7"},"west":{"uv":[5.0,5.5,5.15625,5.78125],"tintindex":0,"rotation":270,"texture":"#7"},"up":{"uv":[3.625,4.875,3.85938,5.15625],"tintindex":0,"rotation":0,"texture":"#7"},"down":{"uv":[3.875,4.875,4.10938,5.15625],"tintindex":0,"rotation":180,"texture":"#7"}},"rotation":{"origin":[7.884867,23.85989,9.73916],"angle":-22.5,"axis":"x"}},{"from":[7.6037297,23.607845,12.15803],"to":[8.400747,24.404861,16.660889],"faces":{"east":{"uv":[1.5,4.0,2.5625,9.0],"tintindex":0,"rotation":90,"texture":"#8"},"south":{"uv":[1.5,4.0,2.5625,9.0],"tintindex":0,"rotation":270,"texture":"#8"},"north":{"uv":[1.5,4.0,2.5625,9.0],"tintindex":0,"rotation":270,"texture":"#8"},"west":{"uv":[1.5,4.0,2.5625,9.0],"tintindex":0,"rotation":270,"texture":"#8"},"up":{"uv":[1.5,4.0,2.5625,9.0],"tintindex":0,"rotation":0,"texture":"#8"},"down":{"uv":[1.5,4.0,2.5625,9.0],"tintindex":0,"rotation":180,"texture":"#8"}}},{"from":[6.9274926,23.602858,10.0518875],"to":[9.008742,26.142208,12.0269375],"faces":{"east":{"uv":[0.0,0.0,4.5,4.5],"tintindex":0,"rotation":90,"texture":"#10"},"south":{"uv":[9.5,0.5,5.0,1.0],"tintindex":0,"rotation":270,"texture":"#10"},"north":{"uv":[9.5,0.5,5.0,0.0],"tintindex":0,"rotation":270,"texture":"#10"},"west":{"uv":[4.5,0.0,0.0,4.5],"tintindex":0,"rotation":270,"texture":"#10"},"up":{"uv":[4.5,0.0,5.0,4.5],"tintindex":0,"rotation":0,"texture":"#10"},"down":{"uv":[4.5,4.5,5.0,9.0],"tintindex":0,"rotation":180,"texture":"#10"}},"rotation":{"origin":[9.093388,24.294117,11.920092],"angle":22.5,"axis":"x"}},{"from":[7.898742,20.295942,-1.2325535],"to":[8.169538,21.454363,0.6042652],"faces":{"east":{"uv":[4.03125,0.0,3.0,1.625],"tintindex":0,"rotation":90,"texture":"#16"},"south":{"uv":[4.03125,0.0,3.0,1.625],"tintindex":0,"rotation":270,"texture":"#16"},"north":{"uv":[4.03125,0.0,3.0,1.625],"tintindex":0,"rotation":270,"texture":"#16"},"west":{"uv":[3.0,0.0,4.03125,1.625],"tintindex":0,"rotation":270,"texture":"#16"},"up":{"uv":[4.03125,0.0,3.0,1.625],"tintindex":0,"rotation":0,"texture":"#16"},"down":{"uv":[4.03125,0.0,3.0,1.625],"tintindex":0,"rotation":180,"texture":"#16"}}},{"from":[6.957935,23.229027,10.95302],"to":[7.80029,24.71858,12.066597],"faces":{"east":{"uv":[0.0,0.0,2.875,2.125],"tintindex":0,"rotation":90,"texture":"#9"},"south":{"uv":[5.875,2.0,3.0,3.625],"tintindex":0,"rotation":270,"texture":"#9"},"north":{"uv":[5.875,1.625,3.0,0.0],"tintindex":0,"rotation":270,"texture":"#9"},"west":{"uv":[0.0,2.5,2.875,4.625],"tintindex":0,"rotation":270,"texture":"#9"},"up":{"uv":[3.0,4.0,4.625,6.125],"tintindex":0,"rotation":0,"texture":"#9"},"down":{"uv":[0.0,5.0,1.625,7.125],"tintindex":0,"rotation":180,"texture":"#9"}}},{"from":[7.168805,24.744694,10.387415],"to":[8.746265,25.327347,10.561925],"faces":{"east":{"uv":[3.875,13.1875,3.5,12.0],"tintindex":0,"rotation":0,"texture":"#9"},"south":{"uv":[3.0,10.6875,2.0,9.5],"tintindex":0,"rotation":0,"texture":"#9"},"north":{"uv":[4.0,10.6875,3.0,9.5],"tintindex":0,"rotation":0,"texture":"#9"},"west":{"uv":[12.375,4.1875,12.0,3.0],"tintindex":0,"rotation":0,"texture":"#9"},"up":{"uv":[9.375,12.0,9.0,13.0],"tintindex":0,"rotation":90,"texture":"#9"},"down":{"uv":[8.875,13.0,8.5,12.0],"tintindex":0,"rotation":270,"texture":"#9"}},"rotation":{"origin":[8.496485,25.507866,10.472202],"angle":22.5,"axis":"x"}},{"from":[7.87325,22.928623,9.542585],"to":[8.160868,23.210411,10.674492],"faces":{"east":{"uv":[1.75,8.5,1.5,9.5],"tintindex":0,"rotation":90,"texture":"#16"},"south":{"uv":[9.5,9.0,9.75,9.25],"tintindex":0,"rotation":270,"texture":"#16"},"north":{"uv":[9.0,9.75,9.25,9.5],"tintindex":0,"rotation":270,"texture":"#16"},"west":{"uv":[7.25,8.5,7.0,9.5],"tintindex":0,"rotation":270,"texture":"#16"},"up":{"uv":[7.75,8.5,7.5,9.5],"tintindex":0,"rotation":0,"texture":"#16"},"down":{"uv":[8.75,6.5,8.5,7.5],"tintindex":0,"rotation":180,"texture":"#16"}},"rotation":{"origin":[8.592304,22.946262,10.185289],"angle":45.0,"axis":"x"}},{"from":[7.0958076,24.667707,10.798491],"to":[8.814628,25.085278,11.54603],"faces":{"east":{"uv":[1.0,9.5,1.8125,11.0],"tintindex":0,"rotation":90,"texture":"#9"},"south":{"uv":[10.5,1.3125,11.3125,0.0],"tintindex":0,"rotation":270,"texture":"#9"},"north":{"uv":[0.0,10.5,0.8125,11.8125],"tintindex":0,"rotation":270,"texture":"#9"},"west":{"uv":[9.5,0.0,10.3125,1.5],"tintindex":0,"rotation":270,"texture":"#9"},"up":{"uv":[3.5,6.5,4.8125,8.0],"tintindex":0,"rotation":0,"texture":"#9"},"down":{"uv":[2.0,6.5,3.3125,8.0],"tintindex":0,"rotation":180,"texture":"#9"}},"rotation":{"origin":[8.231142,24.092232,11.466252],"angle":-22.5,"axis":"x"}},{"from":[7.9118676,22.21916,1.8387127],"to":[7.9118676,25.909018,11.0074625],"faces":{"east":{"uv":[3.6875,6.25,2.525,2.9875],"tintindex":0,"rotation":270,"texture":"#13"},"south":{"uv":[3.6875,2.9875,2.525,6.25],"tintindex":0,"rotation":270,"texture":"#13"},"north":{"uv":[3.6875,2.9875,2.525,6.25],"tintindex":0,"rotation":270,"texture":"#13"},"west":{"uv":[3.6875,2.9875,2.525,6.25],"tintindex":0,"rotation":270,"texture":"#13"},"up":{"uv":[3.6875,2.9875,2.525,6.25],"tintindex":0,"rotation":270,"texture":"#13"},"down":{"uv":[3.6875,2.9875,2.525,6.25],"tintindex":0,"rotation":270,"texture":"#13"}}},{"from":[7.9000998,26.279877,-1.3983936],"to":[8.168188,27.300327,-0.9318619],"faces":{"east":{"uv":[3.0,7.5,3.90625,7.90625],"tintindex":0,"rotation":90,"texture":"#16"},"south":{"uv":[3.0,7.5,3.90625,7.90625],"tintindex":0,"rotation":270,"texture":"#16"},"north":{"uv":[3.0,7.5,3.90625,7.90625],"tintindex":0,"rotation":270,"texture":"#16"},"west":{"uv":[3.90625,7.5,3.0,7.90625],"tintindex":0,"rotation":270,"texture":"#16"},"up":{"uv":[3.0,7.5,3.90625,7.90625],"tintindex":0,"rotation":0,"texture":"#16"},"down":{"uv":[3.0,7.5,3.90625,7.90625],"tintindex":0,"rotation":180,"texture":"#16"}},"rotation":{"origin":[8.03414,27.292902,-0.55077934],"angle":22.5,"axis":"x"}},{"from":[7.1440773,24.798687,10.640884],"to":[8.770992,25.43903,10.854725],"faces":{"east":{"uv":[10.5,6.5,11.8125,6.9375],"tintindex":0,"rotation":90,"texture":"#9"},"south":{"uv":[6.5,9.625,7.8125,8.5],"tintindex":0,"rotation":270,"texture":"#9"},"north":{"uv":[8.0,7.0,9.3125,8.125],"tintindex":0,"rotation":270,"texture":"#9"},"west":{"uv":[7.5,3.5,8.8125,3.9375],"tintindex":0,"rotation":270,"texture":"#9"},"up":{"uv":[0.0,12.0,1.125,12.4375],"tintindex":0,"rotation":0,"texture":"#9"},"down":{"uv":[11.5,1.0,12.625,1.4375],"tintindex":0,"rotation":180,"texture":"#9"}},"rotation":{"origin":[7.95581,24.962711,10.648872],"angle":22.5,"axis":"x"}},{"from":[7.8837423,21.885101,-3.9231625],"to":[8.052492,26.160103,-1.8606625],"faces":{"east":{"uv":[1.0,0.38359,1.74766,0.93828],"tintindex":0,"rotation":90,"texture":"#19"},"south":{"uv":[13.25,0.0,16.0,5.375],"tintindex":0,"rotation":270,"texture":"#19"},"north":{"uv":[16.0,0.0,11.63281,5.05469],"tintindex":0,"rotation":270,"texture":"#19"},"west":{"uv":[1.74766,0.38359,1.0,0.93828],"tintindex":0,"rotation":270,"texture":"#19"},"up":{"uv":[16.0,0.0,12.77344,5.375],"tintindex":0,"rotation":0,"texture":"#19"},"down":{"uv":[13.25,0.0,16.0,5.375],"tintindex":0,"rotation":180,"texture":"#19"}}},{"from":[7.880435,24.837433,9.592535],"to":[8.16518,25.116402,10.156258],"faces":{"east":{"uv":[9.5,5.5,9.75,6.0],"tintindex":0,"rotation":90,"texture":"#16"},"south":{"uv":[0.25,10.0,0.0,10.25],"tintindex":0,"rotation":270,"texture":"#16"},"north":{"uv":[9.75,9.75,9.5,9.5],"tintindex":0,"rotation":270,"texture":"#16"},"west":{"uv":[6.5,9.5,6.75,10.0],"tintindex":0,"rotation":270,"texture":"#16"},"up":{"uv":[9.5,6.0,9.75,6.5],"tintindex":0,"rotation":0,"texture":"#16"},"down":{"uv":[9.5,6.5,9.75,7.0],"tintindex":0,"rotation":180,"texture":"#16"}},"rotation":{"origin":[8.592304,25.098942,10.185289],"angle":-22.5,"axis":"x"}},{"from":[7.429625,22.89653,11.575287],"to":[8.387278,24.170254,12.188562],"faces":{"east":{"uv":[5.125,3.84375,5.28125,3.5],"tintindex":0,"rotation":180,"texture":"#7"},"south":{"uv":[3.875,4.5,4.125,4.84375],"tintindex":0,"rotation":0,"texture":"#7"},"north":{"uv":[4.125,4.5,4.375,4.84375],"tintindex":0,"rotation":0,"texture":"#7"},"west":{"uv":[5.125,3.5,5.28125,3.84375],"tintindex":0,"rotation":0,"texture":"#7"},"up":{"uv":[5.875,5.28125,5.625,5.125],"tintindex":0,"rotation":180,"texture":"#7"},"down":{"uv":[0.875,5.75,0.625,5.90625],"tintindex":0,"rotation":180,"texture":"#7"}},"rotation":{"origin":[7.884867,23.85989,9.73916],"angle":-45.0,"axis":"x"}},{"from":[7.20701,25.085278,9.905428],"to":[8.708059,25.535517,10.426752],"faces":{"east":{"uv":[9.5,10.5,10.375,11.5625],"tintindex":0,"rotation":90,"texture":"#9"},"south":{"uv":[11.0,4.375,11.875,3.5],"tintindex":0,"rotation":270,"texture":"#9"},"north":{"uv":[3.5,11.0,4.375,11.875],"tintindex":0,"rotation":270,"texture":"#9"},"west":{"uv":[10.5,8.0,11.375,9.0625],"tintindex":0,"rotation":270,"texture":"#9"},"up":{"uv":[10.5,10.5,11.375,11.5625],"tintindex":0,"rotation":0,"texture":"#9"},"down":{"uv":[8.5,10.5,9.375,11.5625],"tintindex":0,"rotation":180,"texture":"#9"}}},{"from":[8.130552,23.803617,1.3223448],"to":[7.840865,24.284203,1.8029375],"faces":{"east":{"uv":[1.0,2.0,1.5,1.5],"tintindex":0,"rotation":90,"texture":"#14"},"south":{"uv":[2.0,2.5,1.5,2.625],"tintindex":0,"rotation":270,"texture":"#14"},"north":{"uv":[3.0,1.625,2.5,1.5],"tintindex":0,"rotation":270,"texture":"#14"},"west":{"uv":[1.5,2.0,2.0,1.5],"tintindex":0,"rotation":270,"texture":"#14"},"up":{"uv":[1.0,3.0,1.125,2.5],"tintindex":0,"rotation":0,"texture":"#14"},"down":{"uv":[2.5,1.5,2.625,1.0],"tintindex":0,"rotation":180,"texture":"#14"}},"rotation":{"origin":[7.4353023,24.050495,1.553277],"angle":-45.0,"axis":"x"}},{"from":[7.9000998,20.744877,-1.3983936],"to":[8.168188,21.765327,-0.9318619],"faces":{"east":{"uv":[3.90625,7.5,3.0,7.90625],"tintindex":0,"rotation":90,"texture":"#16"},"south":{"uv":[3.90625,7.5,3.0,7.90625],"tintindex":0,"rotation":270,"texture":"#16"},"north":{"uv":[3.90625,7.5,3.0,7.90625],"tintindex":0,"rotation":270,"texture":"#16"},"west":{"uv":[3.0,7.5,3.90625,7.90625],"tintindex":0,"rotation":270,"texture":"#16"},"up":{"uv":[3.90625,7.5,3.0,7.90625],"tintindex":0,"rotation":0,"texture":"#16"},"down":{"uv":[3.90625,7.5,3.0,7.90625],"tintindex":0,"rotation":180,"texture":"#16"}},"rotation":{"origin":[8.03414,20.752302,-0.55077934],"angle":-22.5,"axis":"x"}},{"from":[7.901435,23.91344,-2.0135345],"to":[8.166845,26.862965,-0.92505264],"faces":{"east":{"uv":[0.0,0.0,2.625,0.96875],"tintindex":0,"rotation":90,"texture":"#16"},"south":{"uv":[0.0,0.0,2.625,0.96875],"tintindex":0,"rotation":270,"texture":"#16"},"north":{"uv":[0.0,0.0,2.625,0.96875],"tintindex":0,"rotation":270,"texture":"#16"},"west":{"uv":[2.625,0.0,0.0,0.96875],"tintindex":0,"rotation":270,"texture":"#16"},"up":{"uv":[0.0,0.0,2.625,0.96875],"tintindex":0,"rotation":0,"texture":"#16"},"down":{"uv":[0.0,0.0,2.625,0.96875],"tintindex":0,"rotation":180,"texture":"#16"}},"rotation":{"origin":[8.03414,25.938417,-0.5581608],"angle":45.0,"axis":"x"}},{"from":[7.8875523,21.881697,9.338097],"to":[8.169455,23.175447,10.313194],"faces":{"east":{"uv":[6.65625,1.5,5.5,2.375],"tintindex":0,"rotation":90,"texture":"#16"},"south":{"uv":[6.65625,1.5,5.5,2.375],"tintindex":0,"rotation":270,"texture":"#16"},"north":{"uv":[6.65625,1.5,5.5,2.375],"tintindex":0,"rotation":270,"texture":"#16"},"west":{"uv":[6.65625,1.5,5.5,2.375],"tintindex":0,"rotation":270,"texture":"#16"},"up":{"uv":[6.65625,1.5,5.5,2.375],"tintindex":0,"rotation":0,"texture":"#16"},"down":{"uv":[6.65625,1.5,5.5,2.375],"tintindex":0,"rotation":180,"texture":"#16"}},"rotation":{"origin":[8.592304,22.652802,9.891823],"angle":-45.0,"axis":"x"}},{"from":[7.8875523,25.428852,7.2858047],"to":[8.169455,26.103851,8.523305],"faces":{"east":{"uv":[0.0,7.0,0.59375,8.09375],"tintindex":0,"rotation":90,"texture":"#16"},"south":{"uv":[0.0,7.0,0.59375,8.09375],"tintindex":0,"rotation":270,"texture":"#16"},"north":{"uv":[0.0,7.0,0.59375,8.09375],"tintindex":0,"rotation":270,"texture":"#16"},"west":{"uv":[0.59375,7.0,0.0,8.09375],"tintindex":0,"rotation":270,"texture":"#16"},"up":{"uv":[0.0,7.0,0.59375,8.09375],"tintindex":0,"rotation":0,"texture":"#16"},"down":{"uv":[0.0,7.0,0.59375,8.09375],"tintindex":0,"rotation":180,"texture":"#16"}},"rotation":{"origin":[8.592304,25.68587,8.131077],"angle":-22.5,"axis":"x"}},{"from":[7.1714525,22.827343,9.72785],"to":[8.74361,22.999992,10.3043375],"faces":{"east":{"uv":[3.875,12.0,3.5,13.1875],"tintindex":0,"rotation":90,"texture":"#9"},"south":{"uv":[9.375,13.0,9.0,12.0],"tintindex":0,"rotation":270,"texture":"#9"},"north":{"uv":[8.875,12.0,8.5,13.0],"tintindex":0,"rotation":270,"texture":"#9"},"west":{"uv":[12.375,3.0,12.0,4.1875],"tintindex":0,"rotation":270,"texture":"#9"},"up":{"uv":[3.0,9.5,2.0,10.6875],"tintindex":0,"rotation":0,"texture":"#9"},"down":{"uv":[4.0,9.5,3.0,10.6875],"tintindex":0,"rotation":180,"texture":"#9"}},"rotation":{"origin":[7.9615397,22.637705,10.088989],"angle":45.0,"axis":"x"}},{"from":[7.289795,25.35467,9.934647],"to":[8.625267,25.79618,10.24271],"faces":{"east":{"uv":[11.5,0.0,12.375,0.625],"tintindex":0,"rotation":90,"texture":"#9"},"south":{"uv":[9.5,6.0,10.375,5.5],"tintindex":0,"rotation":270,"texture":"#9"},"north":{"uv":[8.0,1.5,8.875,2.0],"tintindex":0,"rotation":270,"texture":"#9"},"west":{"uv":[11.0,7.0,11.875,7.625],"tintindex":0,"rotation":270,"texture":"#9"},"up":{"uv":[9.5,12.0,10.0,12.625],"tintindex":0,"rotation":0,"texture":"#9"},"down":{"uv":[12.0,9.0,12.5,9.625],"tintindex":0,"rotation":180,"texture":"#9"}},"rotation":{"origin":[7.95581,25.536102,10.073509],"angle":-22.5,"axis":"x"}},{"from":[7.894595,21.615013,3.7412977],"to":[8.173685,22.785133,5.2624626],"faces":{"east":{"uv":[4.03125,4.0,3.0,5.34375],"tintindex":0,"rotation":90,"texture":"#16"},"south":{"uv":[4.03125,4.0,3.0,5.34375],"tintindex":0,"rotation":270,"texture":"#16"},"north":{"uv":[4.03125,4.0,3.0,5.34375],"tintindex":0,"rotation":270,"texture":"#16"},"west":{"uv":[3.0,4.0,4.03125,5.34375],"tintindex":0,"rotation":270,"texture":"#16"},"up":{"uv":[4.03125,4.0,3.0,5.34375],"tintindex":0,"rotation":0,"texture":"#16"},"down":{"uv":[4.03125,4.0,3.0,5.34375],"tintindex":0,"rotation":180,"texture":"#16"}}},{"from":[7.4532123,21.954664,11.25485],"to":[8.363689,22.56794,12.387042],"faces":{"east":{"uv":[5.375,3.875,5.53125,4.17188],"tintindex":0,"rotation":90,"texture":"#7"},"south":{"uv":[6.10938,0.40625,5.875,0.25],"tintindex":0,"rotation":180,"texture":"#7"},"north":{"uv":[6.10938,0.0,5.875,0.15625],"tintindex":0,"rotation":0,"texture":"#7"},"west":{"uv":[5.53125,3.875,5.375,4.17188],"tintindex":0,"rotation":270,"texture":"#7"},"up":{"uv":[5.10938,2.25,4.875,2.54688],"tintindex":0,"rotation":0,"texture":"#7"},"down":{"uv":[0.60938,4.875,0.375,5.17188],"tintindex":0,"rotation":180,"texture":"#7"}}},{"from":[7.429625,22.883743,10.933325],"to":[8.387278,24.157467,11.593775],"faces":{"east":{"uv":[2.42188,5.0,2.25,5.34375],"tintindex":0,"rotation":0,"texture":"#16"},"south":{"uv":[2.5,4.625,2.25,4.96875],"tintindex":0,"rotation":0,"texture":"#16"},"north":{"uv":[2.25,4.625,2.0,4.96875],"tintindex":0,"rotation":0,"texture":"#16"},"west":{"uv":[2.17188,5.0,2.0,5.34375],"tintindex":0,"rotation":0,"texture":"#16"},"up":{"uv":[5.875,0.875,5.625,1.04688],"tintindex":0,"rotation":180,"texture":"#16"},"down":{"uv":[1.375,5.79688,1.125,5.625],"tintindex":0,"rotation":180,"texture":"#16"}},"rotation":{"origin":[7.884867,23.85989,9.73916],"angle":-45.0,"axis":"x"}},{"from":[7.93856,22.185102,12.726837],"to":[8.107309,23.760101,16.889338],"faces":{"east":{"uv":[1.30469,4.25,1.14844,4.875],"tintindex":0,"rotation":90,"texture":"#19"},"south":{"uv":[16.0,0.0,13.25,5.375],"tintindex":0,"rotation":270,"texture":"#19"},"north":{"uv":[11.63281,0.0,16.0,5.05469],"tintindex":0,"rotation":270,"texture":"#19"},"west":{"uv":[1.14844,4.25,1.30469,4.875],"tintindex":0,"rotation":270,"texture":"#19"},"up":{"uv":[16.0,0.0,13.25,5.375],"tintindex":0,"rotation":0,"texture":"#19"},"down":{"uv":[12.77344,0.0,16.0,5.375],"tintindex":0,"rotation":180,"texture":"#19"}}},{"from":[6.9371676,23.55098,12.089562],"to":[8.989933,24.407772,12.456357],"faces":{"east":{"uv":[10.625,2.5,9.0,3.25],"tintindex":0,"rotation":90,"texture":"#9"},"south":{"uv":[5.625,10.6875,4.0,10.0],"tintindex":0,"rotation":270,"texture":"#9"},"north":{"uv":[9.625,9.5,8.0,10.1875],"tintindex":0,"rotation":270,"texture":"#9"},"west":{"uv":[10.625,1.5,9.0,2.25],"tintindex":0,"rotation":270,"texture":"#9"},"up":{"uv":[12.1875,5.5,11.5,6.25],"tintindex":0,"rotation":0,"texture":"#9"},"down":{"uv":[12.1875,8.0,11.5,8.75],"tintindex":0,"rotation":180,"texture":"#9"}}},{"from":[6.9274926,21.839241,9.995638],"to":[9.008742,24.37859,11.970688],"faces":{"east":{"uv":[4.5,0.0,0.0,4.5],"tintindex":0,"rotation":90,"texture":"#10"},"south":{"uv":[5.0,0.5,9.5,1.0],"tintindex":0,"rotation":270,"texture":"#10"},"north":{"uv":[5.0,0.5,9.5,0.0],"tintindex":0,"rotation":270,"texture":"#10"},"west":{"uv":[0.0,0.0,4.5,4.5],"tintindex":0,"rotation":270,"texture":"#10"},"up":{"uv":[5.0,4.5,4.5,9.0],"tintindex":0,"rotation":0,"texture":"#10"},"down":{"uv":[5.0,0.0,4.5,4.5],"tintindex":0,"rotation":180,"texture":"#10"}},"rotation":{"origin":[9.093388,23.786076,11.863842],"angle":-22.5,"axis":"x"}},{"from":[7.11719,24.846184,10.557957],"to":[8.79788,25.03142,11.261023],"faces":{"east":{"uv":[8.0,11.5,8.375,12.9375],"tintindex":0,"rotation":90,"texture":"#9"},"south":{"uv":[7.0,13.1875,7.375,12.0],"tintindex":0,"rotation":270,"texture":"#9"},"north":{"uv":[12.0,6.5,12.375,7.6875],"tintindex":0,"rotation":270,"texture":"#9"},"west":{"uv":[7.5,11.5,7.875,12.9375],"tintindex":0,"rotation":270,"texture":"#9"},"up":{"uv":[8.0,0.0,9.1875,1.4375],"tintindex":0,"rotation":0,"texture":"#9"},"down":{"uv":[7.5,2.0,8.6875,3.4375],"tintindex":0,"rotation":180,"texture":"#9"}},"rotation":{"origin":[7.8643923,24.791584,10.8447275],"angle":-22.5,"axis":"x"}},{"from":[7.576947,23.575647,15.886999],"to":[8.438368,24.437067,16.693916],"faces":{"east":{"uv":[3.0,9.0,4.15625,10.0625],"tintindex":0,"rotation":90,"texture":"#8"},"south":{"uv":[9.65625,6.0,8.5,7.15625],"tintindex":0,"rotation":180,"texture":"#8"},"north":{"uv":[9.65625,5.65625,8.5,4.5],"tintindex":0,"rotation":0,"texture":"#8"},"west":{"uv":[0.0,9.0,1.15625,10.0625],"tintindex":0,"rotation":270,"texture":"#8"},"up":{"uv":[8.0,8.5,9.15625,9.5625],"tintindex":0,"rotation":0,"texture":"#8"},"down":{"uv":[1.5,9.0,2.65625,10.0625],"tintindex":0,"rotation":180,"texture":"#8"}}},{"from":[7.4885974,24.019947,13.052547],"to":[8.328312,24.161472,13.665822],"faces":{"east":{"uv":[6.90625,7.25,6.75,7.28125],"tintindex":0,"rotation":0,"texture":"#7"},"south":{"uv":[5.96875,7.25,5.75,7.28125],"tintindex":0,"rotation":0,"texture":"#7"},"north":{"uv":[7.46875,5.625,7.25,5.65625],"tintindex":0,"rotation":0,"texture":"#7"},"west":{"uv":[6.65625,7.25,6.5,7.28125],"tintindex":0,"rotation":0,"texture":"#7"},"up":{"uv":[6.09375,4.125,5.875,4.28125],"tintindex":0,"rotation":180,"texture":"#7"},"down":{"uv":[6.09375,4.53125,5.875,4.375],"tintindex":0,"rotation":180,"texture":"#7"}},"rotation":{"origin":[7.884867,23.85989,9.73916],"angle":-45.0,"axis":"x"}},{"from":[8.135944,23.229027,10.95302],"to":[8.9783,24.71858,12.066597],"faces":{"east":{"uv":[2.875,2.5,0.0,4.625],"tintindex":0,"rotation":90,"texture":"#9"},"south":{"uv":[5.875,3.625,3.0,2.0],"tintindex":0,"rotation":270,"texture":"#9"},"north":{"uv":[5.875,0.0,3.0,1.625],"tintindex":0,"rotation":270,"texture":"#9"},"west":{"uv":[2.875,0.0,0.0,2.125],"tintindex":0,"rotation":270,"texture":"#9"},"up":{"uv":[4.625,4.0,3.0,6.125],"tintindex":0,"rotation":0,"texture":"#9"},"down":{"uv":[1.625,5.0,0.0,7.125],"tintindex":0,"rotation":180,"texture":"#9"}}},{"from":[7.0979447,22.982218,10.474445],"to":[8.810352,23.219187,11.214515],"faces":{"east":{"uv":[5.5,11.0,5.0,12.5],"tintindex":0,"rotation":90,"texture":"#9"},"south":{"uv":[6.5,12.25,6.0,11.0],"tintindex":0,"rotation":270,"texture":"#9"},"north":{"uv":[6.0,11.0,5.5,12.25],"tintindex":0,"rotation":270,"texture":"#9"},"west":{"uv":[5.0,11.0,4.5,12.5],"tintindex":0,"rotation":270,"texture":"#9"},"up":{"uv":[7.75,7.0,6.5,8.5],"tintindex":0,"rotation":0,"texture":"#9"},"down":{"uv":[1.25,7.5,0.0,9.0],"tintindex":0,"rotation":180,"texture":"#9"}}},{"from":[7.11719,22.946945,10.557957],"to":[8.79788,23.13218,11.261023],"faces":{"east":{"uv":[8.375,11.5,8.0,12.9375],"tintindex":0,"rotation":90,"texture":"#9"},"south":{"uv":[7.375,13.1875,7.0,12.0],"tintindex":0,"rotation":270,"texture":"#9"},"north":{"uv":[12.375,6.5,12.0,7.6875],"tintindex":0,"rotation":270,"texture":"#9"},"west":{"uv":[7.875,11.5,7.5,12.9375],"tintindex":0,"rotation":270,"texture":"#9"},"up":{"uv":[8.6875,2.0,7.5,3.4375],"tintindex":0,"rotation":0,"texture":"#9"},"down":{"uv":[9.1875,0.0,8.0,1.4375],"tintindex":0,"rotation":180,"texture":"#9"}},"rotation":{"origin":[7.8643923,23.186779,10.8447275],"angle":22.5,"axis":"x"}},{"from":[7.85876,24.224487,10.464102],"to":[8.152227,25.104881,11.065707],"faces":{"east":{"uv":[5.0,7.0,5.78125,7.53125],"tintindex":0,"rotation":90,"texture":"#16"},"south":{"uv":[5.78125,9.0,5.0,9.25],"tintindex":0,"rotation":270,"texture":"#16"},"north":{"uv":[4.78125,9.25,4.0,9.0],"tintindex":0,"rotation":270,"texture":"#16"},"west":{"uv":[6.0,7.0,6.78125,7.53125],"tintindex":0,"rotation":270,"texture":"#16"},"up":{"uv":[3.0,9.5,3.25,10.03125],"tintindex":0,"rotation":0,"texture":"#16"},"down":{"uv":[3.5,9.5,3.75,10.03125],"tintindex":0,"rotation":180,"texture":"#16"}}},{"from":[7.9962425,17.835102,-6.5481625],"to":[8.089993,30.210102,17.639338],"faces":{"east":{"uv":[0.0,0.0,2.75,5.375],"tintindex":0,"rotation":90,"texture":"#17"},"south":{"uv":[13.25,0.0,16.0,5.375],"tintindex":0,"rotation":270,"texture":"#17"},"north":{"uv":[16.0,0.0,11.63281,5.05469],"tintindex":0,"rotation":270,"texture":"#17"},"west":{"uv":[2.75,0.0,0.0,5.375],"tintindex":0,"rotation":270,"texture":"#17"},"up":{"uv":[16.0,0.0,12.77344,5.375],"tintindex":0,"rotation":0,"texture":"#17"},"down":{"uv":[13.25,0.0,16.0,5.375],"tintindex":0,"rotation":180,"texture":"#17"}}},{"from":[7.9055147,26.972517,0.378582],"to":[8.173603,28.262436,1.9038725],"faces":{"east":{"uv":[0.0,4.0,1.15625,5.34375],"tintindex":0,"rotation":90,"texture":"#16"},"south":{"uv":[0.0,4.0,1.15625,5.34375],"tintindex":0,"rotation":270,"texture":"#16"},"north":{"uv":[0.0,4.0,1.15625,5.34375],"tintindex":0,"rotation":270,"texture":"#16"},"west":{"uv":[1.15625,4.0,0.0,5.34375],"tintindex":0,"rotation":270,"texture":"#16"},"up":{"uv":[0.0,4.0,1.15625,5.34375],"tintindex":0,"rotation":0,"texture":"#16"},"down":{"uv":[0.0,4.0,1.15625,5.34375],"tintindex":0,"rotation":180,"texture":"#16"}}},{"from":[7.541705,23.40989,11.226837],"to":[8.447773,24.598099,12.576838],"faces":{"east":{"uv":[8.5,3.5,10.09375,4.4375],"tintindex":0,"rotation":90,"texture":"#8"},"south":{"uv":[6.09375,7.5,4.5,9.09375],"tintindex":0,"rotation":180,"texture":"#8"},"north":{"uv":[8.09375,7.09375,6.5,5.5],"tintindex":0,"rotation":0,"texture":"#8"},"west":{"uv":[8.0,2.5,9.59375,3.4375],"tintindex":0,"rotation":270,"texture":"#8"},"up":{"uv":[8.0,1.5,9.59375,2.4375],"tintindex":0,"rotation":0,"texture":"#8"},"down":{"uv":[8.0,7.5,9.59375,8.4375],"tintindex":0,"rotation":180,"texture":"#8"}}},{"from":[7.4768,22.147085,12.001272],"to":[8.340102,22.524485,13.652397],"faces":{"east":{"uv":[2.75,4.125,2.84375,4.5625],"tintindex":0,"rotation":90,"texture":"#7"},"south":{"uv":[6.85938,4.59375,6.625,4.5],"tintindex":0,"rotation":180,"texture":"#7"},"north":{"uv":[6.73438,6.125,6.5,6.21875],"tintindex":0,"rotation":0,"texture":"#7"},"west":{"uv":[2.84375,4.125,2.75,4.5625],"tintindex":0,"rotation":270,"texture":"#7"},"up":{"uv":[4.60938,3.0,4.375,3.4375],"tintindex":0,"rotation":0,"texture":"#7"},"down":{"uv":[1.23438,4.0,1.0,4.4375],"tintindex":0,"rotation":180,"texture":"#7"}},"rotation":{"origin":[7.884867,24.185314,9.73916],"angle":22.5,"axis":"x"}},{"from":[7.289795,22.182184,9.934647],"to":[8.625267,22.623688,10.24271],"faces":{"east":{"uv":[12.375,0.0,11.5,0.625],"tintindex":0,"rotation":90,"texture":"#9"},"south":{"uv":[10.375,6.0,9.5,5.5],"tintindex":0,"rotation":270,"texture":"#9"},"north":{"uv":[8.875,1.5,8.0,2.0],"tintindex":0,"rotation":270,"texture":"#9"},"west":{"uv":[11.875,7.0,11.0,7.625],"tintindex":0,"rotation":270,"texture":"#9"},"up":{"uv":[12.5,9.0,12.0,9.625],"tintindex":0,"rotation":0,"texture":"#9"},"down":{"uv":[10.0,12.0,9.5,12.625],"tintindex":0,"rotation":180,"texture":"#9"}},"rotation":{"origin":[7.95581,22.442255,10.073509],"angle":22.5,"axis":"x"}},{"from":[7.87325,24.8348,9.542585],"to":[8.160868,25.116583,10.674492],"faces":{"east":{"uv":[1.5,8.5,1.75,9.5],"tintindex":0,"rotation":90,"texture":"#16"},"south":{"uv":[9.75,9.0,9.5,9.25],"tintindex":0,"rotation":270,"texture":"#16"},"north":{"uv":[9.25,9.75,9.0,9.5],"tintindex":0,"rotation":270,"texture":"#16"},"west":{"uv":[7.0,8.5,7.25,9.5],"tintindex":0,"rotation":270,"texture":"#16"},"up":{"uv":[8.5,6.5,8.75,7.5],"tintindex":0,"rotation":0,"texture":"#16"},"down":{"uv":[7.5,8.5,7.75,9.5],"tintindex":0,"rotation":180,"texture":"#16"}},"rotation":{"origin":[8.592304,25.098942,10.185289],"angle":-45.0,"axis":"x"}},{"from":[7.8960123,25.541351,4.808112],"to":[8.1609955,26.093067,5.6580877],"faces":{"east":{"uv":[6.5,4.5,7.0,5.25],"tintindex":0,"rotation":90,"texture":"#16"},"south":{"uv":[6.5,4.5,7.0,5.25],"tintindex":0,"rotation":270,"texture":"#16"},"north":{"uv":[6.5,4.5,7.0,5.25],"tintindex":0,"rotation":270,"texture":"#16"},"west":{"uv":[7.0,4.5,6.5,5.25],"tintindex":0,"rotation":270,"texture":"#16"},"up":{"uv":[6.5,4.5,7.0,5.25],"tintindex":0,"rotation":0,"texture":"#16"},"down":{"uv":[6.5,4.5,7.0,5.25],"tintindex":0,"rotation":180,"texture":"#16"}},"rotation":{"origin":[8.558479,25.677395,4.719282],"angle":22.5,"axis":"x"}},{"from":[7.89599,21.618814,5.1627197],"to":[8.17229,22.18967,5.7021494],"faces":{"east":{"uv":[9.0,7.5,8.5,7.96875],"tintindex":0,"rotation":90,"texture":"#16"},"south":{"uv":[9.0,7.5,8.5,7.96875],"tintindex":0,"rotation":270,"texture":"#16"},"north":{"uv":[9.0,7.5,8.5,7.96875],"tintindex":0,"rotation":270,"texture":"#16"},"west":{"uv":[8.5,7.5,9.0,7.96875],"tintindex":0,"rotation":270,"texture":"#16"},"up":{"uv":[9.0,7.5,8.5,7.96875],"tintindex":0,"rotation":0,"texture":"#16"},"down":{"uv":[9.0,7.5,8.5,7.96875],"tintindex":0,"rotation":180,"texture":"#16"}},"rotation":{"origin":[8.03414,21.684147,5.2123327],"angle":-22.5,"axis":"x"}},{"from":[7.8761,21.837776,8.020588],"to":[8.158003,22.625278,10.158087],"faces":{"east":{"uv":[5.1875,1.5,4.5,3.40625],"tintindex":0,"rotation":90,"texture":"#16"},"south":{"uv":[5.1875,1.5,4.5,3.40625],"tintindex":0,"rotation":270,"texture":"#16"},"north":{"uv":[5.1875,1.5,4.5,3.40625],"tintindex":0,"rotation":270,"texture":"#16"},"west":{"uv":[4.5,1.5,5.1875,3.40625],"tintindex":0,"rotation":270,"texture":"#16"},"up":{"uv":[5.1875,1.5,4.5,3.40625],"tintindex":0,"rotation":0,"texture":"#16"},"down":{"uv":[5.1875,1.5,4.5,3.40625],"tintindex":0,"rotation":180,"texture":"#16"}}},{"from":[7.20701,22.442848,9.905428],"to":[8.708059,22.89308,10.426752],"faces":{"east":{"uv":[10.375,10.5,9.5,11.5625],"tintindex":0,"rotation":90,"texture":"#9"},"south":{"uv":[11.875,4.375,11.0,3.5],"tintindex":0,"rotation":270,"texture":"#9"},"north":{"uv":[4.375,11.0,3.5,11.875],"tintindex":0,"rotation":270,"texture":"#9"},"west":{"uv":[11.375,8.0,10.5,9.0625],"tintindex":0,"rotation":270,"texture":"#9"},"up":{"uv":[9.375,10.5,8.5,11.5625],"tintindex":0,"rotation":0,"texture":"#9"},"down":{"uv":[11.375,10.5,10.5,11.5625],"tintindex":0,"rotation":180,"texture":"#9"}}},{"from":[7.85876,22.940323,10.464102],"to":[8.152227,23.820717,11.065707],"faces":{"east":{"uv":[5.78125,7.0,5.0,7.53125],"tintindex":0,"rotation":90,"texture":"#16"},"south":{"uv":[5.0,9.0,5.78125,9.25],"tintindex":0,"rotation":270,"texture":"#16"},"north":{"uv":[4.0,9.25,4.78125,9.0],"tintindex":0,"rotation":270,"texture":"#16"},"west":{"uv":[6.78125,7.0,6.0,7.53125],"tintindex":0,"rotation":270,"texture":"#16"},"up":{"uv":[3.75,9.5,3.5,10.03125],"tintindex":0,"rotation":0,"texture":"#16"},"down":{"uv":[3.25,9.5,3.0,10.03125],"tintindex":0,"rotation":180,"texture":"#16"}}},{"from":[7.915865,23.712072,0.24108505],"to":[8.205553,24.398638,1.6141996],"faces":{"east":{"uv":[0.0,0.0,0.75,1.5],"tintindex":0,"rotation":90,"texture":"#14"},"south":{"uv":[2.25,2.0,1.5,2.125],"tintindex":0,"rotation":270,"texture":"#14"},"north":{"uv":[1.25,2.125,0.5,2.0],"tintindex":0,"rotation":270,"texture":"#14"},"west":{"uv":[1.0,0.0,1.75,1.5],"tintindex":0,"rotation":270,"texture":"#14"},"up":{"uv":[0.0,2.0,0.125,3.5],"tintindex":0,"rotation":0,"texture":"#14"},"down":{"uv":[2.0,0.0,2.125,1.5],"tintindex":0,"rotation":180,"texture":"#14"}}},{"from":[7.292375,25.464424,9.83408],"to":[8.622695,25.748787,9.995757],"faces":{"east":{"uv":[12.0,10.5,12.5625,10.8125],"tintindex":0,"rotation":90,"texture":"#9"},"south":{"uv":[10.0,12.5,10.5625,12.0],"tintindex":0,"rotation":270,"texture":"#9"},"north":{"uv":[9.5,8.0,10.0625,8.5],"tintindex":0,"rotation":270,"texture":"#9"},"west":{"uv":[12.0,10.0,12.5625,10.3125],"tintindex":0,"rotation":270,"texture":"#9"},"up":{"uv":[1.0,9.0,1.5,9.3125],"tintindex":0,"rotation":0,"texture":"#9"},"down":{"uv":[1.5,7.5,2.0,7.8125],"tintindex":0,"rotation":180,"texture":"#9"}},"rotation":{"origin":[7.95581,25.611612,9.675808],"angle":-45.0,"axis":"x"}},{"from":[7.1714525,24.978365,9.72785],"to":[8.74361,25.151022,10.3043375],"faces":{"east":{"uv":[3.5,12.0,3.875,13.1875],"tintindex":0,"rotation":90,"texture":"#9"},"south":{"uv":[9.0,13.0,9.375,12.0],"tintindex":0,"rotation":270,"texture":"#9"},"north":{"uv":[8.5,12.0,8.875,13.0],"tintindex":0,"rotation":270,"texture":"#9"},"west":{"uv":[12.0,3.0,12.375,4.1875],"tintindex":0,"rotation":270,"texture":"#9"},"up":{"uv":[3.0,9.5,4.0,10.6875],"tintindex":0,"rotation":0,"texture":"#9"},"down":{"uv":[2.0,9.5,3.0,10.6875],"tintindex":0,"rotation":180,"texture":"#9"}},"rotation":{"origin":[7.9615397,25.34066,10.088989],"angle":-45.0,"axis":"x"}},{"from":[7.8973775,21.120222,1.3357925],"to":[8.17091,22.290342,3.2414522],"faces":{"east":{"uv":[1.03125,2.0,0.0,3.6875],"tintindex":0,"rotation":90,"texture":"#16"},"south":{"uv":[1.03125,2.0,0.0,3.6875],"tintindex":0,"rotation":270,"texture":"#16"},"north":{"uv":[1.03125,2.0,0.0,3.6875],"tintindex":0,"rotation":270,"texture":"#16"},"west":{"uv":[0.0,2.0,1.03125,3.6875],"tintindex":0,"rotation":270,"texture":"#16"},"up":{"uv":[1.03125,2.0,0.0,3.6875],"tintindex":0,"rotation":0,"texture":"#16"},"down":{"uv":[1.03125,2.0,0.0,3.6875],"tintindex":0,"rotation":180,"texture":"#16"}},"rotation":{"origin":[8.581205,21.330582,2.9020996],"angle":-45.0,"axis":"x"}},{"from":[7.4414225,21.677757,10.339993],"to":[8.375487,22.291033,11.566542],"faces":{"east":{"uv":[5.375,1.125,5.53125,1.45313],"tintindex":0,"rotation":90,"texture":"#7"},"south":{"uv":[5.875,4.53125,5.625,4.375],"tintindex":0,"rotation":180,"texture":"#7"},"north":{"uv":[5.875,3.875,5.625,4.03125],"tintindex":0,"rotation":0,"texture":"#7"},"west":{"uv":[5.53125,1.125,5.375,1.45313],"tintindex":0,"rotation":270,"texture":"#7"},"up":{"uv":[4.875,3.5,4.625,3.82813],"tintindex":0,"rotation":0,"texture":"#7"},"down":{"uv":[4.875,3.125,4.625,3.45313],"tintindex":0,"rotation":180,"texture":"#7"}},"rotation":{"origin":[7.884867,24.185314,9.73916],"angle":-22.5,"axis":"x"}},{"from":[7.4650097,22.524485,12.001272],"to":[8.3519,23.13776,13.039123],"faces":{"east":{"uv":[5.0,5.5,5.15625,5.78125],"tintindex":0,"rotation":90,"texture":"#7"},"south":{"uv":[0.23438,6.03125,0.0,5.875],"tintindex":0,"rotation":180,"texture":"#7"},"north":{"uv":[5.98438,2.875,5.75,3.03125],"tintindex":0,"rotation":0,"texture":"#7"},"west":{"uv":[5.15625,5.5,5.0,5.78125],"tintindex":0,"rotation":270,"texture":"#7"},"up":{"uv":[4.10938,4.875,3.875,5.15625],"tintindex":0,"rotation":0,"texture":"#7"},"down":{"uv":[3.85938,4.875,3.625,5.15625],"tintindex":0,"rotation":180,"texture":"#7"}},"rotation":{"origin":[7.884867,24.185314,9.73916],"angle":22.5,"axis":"x"}},{"from":[7.93856,24.285103,12.726837],"to":[8.107309,25.860102,16.889338],"faces":{"east":{"uv":[1.14844,4.25,1.30469,4.875],"tintindex":0,"rotation":90,"texture":"#19"},"south":{"uv":[13.25,0.0,16.0,5.375],"tintindex":0,"rotation":270,"texture":"#19"},"north":{"uv":[16.0,0.0,11.63281,5.05469],"tintindex":0,"rotation":270,"texture":"#19"},"west":{"uv":[1.30469,4.25,1.14844,4.875],"tintindex":0,"rotation":270,"texture":"#19"},"up":{"uv":[16.0,0.0,12.77344,5.375],"tintindex":0,"rotation":0,"texture":"#19"},"down":{"uv":[13.25,0.0,16.0,5.375],"tintindex":0,"rotation":180,"texture":"#19"}}},{"from":[7.120205,23.04317,10.458065],"to":[8.794865,23.226551,11.154102],"faces":{"east":{"uv":[11.875,10.5,11.5,11.875],"tintindex":0,"rotation":90,"texture":"#9"},"south":{"uv":[6.875,13.1875,6.5,12.0],"tintindex":0,"rotation":270,"texture":"#9"},"north":{"uv":[4.375,12.0,4.0,13.1875],"tintindex":0,"rotation":270,"texture":"#9"},"west":{"uv":[11.875,9.0,11.5,10.375],"tintindex":0,"rotation":270,"texture":"#9"},"up":{"uv":[2.6875,8.0,1.5,9.375],"tintindex":0,"rotation":0,"texture":"#9"},"down":{"uv":[4.1875,8.0,3.0,9.375],"tintindex":0,"rotation":180,"texture":"#9"}},"rotation":{"origin":[7.95581,23.02517,10.636362],"angle":45.0,"axis":"x"}},{"from":[7.894595,25.260073,3.7412977],"to":[8.173685,26.430193,5.2624626],"faces":{"east":{"uv":[3.0,4.0,4.03125,5.34375],"tintindex":0,"rotation":90,"texture":"#16"},"south":{"uv":[3.0,4.0,4.03125,5.34375],"tintindex":0,"rotation":270,"texture":"#16"},"north":{"uv":[3.0,4.0,4.03125,5.34375],"tintindex":0,"rotation":270,"texture":"#16"},"west":{"uv":[4.03125,4.0,3.0,5.34375],"tintindex":0,"rotation":270,"texture":"#16"},"up":{"uv":[3.0,4.0,4.03125,5.34375],"tintindex":0,"rotation":0,"texture":"#16"},"down":{"uv":[3.0,4.0,4.03125,5.34375],"tintindex":0,"rotation":180,"texture":"#16"}}},{"from":[7.901435,21.18224,-2.0135345],"to":[8.166845,24.131765,-0.92505264],"faces":{"east":{"uv":[2.625,0.0,0.0,0.96875],"tintindex":0,"rotation":90,"texture":"#16"},"south":{"uv":[2.625,0.0,0.0,0.96875],"tintindex":0,"rotation":270,"texture":"#16"},"north":{"uv":[2.625,0.0,0.0,0.96875],"tintindex":0,"rotation":270,"texture":"#16"},"west":{"uv":[0.0,0.0,2.625,0.96875],"tintindex":0,"rotation":270,"texture":"#16"},"up":{"uv":[2.625,0.0,0.0,0.96875],"tintindex":0,"rotation":0,"texture":"#16"},"down":{"uv":[2.625,0.0,0.0,0.96875],"tintindex":0,"rotation":180,"texture":"#16"}},"rotation":{"origin":[8.03414,22.106787,-0.5581608],"angle":-45.0,"axis":"x"}},{"from":[7.4178348,25.01456,10.155087],"to":[8.399075,25.67501,11.428812],"faces":{"east":{"uv":[5.17188,0.875,5.0,1.21875],"tintindex":0,"rotation":90,"texture":"#7"},"south":{"uv":[5.76563,0.375,5.5,0.54688],"tintindex":0,"rotation":180,"texture":"#7"},"north":{"uv":[5.76563,0.17188,5.5,0.0],"tintindex":0,"rotation":0,"texture":"#7"},"west":{"uv":[5.0,0.875,5.17188,1.21875],"tintindex":0,"rotation":270,"texture":"#7"},"up":{"uv":[4.375,4.0,4.64063,4.34375],"tintindex":0,"rotation":0,"texture":"#7"},"down":{"uv":[4.375,4.375,4.64063,4.71875],"tintindex":0,"rotation":180,"texture":"#7"}},"rotation":{"origin":[7.884867,23.85989,9.73916],"angle":22.5,"axis":"x"}},{"from":[7.865975,24.285454,10.21727],"to":[8.156509,25.719545,10.798332],"faces":{"east":{"uv":[6.0,0.0,7.28125,0.53125],"tintindex":0,"rotation":90,"texture":"#16"},"south":{"uv":[9.28125,0.5,8.0,0.75],"tintindex":0,"rotation":270,"texture":"#16"},"north":{"uv":[9.28125,0.25,8.0,0.0],"tintindex":0,"rotation":270,"texture":"#16"},"west":{"uv":[6.5,3.5,7.78125,4.03125],"tintindex":0,"rotation":270,"texture":"#16"},"up":{"uv":[4.0,9.5,4.25,10.03125],"tintindex":0,"rotation":0,"texture":"#16"},"down":{"uv":[4.5,9.5,4.75,10.03125],"tintindex":0,"rotation":180,"texture":"#16"}},"rotation":{"origin":[8.592304,25.098942,10.47875],"angle":22.5,"axis":"x"}},{"from":[7.63337,23.370071,16.501858],"to":[8.38577,24.122473,16.878057],"faces":{"east":{"uv":[12.0,0.0,11.0,0.5],"tintindex":0,"rotation":90,"texture":"#16"},"south":{"uv":[4.0,10.5,5.0,11.5],"tintindex":0,"rotation":180,"texture":"#16"},"north":{"uv":[10.0,8.5,11.0,7.5],"tintindex":0,"rotation":0,"texture":"#16"},"west":{"uv":[10.0,11.0,9.0,11.5],"tintindex":0,"rotation":270,"texture":"#16"},"up":{"uv":[11.5,4.0,10.5,4.5],"tintindex":0,"rotation":0,"texture":"#16"},"down":{"uv":[12.0,0.5,11.0,1.0],"tintindex":0,"rotation":180,"texture":"#16"}},"rotation":{"origin":[8.00957,23.746273,16.689957],"angle":45.0,"axis":"x"}},{"from":[7.076645,22.94048,10.359537],"to":[8.846735,23.391447,11.1668825],"faces":{"east":{"uv":[6.4375,8.0,5.5,9.625],"tintindex":0,"rotation":90,"texture":"#9"},"south":{"uv":[0.9375,10.375,0.0,9.0],"tintindex":0,"rotation":270,"texture":"#9"},"north":{"uv":[2.9375,5.0,2.0,6.375],"tintindex":0,"rotation":270,"texture":"#9"},"west":{"uv":[5.4375,8.0,4.5,9.625],"tintindex":0,"rotation":270,"texture":"#9"},"up":{"uv":[7.375,2.0,6.0,3.625],"tintindex":0,"rotation":0,"texture":"#9"},"down":{"uv":[6.375,6.0,5.0,7.625],"tintindex":0,"rotation":180,"texture":"#9"}},"rotation":{"origin":[8.253357,22.953568,11.261908],"angle":45.0,"axis":"x"}},{"from":[7.908455,21.537163,12.058505],"to":[7.908455,23.801563,15.59663],"faces":{"east":{"uv":[0.0,3.0,0.59375,3.9375],"tintindex":0,"rotation":90,"texture":"#7"},"west":{"uv":[0.59375,3.0,0.0,3.9375],"tintindex":0,"rotation":270,"texture":"#7"}},"rotation":{"origin":[7.884867,24.185314,9.73916],"angle":22.5,"axis":"x"}},{"from":[7.968117,23.318022,16.783146],"to":[7.968117,24.877182,19.025345],"faces":{"east":{"uv":[5.07813,0.0,4.75,0.53125],"tintindex":0,"rotation":90,"texture":"#18"},"south":{"uv":[4.75,0.0,5.07813,0.53125],"tintindex":0,"rotation":90,"texture":"#18"},"north":{"uv":[4.75,0.0,5.07813,0.53125],"tintindex":0,"rotation":90,"texture":"#18"},"west":{"uv":[4.73438,0.0,5.07813,0.53125],"tintindex":0,"rotation":270,"texture":"#18"},"up":{"uv":[4.75,0.0,5.07813,0.53125],"tintindex":0,"rotation":0,"texture":"#18"},"down":{"uv":[4.75,0.0,5.07813,0.53125],"tintindex":0,"rotation":180,"texture":"#18"}}},{"from":[7.429625,22.3307,9.441582],"to":[8.387278,22.99115,10.715307],"faces":{"east":{"uv":[2.25,5.0,2.42188,5.34375],"tintindex":0,"rotation":90,"texture":"#16"},"south":{"uv":[1.375,5.625,1.125,5.79688],"tintindex":0,"rotation":180,"texture":"#16"},"north":{"uv":[5.875,1.04688,5.625,0.875],"tintindex":0,"rotation":0,"texture":"#16"},"west":{"uv":[2.0,5.0,2.17188,5.34375],"tintindex":0,"rotation":270,"texture":"#16"},"up":{"uv":[2.0,4.625,2.25,4.96875],"tintindex":0,"rotation":0,"texture":"#16"},"down":{"uv":[2.25,4.625,2.5,4.96875],"tintindex":0,"rotation":180,"texture":"#16"}},"rotation":{"origin":[7.884867,24.185314,9.73916],"angle":-45.0,"axis":"x"}},{"from":[7.8875523,24.869764,9.338097],"to":[8.169455,26.163515,10.313194],"faces":{"east":{"uv":[5.5,1.5,6.65625,2.375],"tintindex":0,"rotation":90,"texture":"#16"},"south":{"uv":[5.5,1.5,6.65625,2.375],"tintindex":0,"rotation":270,"texture":"#16"},"north":{"uv":[5.5,1.5,6.65625,2.375],"tintindex":0,"rotation":270,"texture":"#16"},"west":{"uv":[5.5,1.5,6.65625,2.375],"tintindex":0,"rotation":270,"texture":"#16"},"up":{"uv":[5.5,1.5,6.65625,2.375],"tintindex":0,"rotation":0,"texture":"#16"},"down":{"uv":[5.5,1.5,6.65625,2.375],"tintindex":0,"rotation":180,"texture":"#16"}},"rotation":{"origin":[8.592304,25.392403,9.891823],"angle":45.0,"axis":"x"}},{"from":[7.429625,21.73592,9.4288025],"to":[8.387278,22.349194,10.702528],"faces":{"east":{"uv":[5.28125,3.84375,5.125,3.5],"tintindex":0,"rotation":270,"texture":"#7"},"south":{"uv":[0.875,5.90625,0.625,5.75],"tintindex":0,"rotation":180,"texture":"#7"},"north":{"uv":[5.875,5.125,5.625,5.28125],"tintindex":0,"rotation":0,"texture":"#7"},"west":{"uv":[5.28125,3.5,5.125,3.84375],"tintindex":0,"rotation":270,"texture":"#7"},"up":{"uv":[4.375,4.5,4.125,4.84375],"tintindex":0,"rotation":0,"texture":"#7"},"down":{"uv":[4.125,4.5,3.875,4.84375],"tintindex":0,"rotation":180,"texture":"#7"}},"rotation":{"origin":[7.884867,24.185314,9.73916],"angle":-45.0,"axis":"x"}},{"from":[7.1737547,24.82382,10.135497],"to":[8.741315,25.1246,10.527073],"faces":{"east":{"uv":[11.0,1.5,12.125,2.3125],"tintindex":0,"rotation":90,"texture":"#9"},"south":{"uv":[9.5,8.0,10.625,7.0],"tintindex":0,"rotation":270,"texture":"#9"},"north":{"uv":[9.5,4.5,10.625,5.5],"tintindex":0,"rotation":270,"texture":"#9"},"west":{"uv":[1.0,11.0,2.125,11.8125],"tintindex":0,"rotation":270,"texture":"#9"},"up":{"uv":[11.0,2.5,12.0,3.3125],"tintindex":0,"rotation":0,"texture":"#9"},"down":{"uv":[2.5,11.0,3.5,11.8125],"tintindex":0,"rotation":180,"texture":"#9"}},"rotation":{"origin":[7.95581,25.119701,10.309168],"angle":-22.5,"axis":"x"}},{"from":[7.168782,24.827503,10.37117],"to":[8.746287,25.410215,10.845102],"faces":{"east":{"uv":[10.0,9.5,11.1875,10.4375],"tintindex":0,"rotation":90,"texture":"#9"},"south":{"uv":[9.5,4.5,10.6875,3.5],"tintindex":0,"rotation":270,"texture":"#9"},"north":{"uv":[9.0,6.0,10.1875,7.0],"tintindex":0,"rotation":270,"texture":"#9"},"west":{"uv":[6.0,10.0,7.1875,10.9375],"tintindex":0,"rotation":270,"texture":"#9"},"up":{"uv":[7.5,10.5,8.5,11.4375],"tintindex":0,"rotation":0,"texture":"#9"},"down":{"uv":[10.5,5.5,11.5,6.4375],"tintindex":0,"rotation":180,"texture":"#9"}}},{"from":[7.0958076,22.89308,10.798491],"to":[8.814628,23.31065,11.54603],"faces":{"east":{"uv":[1.8125,9.5,1.0,11.0],"tintindex":0,"rotation":90,"texture":"#9"},"south":{"uv":[11.3125,1.3125,10.5,0.0],"tintindex":0,"rotation":270,"texture":"#9"},"north":{"uv":[0.8125,10.5,0.0,11.8125],"tintindex":0,"rotation":270,"texture":"#9"},"west":{"uv":[10.3125,0.0,9.5,1.5],"tintindex":0,"rotation":270,"texture":"#9"},"up":{"uv":[3.3125,6.5,2.0,8.0],"tintindex":0,"rotation":0,"texture":"#9"},"down":{"uv":[4.8125,6.5,3.5,8.0],"tintindex":0,"rotation":180,"texture":"#9"}},"rotation":{"origin":[8.231142,23.886131,11.466252],"angle":22.5,"axis":"x"}},{"from":[7.0456176,23.52275,10.8498125],"to":[8.56262,24.422646,10.965469],"faces":{"east":{"uv":[12.0,4.5,13.75,4.75],"tintindex":0,"rotation":90,"texture":"#9"},"south":{"uv":[7.75,0.0,6.0,1.8125],"tintindex":0,"rotation":270,"texture":"#9"},"north":{"uv":[6.75,5.8125,5.0,4.0],"tintindex":0,"rotation":270,"texture":"#9"},"west":{"uv":[12.0,5.0,13.75,5.25],"tintindex":0,"rotation":270,"texture":"#9"},"up":{"uv":[1.5,12.0,3.3125,12.25],"tintindex":0,"rotation":0,"texture":"#9"},"down":{"uv":[12.0,2.5,13.8125,2.75],"tintindex":0,"rotation":180,"texture":"#9"}}},{"from":[7.89599,25.855536,5.1627197],"to":[8.17229,26.42639,5.7021494],"faces":{"east":{"uv":[8.5,7.5,9.0,7.96875],"tintindex":0,"rotation":90,"texture":"#16"},"south":{"uv":[8.5,7.5,9.0,7.96875],"tintindex":0,"rotation":270,"texture":"#16"},"north":{"uv":[8.5,7.5,9.0,7.96875],"tintindex":0,"rotation":270,"texture":"#16"},"west":{"uv":[9.0,7.5,8.5,7.96875],"tintindex":0,"rotation":270,"texture":"#16"},"up":{"uv":[8.5,7.5,9.0,7.96875],"tintindex":0,"rotation":0,"texture":"#16"},"down":{"uv":[8.5,7.5,9.0,7.96875],"tintindex":0,"rotation":180,"texture":"#16"}},"rotation":{"origin":[8.03414,26.361065,5.2123327],"angle":22.5,"axis":"x"}},{"from":[7.955,18.976978,-3.3370075],"to":[8.0743475,29.087067,11.002527],"faces":{"east":{"uv":[3.75,0.0,7.5,6.0],"tintindex":0,"rotation":90,"texture":"#12"},"south":{"uv":[11.28125,0.0,15.03125,6.0],"tintindex":0,"rotation":270,"texture":"#12"},"north":{"uv":[11.625,0.0,15.375,6.0],"tintindex":0,"rotation":270,"texture":"#12"},"west":{"uv":[3.75,0.0,7.5,6.0],"tintindex":0,"rotation":270,"texture":"#12"},"up":{"uv":[12.03125,0.0,15.78125,6.0],"tintindex":0,"rotation":0,"texture":"#12"},"down":{"uv":[11.875,0.0,15.625,6.0],"tintindex":0,"rotation":180,"texture":"#12"}}},{"from":[7.8960123,21.952137,4.808112],"to":[8.1609955,22.503853,5.6580877],"faces":{"east":{"uv":[7.0,4.5,6.5,5.25],"tintindex":0,"rotation":90,"texture":"#16"},"south":{"uv":[7.0,4.5,6.5,5.25],"tintindex":0,"rotation":270,"texture":"#16"},"north":{"uv":[7.0,4.5,6.5,5.25],"tintindex":0,"rotation":270,"texture":"#16"},"west":{"uv":[6.5,4.5,7.0,5.25],"tintindex":0,"rotation":270,"texture":"#16"},"up":{"uv":[7.0,4.5,6.5,5.25],"tintindex":0,"rotation":0,"texture":"#16"},"down":{"uv":[7.0,4.5,6.5,5.25],"tintindex":0,"rotation":180,"texture":"#16"}},"rotation":{"origin":[8.558479,22.36781,4.719282],"angle":-22.5,"axis":"x"}},{"from":[7.89599,21.562962,2.7343845],"to":[8.17229,22.733082,4.1385345],"faces":{"east":{"uv":[1.03125,5.5,0.0,6.75],"tintindex":0,"rotation":90,"texture":"#16"},"south":{"uv":[1.03125,5.5,0.0,6.75],"tintindex":0,"rotation":270,"texture":"#16"},"north":{"uv":[1.03125,5.5,0.0,6.75],"tintindex":0,"rotation":270,"texture":"#16"},"west":{"uv":[0.0,5.5,1.03125,6.75],"tintindex":0,"rotation":270,"texture":"#16"},"up":{"uv":[1.03125,5.5,0.0,6.75],"tintindex":0,"rotation":0,"texture":"#16"},"down":{"uv":[1.03125,5.5,0.0,6.75],"tintindex":0,"rotation":180,"texture":"#16"}},"rotation":{"origin":[8.586725,21.775452,3.7957544],"angle":-22.5,"axis":"x"}},{"from":[8.080618,22.21916,1.8387127],"to":[8.080618,25.909018,11.0074625],"faces":{"east":{"uv":[3.6875,6.25,2.525,2.9875],"tintindex":0,"rotation":270,"texture":"#13"},"south":{"uv":[3.6875,2.9875,2.525,6.25],"tintindex":0,"rotation":270,"texture":"#13"},"north":{"uv":[3.6875,2.9875,2.525,6.25],"tintindex":0,"rotation":270,"texture":"#13"},"west":{"uv":[3.6875,2.9875,2.525,6.25],"tintindex":0,"rotation":270,"texture":"#13"},"up":{"uv":[3.6875,2.9875,2.525,6.25],"tintindex":0,"rotation":270,"texture":"#13"},"down":{"uv":[3.6875,2.9875,2.525,6.25],"tintindex":0,"rotation":270,"texture":"#13"}}},{"from":[7.894595,25.188177,5.5455875],"to":[8.173685,25.775105,7.5143375],"faces":{"east":{"uv":[3.0,5.5,3.53125,7.25],"tintindex":0,"rotation":90,"texture":"#16"},"south":{"uv":[3.0,5.5,3.53125,7.25],"tintindex":0,"rotation":270,"texture":"#16"},"north":{"uv":[3.0,5.5,3.53125,7.25],"tintindex":0,"rotation":270,"texture":"#16"},"west":{"uv":[3.53125,5.5,3.0,7.25],"tintindex":0,"rotation":270,"texture":"#16"},"up":{"uv":[3.0,5.5,3.53125,7.25],"tintindex":0,"rotation":0,"texture":"#16"},"down":{"uv":[3.0,5.5,3.53125,7.25],"tintindex":0,"rotation":180,"texture":"#16"}}},{"from":[7.63337,23.906487,16.501858],"to":[8.38577,24.658888,16.878057],"faces":{"east":{"uv":[11.0,0.0,12.0,0.5],"tintindex":0,"rotation":90,"texture":"#16"},"south":{"uv":[4.0,11.5,5.0,10.5],"tintindex":0,"rotation":180,"texture":"#16"},"north":{"uv":[10.0,7.5,11.0,8.5],"tintindex":0,"rotation":0,"texture":"#16"},"west":{"uv":[9.0,11.0,10.0,11.5],"tintindex":0,"rotation":270,"texture":"#16"},"up":{"uv":[11.0,0.5,12.0,1.0],"tintindex":0,"rotation":0,"texture":"#16"},"down":{"uv":[10.5,4.0,11.5,4.5],"tintindex":0,"rotation":180,"texture":"#16"}},"rotation":{"origin":[8.00957,24.282688,16.689957],"angle":-45.0,"axis":"x"}},{"from":[7.4885974,20.258652,9.437577],"to":[8.328312,20.871927,9.5791025],"faces":{"east":{"uv":[6.75,7.25,6.90625,7.28125],"tintindex":0,"rotation":90,"texture":"#7"},"south":{"uv":[6.09375,4.375,5.875,4.53125],"tintindex":0,"rotation":180,"texture":"#7"},"north":{"uv":[6.09375,4.28125,5.875,4.125],"tintindex":0,"rotation":0,"texture":"#7"},"west":{"uv":[6.5,7.25,6.65625,7.28125],"tintindex":0,"rotation":270,"texture":"#7"},"up":{"uv":[7.25,5.625,7.46875,5.65625],"tintindex":0,"rotation":0,"texture":"#7"},"down":{"uv":[5.75,7.25,5.96875,7.28125],"tintindex":0,"rotation":180,"texture":"#7"}},"rotation":{"origin":[7.884867,24.185314,9.73916],"angle":-45.0,"axis":"x"}},{"from":[7.8761,25.419928,8.020588],"to":[8.158003,26.207428,10.158087],"faces":{"east":{"uv":[4.5,1.5,5.1875,3.40625],"tintindex":0,"rotation":90,"texture":"#16"},"south":{"uv":[4.5,1.5,5.1875,3.40625],"tintindex":0,"rotation":270,"texture":"#16"},"north":{"uv":[4.5,1.5,5.1875,3.40625],"tintindex":0,"rotation":270,"texture":"#16"},"west":{"uv":[5.1875,1.5,4.5,3.40625],"tintindex":0,"rotation":270,"texture":"#16"},"up":{"uv":[4.5,1.5,5.1875,3.40625],"tintindex":0,"rotation":0,"texture":"#16"},"down":{"uv":[4.5,1.5,5.1875,3.40625],"tintindex":0,"rotation":180,"texture":"#16"}}},{"from":[7.880435,22.928802,9.592535],"to":[8.16518,23.207771,10.156258],"faces":{"east":{"uv":[9.75,5.5,9.5,6.0],"tintindex":0,"rotation":90,"texture":"#16"},"south":{"uv":[0.0,10.0,0.25,10.25],"tintindex":0,"rotation":270,"texture":"#16"},"north":{"uv":[9.5,9.75,9.75,9.5],"tintindex":0,"rotation":270,"texture":"#16"},"west":{"uv":[6.75,9.5,6.5,10.0],"tintindex":0,"rotation":270,"texture":"#16"},"up":{"uv":[9.75,6.5,9.5,7.0],"tintindex":0,"rotation":0,"texture":"#16"},"down":{"uv":[9.75,6.0,9.5,6.5],"tintindex":0,"rotation":180,"texture":"#16"}},"rotation":{"origin":[8.592304,22.946262,10.185289],"angle":22.5,"axis":"x"}},{"from":[7.168782,22.56815,10.37117],"to":[8.746287,23.150862,10.845102],"faces":{"east":{"uv":[11.1875,9.5,10.0,10.4375],"tintindex":0,"rotation":90,"texture":"#9"},"south":{"uv":[10.6875,4.5,9.5,3.5],"tintindex":0,"rotation":270,"texture":"#9"},"north":{"uv":[10.1875,6.0,9.0,7.0],"tintindex":0,"rotation":270,"texture":"#9"},"west":{"uv":[7.1875,10.0,6.0,10.9375],"tintindex":0,"rotation":270,"texture":"#9"},"up":{"uv":[11.5,5.5,10.5,6.4375],"tintindex":0,"rotation":0,"texture":"#9"},"down":{"uv":[8.5,10.5,7.5,11.4375],"tintindex":0,"rotation":180,"texture":"#9"}}},{"from":[7.865975,22.32566,10.21727],"to":[8.156509,23.75975,10.798332],"faces":{"east":{"uv":[7.28125,0.0,6.0,0.53125],"tintindex":0,"rotation":90,"texture":"#16"},"south":{"uv":[8.0,0.5,9.28125,0.75],"tintindex":0,"rotation":270,"texture":"#16"},"north":{"uv":[8.0,0.25,9.28125,0.0],"tintindex":0,"rotation":270,"texture":"#16"},"west":{"uv":[7.78125,3.5,6.5,4.03125],"tintindex":0,"rotation":270,"texture":"#16"},"up":{"uv":[4.75,9.5,4.5,10.03125],"tintindex":0,"rotation":0,"texture":"#16"},"down":{"uv":[4.25,9.5,4.0,10.03125],"tintindex":0,"rotation":180,"texture":"#16"}},"rotation":{"origin":[8.592304,22.946262,10.47875],"angle":-22.5,"axis":"x"}},{"from":[7.168805,25.193398,9.803547],"to":[8.746265,25.3679,10.3862],"faces":{"east":{"uv":[3.5,12.0,3.875,13.1875],"tintindex":0,"rotation":90,"texture":"#9"},"south":{"uv":[9.0,13.0,9.375,12.0],"tintindex":0,"rotation":270,"texture":"#9"},"north":{"uv":[8.5,12.0,8.875,13.0],"tintindex":0,"rotation":270,"texture":"#9"},"west":{"uv":[12.0,3.0,12.375,4.1875],"tintindex":0,"rotation":270,"texture":"#9"},"up":{"uv":[3.0,9.5,4.0,10.6875],"tintindex":0,"rotation":0,"texture":"#9"},"down":{"uv":[2.0,9.5,3.0,10.6875],"tintindex":0,"rotation":180,"texture":"#9"}},"rotation":{"origin":[8.496485,25.507866,10.472202],"angle":-22.5,"axis":"x"}},{"from":[7.292375,22.241247,9.83408],"to":[8.622695,22.52561,9.995757],"faces":{"east":{"uv":[12.5625,10.5,12.0,10.8125],"tintindex":0,"rotation":90,"texture":"#9"},"south":{"uv":[10.5625,12.5,10.0,12.0],"tintindex":0,"rotation":270,"texture":"#9"},"north":{"uv":[10.0625,8.0,9.5,8.5],"tintindex":0,"rotation":270,"texture":"#9"},"west":{"uv":[12.5625,10.0,12.0,10.3125],"tintindex":0,"rotation":270,"texture":"#9"},"up":{"uv":[2.0,7.5,1.5,7.8125],"tintindex":0,"rotation":0,"texture":"#9"},"down":{"uv":[1.5,9.0,1.0,9.3125],"tintindex":0,"rotation":180,"texture":"#9"}},"rotation":{"origin":[7.95581,22.378422,9.675808],"angle":45.0,"axis":"x"}},{"from":[7.8875523,21.941353,7.2858047],"to":[8.169455,22.616352,8.523305],"faces":{"east":{"uv":[0.59375,7.0,0.0,8.09375],"tintindex":0,"rotation":90,"texture":"#16"},"south":{"uv":[0.59375,7.0,0.0,8.09375],"tintindex":0,"rotation":270,"texture":"#16"},"north":{"uv":[0.59375,7.0,0.0,8.09375],"tintindex":0,"rotation":270,"texture":"#16"},"west":{"uv":[0.0,7.0,0.59375,8.09375],"tintindex":0,"rotation":270,"texture":"#16"},"up":{"uv":[0.59375,7.0,0.0,8.09375],"tintindex":0,"rotation":0,"texture":"#16"},"down":{"uv":[0.59375,7.0,0.0,8.09375],"tintindex":0,"rotation":180,"texture":"#16"}},"rotation":{"origin":[8.592304,22.359335,8.131077],"angle":22.5,"axis":"x"}},{"from":[7.1737547,22.853764,10.135497],"to":[8.741315,23.154545,10.527073],"faces":{"east":{"uv":[12.125,1.5,11.0,2.3125],"tintindex":0,"rotation":90,"texture":"#9"},"south":{"uv":[10.625,8.0,9.5,7.0],"tintindex":0,"rotation":270,"texture":"#9"},"north":{"uv":[10.625,4.5,9.5,5.5],"tintindex":0,"rotation":270,"texture":"#9"},"west":{"uv":[2.125,11.0,1.0,11.8125],"tintindex":0,"rotation":270,"texture":"#9"},"up":{"uv":[3.5,11.0,2.5,11.8125],"tintindex":0,"rotation":0,"texture":"#9"},"down":{"uv":[12.0,2.5,11.0,3.3125],"tintindex":0,"rotation":180,"texture":"#9"}},"rotation":{"origin":[7.95581,22.858654,10.309168],"angle":22.5,"axis":"x"}},{"from":[7.91441,24.022346,-0.05702591],"to":[8.206993,24.507748,0.42837524],"faces":{"east":{"uv":[1.0,1.5,1.5,2.0],"tintindex":0,"rotation":90,"texture":"#14"},"south":{"uv":[1.0,1.5,1.5,2.0],"tintindex":0,"rotation":270,"texture":"#14"},"north":{"uv":[1.0,1.5,1.5,2.0],"tintindex":0,"rotation":270,"texture":"#14"},"west":{"uv":[1.0,1.5,1.5,2.0],"tintindex":0,"rotation":270,"texture":"#14"},"up":{"uv":[1.0,1.5,1.5,2.0],"tintindex":0,"rotation":0,"texture":"#14"},"down":{"uv":[1.0,1.5,1.5,2.0],"tintindex":0,"rotation":180,"texture":"#14"}},"rotation":{"origin":[8.089962,24.050526,-0.032634735],"angle":45.0,"axis":"x"}},{"from":[7.1440773,22.539328,10.640884],"to":[8.770992,23.179676,10.854725],"faces":{"east":{"uv":[11.8125,6.5,10.5,6.9375],"tintindex":0,"rotation":90,"texture":"#9"},"south":{"uv":[7.8125,9.625,6.5,8.5],"tintindex":0,"rotation":270,"texture":"#9"},"north":{"uv":[9.3125,7.0,8.0,8.125],"tintindex":0,"rotation":270,"texture":"#9"},"west":{"uv":[8.8125,3.5,7.5,3.9375],"tintindex":0,"rotation":270,"texture":"#9"},"up":{"uv":[12.625,1.0,11.5,1.4375],"tintindex":0,"rotation":0,"texture":"#9"},"down":{"uv":[1.125,12.0,0.0,12.4375],"tintindex":0,"rotation":180,"texture":"#9"}},"rotation":{"origin":[7.95581,23.015652,10.648872],"angle":-22.5,"axis":"x"}},{"from":[7.9055147,19.78277,0.378582],"to":[8.173603,21.072687,1.9038725],"faces":{"east":{"uv":[1.15625,4.0,0.0,5.34375],"tintindex":0,"rotation":90,"texture":"#16"},"south":{"uv":[1.15625,4.0,0.0,5.34375],"tintindex":0,"rotation":270,"texture":"#16"},"north":{"uv":[1.15625,4.0,0.0,5.34375],"tintindex":0,"rotation":270,"texture":"#16"},"west":{"uv":[0.0,4.0,1.15625,5.34375],"tintindex":0,"rotation":270,"texture":"#16"},"up":{"uv":[1.15625,4.0,0.0,5.34375],"tintindex":0,"rotation":0,"texture":"#16"},"down":{"uv":[1.15625,4.0,0.0,5.34375],"tintindex":0,"rotation":180,"texture":"#16"}}},{"from":[7.4414225,25.754173,10.339993],"to":[8.375487,26.367447,11.566542],"faces":{"east":{"uv":[5.53125,1.125,5.375,1.45313],"tintindex":0,"rotation":90,"texture":"#7"},"south":{"uv":[5.875,4.375,5.625,4.53125],"tintindex":0,"rotation":180,"texture":"#7"},"north":{"uv":[5.875,4.03125,5.625,3.875],"tintindex":0,"rotation":0,"texture":"#7"},"west":{"uv":[5.375,1.125,5.53125,1.45313],"tintindex":0,"rotation":270,"texture":"#7"},"up":{"uv":[4.625,3.125,4.875,3.45313],"tintindex":0,"rotation":0,"texture":"#7"},"down":{"uv":[4.625,3.5,4.875,3.82813],"tintindex":0,"rotation":180,"texture":"#7"}},"rotation":{"origin":[7.884867,23.85989,9.73916],"angle":22.5,"axis":"x"}}],"display":{"gui":{"rotation":[30,225,0]}}}