{"textures":{"0":"modelengine:entity/satan","3":"modelengine:entity/cube"},"elements":[{"from":[7.6123285,19.18804,1.8408108],"to":[8.583124,20.158836,2.4259796],"faces":{"east":{"uv":[4.0,6.0,6.0,8.0],"tintindex":0,"rotation":0,"texture":"#0"},"south":{"uv":[4.0,6.0,6.0,8.0],"tintindex":0,"rotation":0,"texture":"#0"},"north":{"uv":[4.0,6.0,6.0,8.0],"tintindex":0,"rotation":0,"texture":"#0"},"west":{"uv":[4.0,6.0,6.0,8.0],"tintindex":0,"rotation":0,"texture":"#0"},"up":{"uv":[4.0,6.0,6.0,8.0],"tintindex":0,"rotation":0,"texture":"#0"},"down":{"uv":[4.0,6.0,6.0,8.0],"tintindex":0,"rotation":0,"texture":"#0"}},"rotation":{"origin":[7.668679,20.110056,2.0748777],"angle":-45.0,"axis":"z"}},{"from":[10.281784,20.120947,0.2911682],"to":[13.367603,22.832737,6.2250032],"faces":{"east":{"uv":[10.5,7.0,13.375,8.625],"tintindex":0,"rotation":0,"texture":"#0"},"south":{"uv":[12.5,5.0,14.3125,6.625],"tintindex":0,"rotation":0,"texture":"#0"},"north":{"uv":[12.5,0.0,14.3125,1.625],"tintindex":0,"rotation":0,"texture":"#0"},"west":{"uv":[9.0,10.5,11.875,12.125],"tintindex":0,"rotation":0,"texture":"#0"},"up":{"uv":[12.3125,2.875,10.5,0.0],"tintindex":0,"rotation":0,"texture":"#0"},"down":{"uv":[5.3125,10.5,3.5,13.375],"tintindex":0,"rotation":0,"texture":"#0"}},"rotation":{"origin":[9.966515,21.900436,2.7068357],"angle":45.0,"axis":"z"}},{"from":[3.6762009,25.567297,1.3003159],"to":[6.092284,27.570898,5.2158556],"faces":{"east":{"uv":[15.6875,10.5,14.0,11.6875],"tintindex":0,"rotation":0,"texture":"#0"},"south":{"uv":[1.4375,14.5,0.0,15.6875],"tintindex":0,"rotation":0,"texture":"#0"},"north":{"uv":[11.9375,9.0,10.5,10.1875],"tintindex":0,"rotation":0,"texture":"#0"},"west":{"uv":[15.6875,9.0,14.0,10.1875],"tintindex":0,"rotation":0,"texture":"#0"},"up":{"uv":[14.0,3.6875,15.4375,2.0],"tintindex":0,"rotation":0,"texture":"#0"},"down":{"uv":[4.5,14.0,5.9375,15.6875],"tintindex":0,"rotation":0,"texture":"#0"}}},{"from":[7.3491344,18.864096,0.23503017],"to":[12.376534,23.053596,6.3649306],"faces":{"east":{"uv":[7.5,2.5,10.5,5.0],"tintindex":0,"rotation":0,"texture":"#0"},"south":{"uv":[4.5,8.0,7.5,10.5],"tintindex":0,"rotation":0,"texture":"#0"},"north":{"uv":[7.5,0.0,10.5,2.5],"tintindex":0,"rotation":0,"texture":"#0"},"west":{"uv":[7.5,8.0,10.5,10.5],"tintindex":0,"rotation":0,"texture":"#0"},"up":{"uv":[7.5,3.0,4.5,0.0],"tintindex":0,"rotation":0,"texture":"#0"},"down":{"uv":[7.5,3.0,4.5,6.0],"tintindex":0,"rotation":0,"texture":"#0"}}},{"from":[6.9917784,16.816383,1.8437014],"to":[8.364897,19.56262,2.4230766],"faces":{"east":{"uv":[0.0,8.0,0.5,14.0],"tintindex":0,"rotation":0,"texture":"#3"},"south":{"uv":[4.0,0.0,7.0,6.0],"tintindex":0,"rotation":0,"texture":"#3"},"north":{"uv":[0.0,0.0,3.0,6.0],"tintindex":0,"rotation":0,"texture":"#3"},"west":{"uv":[8.0,0.0,8.5,6.0],"tintindex":0,"rotation":0,"texture":"#3"},"up":{"uv":[5.0,8.5,2.0,8.0],"tintindex":0,"rotation":0,"texture":"#3"},"down":{"uv":[9.0,8.0,6.0,8.5],"tintindex":0,"rotation":0,"texture":"#3"}}},{"from":[6.109047,22.852503,0.109345436],"to":[13.616622,25.768402,6.4068255],"faces":{"east":{"uv":[0.0,9.0,3.125,10.75],"tintindex":0,"rotation":0,"texture":"#0"},"south":{"uv":[0.0,7.0,4.5,8.75],"tintindex":0,"rotation":0,"texture":"#0"},"north":{"uv":[4.5,6.0,9.0,7.75],"tintindex":0,"rotation":0,"texture":"#0"},"west":{"uv":[9.0,5.0,12.125,6.75],"tintindex":0,"rotation":0,"texture":"#0"},"up":{"uv":[4.5,3.125,0.0,0.0],"tintindex":0,"rotation":0,"texture":"#0"},"down":{"uv":[4.5,3.5,0.0,6.625],"tintindex":0,"rotation":0,"texture":"#0"}}},{"from":[3.5451722,24.980766,1.1264696],"to":[6.259865,26.394104,5.389702],"faces":{"east":{"uv":[14.375,13.0,12.5,14.3125],"tintindex":0,"rotation":0,"texture":"#0"},"south":{"uv":[9.625,14.0,8.0,15.3125],"tintindex":0,"rotation":0,"texture":"#0"},"north":{"uv":[7.625,14.0,6.0,15.3125],"tintindex":0,"rotation":0,"texture":"#0"},"west":{"uv":[12.375,13.0,10.5,14.3125],"tintindex":0,"rotation":0,"texture":"#0"},"up":{"uv":[12.0,10.875,13.625,9.0],"tintindex":0,"rotation":0,"texture":"#0"},"down":{"uv":[12.0,11.0,13.625,12.875],"tintindex":0,"rotation":0,"texture":"#0"}},"rotation":{"origin":[5.0403085,26.79359,2.7068357],"angle":22.5,"axis":"z"}},{"from":[16.049469,25.567297,1.013216],"to":[16.049469,27.570898,8.567455],"faces":{"east":{"uv":[5.5,12.5,7.6875,13.6875],"tintindex":0,"rotation":0,"texture":"#0"},"south":{"uv":[5.5,12.5,7.6875,13.6875],"tintindex":0,"rotation":0,"texture":"#0"},"north":{"uv":[5.5,12.5,7.6875,13.6875],"tintindex":0,"rotation":0,"texture":"#0"},"west":{"uv":[7.6875,12.5,5.5,13.6875],"tintindex":0,"rotation":0,"texture":"#0"},"up":{"uv":[5.5,12.5,7.6875,13.6875],"tintindex":0,"rotation":0,"texture":"#0"},"down":{"uv":[5.5,12.5,7.6875,13.6875],"tintindex":0,"rotation":0,"texture":"#0"}},"rotation":{"origin":[15.387586,26.943869,4.3826356],"angle":45.0,"axis":"y"}},{"from":[7.8099794,15.913289,1.7962828],"to":[11.915689,20.291317,5.441148],"faces":{"east":{"uv":[7.25,7.25,7.625,8.28125],"tintindex":0,"rotation":0,"texture":"#0"},"south":{"uv":[6.0,3.0,7.46875,4.03125],"tintindex":0,"rotation":0,"texture":"#0"},"north":{"uv":[2.75,6.0,4.21875,7.03125],"tintindex":0,"rotation":0,"texture":"#0"},"west":{"uv":[1.0,7.5,1.375,8.53125],"tintindex":0,"rotation":0,"texture":"#0"},"up":{"uv":[2.46875,7.375,1.0,7.0],"tintindex":0,"rotation":0,"texture":"#0"},"down":{"uv":[3.96875,7.25,2.5,7.625],"tintindex":0,"rotation":0,"texture":"#0"}}},{"from":[5.9733834,24.901398,0.1612978],"to":[8.387206,27.758976,6.354873],"faces":{"east":{"uv":[8.5625,10.5,5.5,12.1875],"tintindex":0,"rotation":0,"texture":"#0"},"south":{"uv":[14.9375,7.0,13.5,8.6875],"tintindex":0,"rotation":0,"texture":"#0"},"north":{"uv":[4.4375,13.5,3.0,15.1875],"tintindex":0,"rotation":0,"texture":"#0"},"west":{"uv":[13.5625,3.0,10.5,4.6875],"tintindex":0,"rotation":0,"texture":"#0"},"up":{"uv":[0.0,14.0625,1.4375,11.0],"tintindex":0,"rotation":0,"texture":"#0"},"down":{"uv":[1.5,11.0,2.9375,14.0625],"tintindex":0,"rotation":0,"texture":"#0"}},"rotation":{"origin":[4.856292,26.790026,2.7068357],"angle":-45.0,"axis":"z"}},{"from":[13.633385,25.567297,1.3003159],"to":[16.049469,27.570898,5.2158556],"faces":{"east":{"uv":[14.0,9.0,15.6875,10.1875],"tintindex":0,"rotation":0,"texture":"#0"},"south":{"uv":[0.0,14.5,1.4375,15.6875],"tintindex":0,"rotation":0,"texture":"#0"},"north":{"uv":[10.5,9.0,11.9375,10.1875],"tintindex":0,"rotation":0,"texture":"#0"},"west":{"uv":[14.0,10.5,15.6875,11.6875],"tintindex":0,"rotation":0,"texture":"#0"},"up":{"uv":[15.4375,3.6875,14.0,2.0],"tintindex":0,"rotation":0,"texture":"#0"},"down":{"uv":[5.9375,14.0,4.5,15.6875],"tintindex":0,"rotation":0,"texture":"#0"}}},{"from":[13.465805,24.980766,1.1264696],"to":[16.180496,26.394104,5.389702],"faces":{"east":{"uv":[10.5,13.0,12.375,14.3125],"tintindex":0,"rotation":0,"texture":"#0"},"south":{"uv":[8.0,14.0,9.625,15.3125],"tintindex":0,"rotation":0,"texture":"#0"},"north":{"uv":[6.0,14.0,7.625,15.3125],"tintindex":0,"rotation":0,"texture":"#0"},"west":{"uv":[12.5,13.0,14.375,14.3125],"tintindex":0,"rotation":0,"texture":"#0"},"up":{"uv":[13.625,10.875,12.0,9.0],"tintindex":0,"rotation":0,"texture":"#0"},"down":{"uv":[13.625,11.0,12.0,12.875],"tintindex":0,"rotation":0,"texture":"#0"}},"rotation":{"origin":[14.685361,26.79359,2.7068357],"angle":-22.5,"axis":"z"}},{"from":[6.3580656,20.120947,0.2911682],"to":[9.443885,22.832737,6.2250032],"faces":{"east":{"uv":[11.875,10.5,9.0,12.125],"tintindex":0,"rotation":0,"texture":"#0"},"south":{"uv":[14.3125,5.0,12.5,6.625],"tintindex":0,"rotation":0,"texture":"#0"},"north":{"uv":[14.3125,0.0,12.5,1.625],"tintindex":0,"rotation":0,"texture":"#0"},"west":{"uv":[13.375,7.0,10.5,8.625],"tintindex":0,"rotation":0,"texture":"#0"},"up":{"uv":[10.5,2.875,12.3125,0.0],"tintindex":0,"rotation":0,"texture":"#0"},"down":{"uv":[3.5,10.5,5.3125,13.375],"tintindex":0,"rotation":0,"texture":"#0"}},"rotation":{"origin":[9.759154,21.900436,2.7068357],"angle":-45.0,"axis":"z"}},{"from":[9.665049,17.518845,2.5465345],"to":[15.067299,20.760193,4.707434],"faces":{"east":{"uv":[4.25,7.0,4.75,7.75],"tintindex":0,"rotation":0,"texture":"#0"},"south":{"uv":[5.5,4.0,6.71875,4.75],"tintindex":0,"rotation":0,"texture":"#0"},"north":{"uv":[4.5,5.25,5.71875,6.0],"tintindex":0,"rotation":0,"texture":"#0"},"west":{"uv":[4.75,7.0,5.25,7.75],"tintindex":0,"rotation":0,"texture":"#0"},"up":{"uv":[7.71875,5.75,6.5,5.25],"tintindex":0,"rotation":0,"texture":"#0"},"down":{"uv":[7.71875,5.75,6.5,6.25],"tintindex":0,"rotation":0,"texture":"#0"}},"rotation":{"origin":[12.366173,19.139519,3.6269846],"angle":-45.0,"axis":"z"}},{"from":[11.338463,24.901398,0.1612978],"to":[13.752286,27.758976,6.354873],"faces":{"east":{"uv":[10.5,3.0,13.5625,4.6875],"tintindex":0,"rotation":0,"texture":"#0"},"south":{"uv":[13.5,7.0,14.9375,8.6875],"tintindex":0,"rotation":0,"texture":"#0"},"north":{"uv":[3.0,13.5,4.4375,15.1875],"tintindex":0,"rotation":0,"texture":"#0"},"west":{"uv":[5.5,10.5,8.5625,12.1875],"tintindex":0,"rotation":0,"texture":"#0"},"up":{"uv":[1.4375,14.0625,0.0,11.0],"tintindex":0,"rotation":0,"texture":"#0"},"down":{"uv":[2.9375,11.0,1.5,14.0625],"tintindex":0,"rotation":0,"texture":"#0"}},"rotation":{"origin":[14.869377,26.790026,2.7068357],"angle":45.0,"axis":"z"}},{"from":[4.658371,17.518845,2.5465345],"to":[10.060621,20.760193,4.707434],"faces":{"east":{"uv":[5.25,7.0,4.75,7.75],"tintindex":0,"rotation":0,"texture":"#0"},"south":{"uv":[6.71875,4.0,5.5,4.75],"tintindex":0,"rotation":0,"texture":"#0"},"north":{"uv":[5.71875,5.25,4.5,6.0],"tintindex":0,"rotation":0,"texture":"#0"},"west":{"uv":[4.75,7.0,4.25,7.75],"tintindex":0,"rotation":0,"texture":"#0"},"up":{"uv":[6.5,5.75,7.71875,5.25],"tintindex":0,"rotation":0,"texture":"#0"},"down":{"uv":[6.5,5.75,7.71875,6.25],"tintindex":0,"rotation":0,"texture":"#0"}},"rotation":{"origin":[7.3594956,19.139519,3.6269846],"angle":45.0,"axis":"z"}},{"from":[3.6762009,25.567297,1.013216],"to":[3.6762009,27.570898,8.567455],"faces":{"east":{"uv":[5.5,12.5,7.6875,13.6875],"tintindex":0,"rotation":0,"texture":"#0"},"south":{"uv":[7.6875,12.5,5.5,13.6875],"tintindex":0,"rotation":0,"texture":"#0"},"north":{"uv":[7.6875,12.5,5.5,13.6875],"tintindex":0,"rotation":0,"texture":"#0"},"west":{"uv":[7.6875,12.5,5.5,13.6875],"tintindex":0,"rotation":0,"texture":"#0"},"up":{"uv":[7.6875,12.5,5.5,13.6875],"tintindex":0,"rotation":0,"texture":"#0"},"down":{"uv":[7.6875,12.5,5.5,13.6875],"tintindex":0,"rotation":0,"texture":"#0"}},"rotation":{"origin":[4.3380833,26.943869,4.3826356],"angle":-45.0,"axis":"y"}}],"display":{"gui":{"rotation":[30,225,0]}}}