{"textures":{"1":"modelengine:entity/satan_arm"},"elements":[{"from":[3.6085172,5.3961315,-0.13699532],"to":[4.913877,6.904352,2.8212366],"faces":{"east":{"uv":[8.15625,0.0,7.5,0.34375],"tintindex":0,"rotation":0,"texture":"#1"},"south":{"uv":[2.28125,7.75,2.0,8.09375],"tintindex":0,"rotation":0,"texture":"#1"},"north":{"uv":[1.78125,7.75,1.5,8.09375],"tintindex":0,"rotation":0,"texture":"#1"},"west":{"uv":[6.90625,7.25,6.25,7.59375],"tintindex":0,"rotation":0,"texture":"#1"},"up":{"uv":[0.0,8.15625,0.28125,7.5],"tintindex":0,"rotation":0,"texture":"#1"},"down":{"uv":[7.5,6.25,7.78125,6.90625],"tintindex":0,"rotation":0,"texture":"#1"}}},{"from":[2.450746,5.2251205,0.5483208],"to":[5.537746,12.50162,2.1359205],"faces":{"east":{"uv":[5.625,6.0,5.25,7.65625],"tintindex":0,"rotation":0,"texture":"#1"},"south":{"uv":[4.4375,4.0,3.75,5.65625],"tintindex":0,"rotation":0,"texture":"#1"},"north":{"uv":[1.6875,4.0,1.0,5.65625],"tintindex":0,"rotation":0,"texture":"#1"},"west":{"uv":[3.625,6.0,3.25,7.65625],"tintindex":0,"rotation":0,"texture":"#1"},"up":{"uv":[5.0,1.125,5.6875,0.75],"tintindex":0,"rotation":0,"texture":"#1"},"down":{"uv":[7.25,3.0,7.9375,3.375],"tintindex":0,"rotation":0,"texture":"#1"}}},{"from":[2.2252173,0.8657913,-0.8628788],"to":[4.4302173,5.275791,3.5471206],"faces":{"east":{"uv":[5.75,2.25,4.75,3.25],"tintindex":0,"rotation":0,"texture":"#1"},"south":{"uv":[0.5,6.5,0.0,7.5],"tintindex":0,"rotation":0,"texture":"#1"},"north":{"uv":[3.0,5.0,2.5,6.0],"tintindex":0,"rotation":0,"texture":"#1"},"west":{"uv":[5.75,1.25,4.75,2.25],"tintindex":0,"rotation":0,"texture":"#1"},"up":{"uv":[6.5,7.25,7.0,6.25],"tintindex":0,"rotation":0,"texture":"#1"},"down":{"uv":[6.75,0.5,7.25,1.5],"tintindex":0,"rotation":0,"texture":"#1"}}},{"from":[2.7764678,16.30079,-0.8628788],"to":[6.0839677,21.81329,3.5471206],"faces":{"east":{"uv":[4.0,0.0,3.0,1.25],"tintindex":0,"rotation":0,"texture":"#1"},"south":{"uv":[2.5,5.0,1.75,6.25],"tintindex":0,"rotation":0,"texture":"#1"},"north":{"uv":[3.75,4.75,3.0,6.0],"tintindex":0,"rotation":0,"texture":"#1"},"west":{"uv":[3.0,2.25,2.0,3.5],"tintindex":0,"rotation":0,"texture":"#1"},"up":{"uv":[3.75,6.75,4.5,5.75],"tintindex":0,"rotation":0,"texture":"#1"},"down":{"uv":[5.75,4.75,6.5,5.75],"tintindex":0,"rotation":0,"texture":"#1"}},"rotation":{"origin":[6.0839677,15.198291,1.3421206],"angle":-22.5,"axis":"z"}},{"from":[2.9194322,6.3276215,-0.5541792],"to":[4.903932,12.50162,3.2384205],"faces":{"east":{"uv":[4.625,1.25,3.75,2.65625],"tintindex":0,"rotation":0,"texture":"#1"},"south":{"uv":[2.4375,6.25,2.0,7.65625],"tintindex":0,"rotation":0,"texture":"#1"},"north":{"uv":[1.9375,6.25,1.5,7.65625],"tintindex":0,"rotation":0,"texture":"#1"},"west":{"uv":[2.875,3.5,2.0,4.90625],"tintindex":0,"rotation":0,"texture":"#1"},"up":{"uv":[1.0,7.875,1.4375,7.0],"tintindex":0,"rotation":0,"texture":"#1"},"down":{"uv":[2.5,7.0,2.9375,7.875],"tintindex":0,"rotation":0,"texture":"#1"}}},{"from":[6.0839677,19.608292,0.23962069],"to":[11.596468,22.91579,2.4446206],"faces":{"east":{"uv":[7.5,7.0,7.0,7.75],"tintindex":0,"rotation":0,"texture":"#1"},"south":{"uv":[6.25,0.0,5.0,0.75],"tintindex":0,"rotation":0,"texture":"#1"},"north":{"uv":[6.0,3.25,4.75,4.0],"tintindex":0,"rotation":0,"texture":"#1"},"west":{"uv":[7.5,6.25,7.0,7.0],"tintindex":0,"rotation":0,"texture":"#1"},"up":{"uv":[6.25,0.5,7.5,0.0],"tintindex":0,"rotation":0,"texture":"#1"},"down":{"uv":[6.5,4.75,7.75,5.25],"tintindex":0,"rotation":0,"texture":"#1"}},"rotation":{"origin":[9.391468,20.71079,1.3421206],"angle":-22.5,"axis":"z"}},{"from":[5.514605,16.695045,-0.818779],"to":[8.755955,22.097298,3.5030208],"faces":{"east":{"uv":[0.96875,4.0,0.0,5.21875],"tintindex":0,"rotation":0,"texture":"#1"},"south":{"uv":[1.5,5.75,0.75,6.96875],"tintindex":0,"rotation":0,"texture":"#1"},"north":{"uv":[0.75,5.25,0.0,6.46875],"tintindex":0,"rotation":0,"texture":"#1"},"west":{"uv":[4.71875,2.75,3.75,3.96875],"tintindex":0,"rotation":0,"texture":"#1"},"up":{"uv":[5.75,6.71875,6.5,5.75],"tintindex":0,"rotation":0,"texture":"#1"},"down":{"uv":[2.5,6.0,3.25,6.96875],"tintindex":0,"rotation":0,"texture":"#1"}},"rotation":{"origin":[7.13528,19.396172,1.3421206],"angle":-45.0,"axis":"z"}},{"from":[2.18123,1.9242134,-0.8739042],"to":[4.43033,5.319914,0.25064564],"faces":{"east":{"uv":[3.25,7.0,3.0,7.78125],"tintindex":0,"rotation":0,"texture":"#1"},"south":{"uv":[1.0,7.0,0.5,7.78125],"tintindex":0,"rotation":0,"texture":"#1"},"north":{"uv":[6.25,6.75,5.75,7.53125],"tintindex":0,"rotation":0,"texture":"#1"},"west":{"uv":[2.0,4.0,1.75,4.78125],"tintindex":0,"rotation":0,"texture":"#1"},"up":{"uv":[6.0,4.0,6.5,3.75],"tintindex":0,"rotation":0,"texture":"#1"},"down":{"uv":[6.25,0.5,6.75,0.75],"tintindex":0,"rotation":0,"texture":"#1"}},"rotation":{"origin":[3.8680549,5.882189,1.3751955],"angle":22.5,"axis":"z"}},{"from":[1.4998622,20.635506,1.3421206],"to":[7.7179623,29.984705,1.5626206],"faces":{"east":{"uv":[1.40625,0.0,0.0,2.125],"tintindex":0,"rotation":0,"texture":"#1"},"south":{"uv":[0.0,0.0,1.40625,2.125],"tintindex":0,"rotation":0,"texture":"#1"},"north":{"uv":[1.40625,0.0,0.0,2.125],"tintindex":0,"rotation":0,"texture":"#1"},"west":{"uv":[1.40625,0.0,0.0,2.125],"tintindex":0,"rotation":0,"texture":"#1"},"up":{"uv":[1.40625,0.0,0.0,2.125],"tintindex":0,"rotation":0,"texture":"#1"},"down":{"uv":[1.40625,0.0,0.0,2.125],"tintindex":0,"rotation":0,"texture":"#1"}},"rotation":{"origin":[5.7996125,24.935255,1.3421206],"angle":22.5,"axis":"z"}},{"from":[3.704862,19.533005,0.7026706],"to":[7.7179623,24.472206,1.9815707],"faces":{"east":{"uv":[7.53125,1.75,7.25,2.875],"tintindex":0,"rotation":0,"texture":"#1"},"south":{"uv":[5.40625,4.0,4.5,5.125],"tintindex":0,"rotation":0,"texture":"#1"},"north":{"uv":[4.90625,0.0,4.0,1.125],"tintindex":0,"rotation":0,"texture":"#1"},"west":{"uv":[7.53125,0.5,7.25,1.625],"tintindex":0,"rotation":0,"texture":"#1"},"up":{"uv":[7.25,3.78125,8.15625,3.5],"tintindex":0,"rotation":0,"texture":"#1"},"down":{"uv":[7.25,4.0,8.15625,4.28125],"tintindex":0,"rotation":0,"texture":"#1"}},"rotation":{"origin":[6.9021125,22.730255,1.3421206],"angle":22.5,"axis":"z"}},{"from":[3.6604133,11.811287,-0.79716873],"to":[6.847302,19.342464,3.4814095],"faces":{"east":{"uv":[1.96875,2.25,1.0,3.96875],"tintindex":0,"rotation":0,"texture":"#1"},"south":{"uv":[3.71875,3.0,3.0,4.71875],"tintindex":0,"rotation":0,"texture":"#1"},"north":{"uv":[3.71875,1.25,3.0,2.96875],"tintindex":0,"rotation":0,"texture":"#1"},"west":{"uv":[0.96875,2.25,0.0,3.96875],"tintindex":0,"rotation":0,"texture":"#1"},"up":{"uv":[6.0,3.71875,6.71875,2.75],"tintindex":0,"rotation":0,"texture":"#1"},"down":{"uv":[4.5,6.0,5.21875,6.96875],"tintindex":0,"rotation":0,"texture":"#1"}},"rotation":{"origin":[5.253864,15.576876,1.3421206],"angle":-22.5,"axis":"z"}},{"from":[3.145062,10.227287,-0.6902027],"to":[5.350063,14.239779,3.3744445],"faces":{"east":{"uv":[6.65625,1.75,5.75,2.65625],"tintindex":0,"rotation":0,"texture":"#1"},"south":{"uv":[7.25,2.5,6.75,3.40625],"tintindex":0,"rotation":0,"texture":"#1"},"north":{"uv":[7.25,1.5,6.75,2.40625],"tintindex":0,"rotation":0,"texture":"#1"},"west":{"uv":[6.65625,0.75,5.75,1.65625],"tintindex":0,"rotation":0,"texture":"#1"},"up":{"uv":[6.75,4.40625,7.25,3.5],"tintindex":0,"rotation":0,"texture":"#1"},"down":{"uv":[3.75,6.75,4.25,7.65625],"tintindex":0,"rotation":0,"texture":"#1"}},"rotation":{"origin":[2.7442698,10.672945,1.3421206],"angle":22.5,"axis":"z"}}],"display":{"gui":{"rotation":[30,225,0]}}}