{"textures":{"1":"modelengine:entity/satan_arm"},"elements":[{"from":[12.0077,-8.472204,1.7573581],"to":[16.0208,-3.5330048,3.0362582],"faces":{"east":{"uv":[7.25,1.625,7.53125,0.5],"tintindex":0,"rotation":0,"texture":"#1"},"south":{"uv":[4.5,5.125,5.40625,4.0],"tintindex":0,"rotation":0,"texture":"#1"},"north":{"uv":[4.0,1.125,4.90625,0.0],"tintindex":0,"rotation":0,"texture":"#1"},"west":{"uv":[7.25,2.875,7.53125,1.75],"tintindex":0,"rotation":0,"texture":"#1"},"up":{"uv":[8.15625,4.28125,7.25,4.0],"tintindex":0,"rotation":0,"texture":"#1"},"down":{"uv":[8.15625,3.5,7.25,3.78125],"tintindex":0,"rotation":0,"texture":"#1"}},"rotation":{"origin":[12.823549,-6.730255,2.3968081],"angle":22.5,"axis":"z"}},{"from":[14.187916,3.4983797,1.6030083],"to":[17.274916,10.774879,3.190608],"faces":{"east":{"uv":[3.25,7.65625,3.625,6.0],"tintindex":0,"rotation":0,"texture":"#1"},"south":{"uv":[3.75,5.65625,4.4375,4.0],"tintindex":0,"rotation":0,"texture":"#1"},"north":{"uv":[1.0,5.65625,1.6875,4.0],"tintindex":0,"rotation":0,"texture":"#1"},"west":{"uv":[5.25,7.65625,5.625,6.0],"tintindex":0,"rotation":0,"texture":"#1"},"up":{"uv":[7.9375,3.375,7.25,3.0],"tintindex":0,"rotation":0,"texture":"#1"},"down":{"uv":[5.6875,0.75,5.0,1.125],"tintindex":0,"rotation":0,"texture":"#1"}}},{"from":[12.87836,-3.3424644,0.25751925],"to":[16.065248,4.1887136,4.5360966],"faces":{"east":{"uv":[0.0,3.96875,0.96875,2.25],"tintindex":0,"rotation":0,"texture":"#1"},"south":{"uv":[3.0,4.71875,3.71875,3.0],"tintindex":0,"rotation":0,"texture":"#1"},"north":{"uv":[3.0,2.96875,3.71875,1.25],"tintindex":0,"rotation":0,"texture":"#1"},"west":{"uv":[1.0,3.96875,1.96875,2.25],"tintindex":0,"rotation":0,"texture":"#1"},"up":{"uv":[5.21875,6.96875,4.5,6.0],"tintindex":0,"rotation":0,"texture":"#1"},"down":{"uv":[6.71875,2.75,6.0,3.71875],"tintindex":0,"rotation":0,"texture":"#1"}},"rotation":{"origin":[14.471798,0.42312527,2.3968081],"angle":-22.5,"axis":"z"}},{"from":[14.82173,3.4983797,0.5005083],"to":[16.80623,9.67238,4.293108],"faces":{"east":{"uv":[2.0,4.90625,2.875,3.5],"tintindex":0,"rotation":0,"texture":"#1"},"south":{"uv":[2.0,7.65625,2.4375,6.25],"tintindex":0,"rotation":0,"texture":"#1"},"north":{"uv":[1.5,7.65625,1.9375,6.25],"tintindex":0,"rotation":0,"texture":"#1"},"west":{"uv":[3.75,2.65625,4.625,1.25],"tintindex":0,"rotation":0,"texture":"#1"},"up":{"uv":[2.9375,7.875,2.5,7.0],"tintindex":0,"rotation":0,"texture":"#1"},"down":{"uv":[1.4375,7.0,1.0,7.875],"tintindex":0,"rotation":0,"texture":"#1"}}},{"from":[15.2954445,10.72421,0.19180822],"to":[17.500444,15.134211,4.601808],"faces":{"east":{"uv":[4.75,2.25,5.75,1.25],"tintindex":0,"rotation":0,"texture":"#1"},"south":{"uv":[0.0,7.5,0.5,6.5],"tintindex":0,"rotation":0,"texture":"#1"},"north":{"uv":[2.5,6.0,3.0,5.0],"tintindex":0,"rotation":0,"texture":"#1"},"west":{"uv":[4.75,3.25,5.75,2.25],"tintindex":0,"rotation":0,"texture":"#1"},"up":{"uv":[7.25,1.5,6.75,0.5],"tintindex":0,"rotation":0,"texture":"#1"},"down":{"uv":[7.0,6.25,6.5,7.25],"tintindex":0,"rotation":0,"texture":"#1"}}},{"from":[12.0077,-13.984705,2.3968081],"to":[18.2258,-4.6355057,2.3968081],"faces":{"east":{"uv":[0.0,2.125,1.40625,0.0],"tintindex":0,"rotation":0,"texture":"#1"},"south":{"uv":[1.40625,2.125,0.0,0.0],"tintindex":0,"rotation":0,"texture":"#1"},"north":{"uv":[0.0,2.125,1.40625,0.0],"tintindex":0,"rotation":0,"texture":"#1"},"west":{"uv":[0.0,2.125,1.40625,0.0],"tintindex":0,"rotation":0,"texture":"#1"},"up":{"uv":[0.0,2.125,1.40625,0.0],"tintindex":0,"rotation":0,"texture":"#1"},"down":{"uv":[0.0,2.125,1.40625,0.0],"tintindex":0,"rotation":0,"texture":"#1"}},"rotation":{"origin":[13.92605,-8.935255,2.3968081],"angle":22.5,"axis":"z"}},{"from":[14.811785,9.095649,0.9176917],"to":[16.117146,10.6038685,3.875924],"faces":{"east":{"uv":[6.25,7.59375,6.90625,7.25],"tintindex":0,"rotation":0,"texture":"#1"},"south":{"uv":[2.0,8.09375,2.28125,7.75],"tintindex":0,"rotation":0,"texture":"#1"},"north":{"uv":[1.5,8.09375,1.78125,7.75],"tintindex":0,"rotation":0,"texture":"#1"},"west":{"uv":[7.5,0.34375,8.15625,0.0],"tintindex":0,"rotation":0,"texture":"#1"},"up":{"uv":[7.78125,6.90625,7.5,6.25],"tintindex":0,"rotation":0,"texture":"#1"},"down":{"uv":[0.28125,7.5,0.0,8.15625],"tintindex":0,"rotation":0,"texture":"#1"}}},{"from":[14.375601,1.7602215,0.3644843],"to":[16.5806,5.7727137,4.429132],"faces":{"east":{"uv":[5.75,1.65625,6.65625,0.75],"tintindex":0,"rotation":0,"texture":"#1"},"south":{"uv":[6.75,3.40625,7.25,2.5],"tintindex":0,"rotation":0,"texture":"#1"},"north":{"uv":[6.75,2.40625,7.25,1.5],"tintindex":0,"rotation":0,"texture":"#1"},"west":{"uv":[5.75,2.65625,6.65625,1.75],"tintindex":0,"rotation":0,"texture":"#1"},"up":{"uv":[4.25,7.65625,3.75,6.75],"tintindex":0,"rotation":0,"texture":"#1"},"down":{"uv":[7.25,3.5,6.75,4.40625],"tintindex":0,"rotation":0,"texture":"#1"}},"rotation":{"origin":[16.981392,5.327056,2.3968081],"angle":22.5,"axis":"z"}},{"from":[10.9697075,-6.0972958,0.23590803],"to":[14.211058,-0.6950464,4.5577083],"faces":{"east":{"uv":[3.75,3.96875,4.71875,2.75],"tintindex":0,"rotation":0,"texture":"#1"},"south":{"uv":[0.75,6.96875,1.5,5.75],"tintindex":0,"rotation":0,"texture":"#1"},"north":{"uv":[0.0,6.46875,0.75,5.25],"tintindex":0,"rotation":0,"texture":"#1"},"west":{"uv":[0.0,5.21875,0.96875,4.0],"tintindex":0,"rotation":0,"texture":"#1"},"up":{"uv":[3.25,6.96875,2.5,6.0],"tintindex":0,"rotation":0,"texture":"#1"},"down":{"uv":[6.5,5.75,5.75,6.71875],"tintindex":0,"rotation":0,"texture":"#1"}},"rotation":{"origin":[12.590383,-3.3961716,2.3968081],"angle":-45.0,"axis":"z"}},{"from":[15.295332,10.680088,0.18078327],"to":[17.544432,14.075787,1.3053331],"faces":{"east":{"uv":[1.75,4.78125,2.0,4.0],"tintindex":0,"rotation":0,"texture":"#1"},"south":{"uv":[0.5,7.78125,1.0,7.0],"tintindex":0,"rotation":0,"texture":"#1"},"north":{"uv":[5.75,7.53125,6.25,6.75],"tintindex":0,"rotation":0,"texture":"#1"},"west":{"uv":[3.0,7.78125,3.25,7.0],"tintindex":0,"rotation":0,"texture":"#1"},"up":{"uv":[6.75,0.75,6.25,0.5],"tintindex":0,"rotation":0,"texture":"#1"},"down":{"uv":[6.5,3.75,6.0,4.0],"tintindex":0,"rotation":0,"texture":"#1"}},"rotation":{"origin":[15.857607,10.117813,2.429883],"angle":22.5,"axis":"z"}},{"from":[13.641695,-5.8132896,0.19180822],"to":[16.949194,-0.30078983,4.601808],"faces":{"east":{"uv":[2.0,3.5,3.0,2.25],"tintindex":0,"rotation":0,"texture":"#1"},"south":{"uv":[1.75,6.25,2.5,5.0],"tintindex":0,"rotation":0,"texture":"#1"},"north":{"uv":[3.0,6.0,3.75,4.75],"tintindex":0,"rotation":0,"texture":"#1"},"west":{"uv":[3.0,1.25,4.0,0.0],"tintindex":0,"rotation":0,"texture":"#1"},"up":{"uv":[6.5,5.75,5.75,4.75],"tintindex":0,"rotation":0,"texture":"#1"},"down":{"uv":[4.5,5.75,3.75,6.75],"tintindex":0,"rotation":0,"texture":"#1"}},"rotation":{"origin":[13.641695,0.8017101,2.3968081],"angle":-22.5,"axis":"z"}},{"from":[8.129195,-6.9157906,1.2943082],"to":[13.641695,-3.6082897,3.499308],"faces":{"east":{"uv":[7.0,7.0,7.5,6.25],"tintindex":0,"rotation":0,"texture":"#1"},"south":{"uv":[5.0,0.75,6.25,0.0],"tintindex":0,"rotation":0,"texture":"#1"},"north":{"uv":[4.75,4.0,6.0,3.25],"tintindex":0,"rotation":0,"texture":"#1"},"west":{"uv":[7.0,7.75,7.5,7.0],"tintindex":0,"rotation":0,"texture":"#1"},"up":{"uv":[7.75,5.25,6.5,4.75],"tintindex":0,"rotation":0,"texture":"#1"},"down":{"uv":[7.5,0.0,6.25,0.5],"tintindex":0,"rotation":0,"texture":"#1"}},"rotation":{"origin":[10.334195,-4.7107906,2.3968081],"angle":-22.5,"axis":"z"}}],"display":{"gui":{"rotation":[30,225,0]}}}