{"textures":{"2":"modelengine:entity/satan_torso","4":"modelengine:entity/type1","6":"modelengine:entity/chickenwings"},"elements":[{"from":[16.81543,10.66836,7.885742],"to":[18.634766,13.516016,7.885742],"faces":{"east":{"uv":[4.0,0.0,0.0,8.125],"tintindex":0,"rotation":0,"texture":"#4"},"south":{"uv":[4.0,0.0,0.0,8.125],"tintindex":0,"rotation":0,"texture":"#4"},"north":{"uv":[4.0,0.0,0.0,8.125],"tintindex":0,"rotation":0,"texture":"#4"},"west":{"uv":[4.0,0.0,0.0,8.125],"tintindex":0,"rotation":0,"texture":"#4"},"up":{"uv":[4.0,0.0,0.0,8.125],"tintindex":0,"rotation":0,"texture":"#4"},"down":{"uv":[4.0,0.0,0.0,8.125],"tintindex":0,"rotation":0,"texture":"#4"}},"rotation":{"origin":[18.634766,10.66836,7.885742],"angle":-45.0,"axis":"z"}},{"from":[1.8388672,7.6976566,7.182617],"to":[8.166992,20.353907,7.182617],"faces":{"south":{"uv":[8.0,0.0,4.0,8.0],"tintindex":0,"rotation":0,"texture":"#6"},"north":{"uv":[4.0,0.0,8.0,8.0],"tintindex":0,"rotation":0,"texture":"#6"}},"rotation":{"origin":[6.584961,2.951563,5.600586],"angle":45.0,"axis":"y"}},{"from":[-2.4326172,7.6976566,9.318359],"to":[3.8955078,20.353907,9.318359],"faces":{"south":{"uv":[8.0,8.0,12.0,16.0],"tintindex":0,"rotation":0,"texture":"#6"},"north":{"uv":[12.0,8.0,8.0,16.0],"tintindex":0,"rotation":0,"texture":"#6"}},"rotation":{"origin":[2.3134766,2.951563,10.900391],"angle":-22.5,"axis":"y"}},{"from":[-1.5097656,10.66836,7.885742],"to":[0.3095703,13.516016,7.885742],"faces":{"east":{"uv":[0.0,0.0,4.0,8.125],"tintindex":0,"rotation":0,"texture":"#4"},"south":{"uv":[0.0,0.0,4.0,8.125],"tintindex":0,"rotation":0,"texture":"#4"},"north":{"uv":[0.0,0.0,4.0,8.125],"tintindex":0,"rotation":0,"texture":"#4"},"west":{"uv":[0.0,0.0,4.0,8.125],"tintindex":0,"rotation":0,"texture":"#4"},"up":{"uv":[0.0,0.0,4.0,8.125],"tintindex":0,"rotation":0,"texture":"#4"},"down":{"uv":[0.0,0.0,4.0,8.125],"tintindex":0,"rotation":0,"texture":"#4"}},"rotation":{"origin":[-1.5097656,10.66836,7.885742],"angle":45.0,"axis":"z"}},{"from":[0.17773438,17.98086,8.448242],"to":[1.9970703,20.828516,8.448242],"faces":{"east":{"uv":[0.0,0.0,4.0,8.125],"tintindex":0,"rotation":0,"texture":"#4"},"south":{"uv":[0.0,0.0,4.0,8.125],"tintindex":0,"rotation":0,"texture":"#4"},"north":{"uv":[0.0,0.0,4.0,8.125],"tintindex":0,"rotation":0,"texture":"#4"},"west":{"uv":[0.0,0.0,4.0,8.125],"tintindex":0,"rotation":0,"texture":"#4"},"up":{"uv":[0.0,0.0,4.0,8.125],"tintindex":0,"rotation":0,"texture":"#4"},"down":{"uv":[0.0,0.0,4.0,8.125],"tintindex":0,"rotation":0,"texture":"#4"}},"rotation":{"origin":[0.17773438,17.98086,8.448242],"angle":45.0,"axis":"z"}},{"from":[11.963867,7.6976566,9.555664],"to":[18.291992,20.353907,9.555664],"faces":{"south":{"uv":[12.03125,8.0,8.03125,16.0],"tintindex":0,"rotation":0,"texture":"#6"},"north":{"uv":[8.0,8.0,12.0,16.0],"tintindex":0,"rotation":0,"texture":"#6"}},"rotation":{"origin":[13.545898,2.951563,7.973633],"angle":22.5,"axis":"y"}},{"from":[6.371478,9.306221,3.7601757],"to":[10.560978,11.40097,5.854926],"faces":{"east":{"uv":[7.25,6.25,8.25,6.75],"tintindex":0,"rotation":0,"texture":"#2"},"south":{"uv":[4.25,6.25,6.25,6.75],"tintindex":0,"rotation":0,"texture":"#2"},"north":{"uv":[6.0,4.25,8.0,4.75],"tintindex":0,"rotation":0,"texture":"#2"},"west":{"uv":[7.25,6.75,8.25,7.25],"tintindex":0,"rotation":0,"texture":"#2"},"up":{"uv":[8.0,2.0,6.0,1.0],"tintindex":0,"rotation":0,"texture":"#2"},"down":{"uv":[8.0,2.0,6.0,3.0],"tintindex":0,"rotation":0,"texture":"#2"}}},{"from":[16.81543,13.48086,7.885742],"to":[18.634766,16.328516,7.885742],"faces":{"east":{"uv":[4.0,0.0,0.0,8.125],"tintindex":0,"rotation":0,"texture":"#4"},"south":{"uv":[4.0,0.0,0.0,8.125],"tintindex":0,"rotation":0,"texture":"#4"},"north":{"uv":[4.0,0.0,0.0,8.125],"tintindex":0,"rotation":0,"texture":"#4"},"west":{"uv":[4.0,0.0,0.0,8.125],"tintindex":0,"rotation":0,"texture":"#4"},"up":{"uv":[4.0,0.0,0.0,8.125],"tintindex":0,"rotation":0,"texture":"#4"},"down":{"uv":[4.0,0.0,0.0,8.125],"tintindex":0,"rotation":0,"texture":"#4"}},"rotation":{"origin":[18.634766,13.48086,7.885742],"angle":-45.0,"axis":"z"}},{"from":[5.3241034,12.448345,3.7601757],"to":[11.608353,14.543096,5.854926],"faces":{"east":{"uv":[5.25,6.75,6.25,7.5],"tintindex":0,"rotation":0,"texture":"#2"},"south":{"uv":[5.5,5.5,8.5,6.25],"tintindex":0,"rotation":0,"texture":"#2"},"north":{"uv":[5.5,4.75,8.5,5.5],"tintindex":0,"rotation":0,"texture":"#2"},"west":{"uv":[0.0,7.0,1.0,7.75],"tintindex":0,"rotation":0,"texture":"#2"},"up":{"uv":[3.0,4.75,0.0,3.75],"tintindex":0,"rotation":0,"texture":"#2"},"down":{"uv":[6.0,3.75,3.0,4.75],"tintindex":0,"rotation":0,"texture":"#2"}}},{"from":[-1.5097656,13.48086,7.885742],"to":[0.3095703,16.328516,7.885742],"faces":{"east":{"uv":[0.0,0.0,4.0,8.125],"tintindex":0,"rotation":0,"texture":"#4"},"south":{"uv":[0.0,0.0,4.0,8.125],"tintindex":0,"rotation":0,"texture":"#4"},"north":{"uv":[0.0,0.0,4.0,8.125],"tintindex":0,"rotation":0,"texture":"#4"},"west":{"uv":[0.0,0.0,4.0,8.125],"tintindex":0,"rotation":0,"texture":"#4"},"up":{"uv":[0.0,0.0,4.0,8.125],"tintindex":0,"rotation":0,"texture":"#4"},"down":{"uv":[0.0,0.0,4.0,8.125],"tintindex":0,"rotation":0,"texture":"#4"}},"rotation":{"origin":[-1.5097656,13.48086,7.885742],"angle":45.0,"axis":"z"}},{"from":[5.345051,5.0695887,4.9122887],"to":[11.587405,11.97179,4.9122887],"faces":{"east":{"uv":[4.0,7.25,4.0625,10.78125],"tintindex":0,"rotation":0,"texture":"#2"},"south":{"uv":[3.0,0.0,5.96875,3.53125],"tintindex":0,"rotation":0,"texture":"#2"},"north":{"uv":[0.0,0.0,2.96875,3.53125],"tintindex":0,"rotation":0,"texture":"#2"},"west":{"uv":[1.5,7.5,1.5625,11.03125],"tintindex":0,"rotation":0,"texture":"#2"},"up":{"uv":[10.46875,3.0625,7.5,3.0],"tintindex":0,"rotation":0,"texture":"#2"},"down":{"uv":[10.46875,3.25,7.5,3.3125],"tintindex":0,"rotation":0,"texture":"#2"}}},{"from":[6.916113,8.211714,4.420022],"to":[10.016343,10.400727,5.19508],"faces":{"east":{"uv":[7.25,7.25,7.625,8.28125],"tintindex":0,"rotation":0,"texture":"#2"},"south":{"uv":[6.0,3.0,7.46875,4.03125],"tintindex":0,"rotation":0,"texture":"#2"},"north":{"uv":[2.75,6.0,4.21875,7.03125],"tintindex":0,"rotation":0,"texture":"#2"},"west":{"uv":[1.0,7.5,1.375,8.53125],"tintindex":0,"rotation":0,"texture":"#2"},"up":{"uv":[2.46875,7.375,1.0,7.0],"tintindex":0,"rotation":0,"texture":"#2"},"down":{"uv":[3.96875,7.25,2.5,7.625],"tintindex":0,"rotation":0,"texture":"#2"}}},{"from":[5.7692375,11.361696,3.212925],"to":[11.1632185,13.535,5.8784947],"faces":{"east":{"uv":[6.25,6.25,7.03125,7.28125],"tintindex":0,"rotation":0,"texture":"#2"},"south":{"uv":[2.75,4.75,5.3125,5.78125],"tintindex":0,"rotation":0,"texture":"#2"},"north":{"uv":[0.0,4.75,2.5625,5.78125],"tintindex":0,"rotation":0,"texture":"#2"},"west":{"uv":[4.25,6.75,5.03125,7.78125],"tintindex":0,"rotation":0,"texture":"#2"},"up":{"uv":[2.5625,6.78125,0.0,6.0],"tintindex":0,"rotation":0,"texture":"#2"},"down":{"uv":[8.5625,0.0,6.0,0.78125],"tintindex":0,"rotation":0,"texture":"#2"}}},{"from":[8.958008,7.6976566,7.182617],"to":[15.286133,20.353907,7.182617],"faces":{"south":{"uv":[8.0,8.0,4.0,16.0],"tintindex":0,"rotation":0,"texture":"#6"},"north":{"uv":[4.0,8.0,8.0,16.0],"tintindex":0,"rotation":0,"texture":"#6"}},"rotation":{"origin":[10.540039,2.951563,5.600586],"angle":-45.0,"axis":"y"}},{"from":[9.669922,18.45547,7.736328],"to":[11.7265625,21.856836,7.736328],"faces":{"east":{"uv":[0.0,0.0,4.0,8.125],"tintindex":0,"rotation":0,"texture":"#4"},"south":{"uv":[0.0,0.0,4.0,8.125],"tintindex":0,"rotation":0,"texture":"#4"},"north":{"uv":[0.0,0.0,4.0,8.125],"tintindex":0,"rotation":0,"texture":"#4"},"west":{"uv":[0.0,0.0,4.0,8.125],"tintindex":0,"rotation":0,"texture":"#4"},"up":{"uv":[0.0,0.0,4.0,8.125],"tintindex":0,"rotation":0,"texture":"#4"},"down":{"uv":[0.0,0.0,4.0,8.125],"tintindex":0,"rotation":0,"texture":"#4"}},"rotation":{"origin":[11.7265625,18.45547,7.736328],"angle":-45.0,"axis":"z"}},{"from":[15.12793,17.98086,8.448242],"to":[16.947266,20.828516,8.448242],"faces":{"east":{"uv":[0.0,0.0,4.0,8.125],"tintindex":0,"rotation":0,"texture":"#4"},"south":{"uv":[0.0,0.0,4.0,8.125],"tintindex":0,"rotation":0,"texture":"#4"},"north":{"uv":[0.0,0.0,4.0,8.125],"tintindex":0,"rotation":0,"texture":"#4"},"west":{"uv":[0.0,0.0,4.0,8.125],"tintindex":0,"rotation":0,"texture":"#4"},"up":{"uv":[0.0,0.0,4.0,8.125],"tintindex":0,"rotation":0,"texture":"#4"},"down":{"uv":[0.0,0.0,4.0,8.125],"tintindex":0,"rotation":0,"texture":"#4"}},"rotation":{"origin":[16.947266,17.98086,8.448242],"angle":-45.0,"axis":"z"}},{"from":[5.3984375,18.45547,7.736328],"to":[7.455078,21.856836,7.736328],"faces":{"east":{"uv":[0.0,0.0,4.0,8.125],"tintindex":0,"rotation":0,"texture":"#4"},"south":{"uv":[0.0,0.0,4.0,8.125],"tintindex":0,"rotation":0,"texture":"#4"},"north":{"uv":[0.0,0.0,4.0,8.125],"tintindex":0,"rotation":0,"texture":"#4"},"west":{"uv":[0.0,0.0,4.0,8.125],"tintindex":0,"rotation":0,"texture":"#4"},"up":{"uv":[0.0,0.0,4.0,8.125],"tintindex":0,"rotation":0,"texture":"#4"},"down":{"uv":[0.0,0.0,4.0,8.125],"tintindex":0,"rotation":0,"texture":"#4"}},"rotation":{"origin":[5.3984375,18.45547,7.736328],"angle":45.0,"axis":"z"}}],"display":{"gui":{"rotation":[30,225,0]}}}