{"sources":[{"source":"entity","prefix":"entity/","type":"directory"},{"resource":"wrath:wrath_texture/api","sprite":"wrath:wrath_texture/api","type":"single"},{"resource":"wrath:wrath_texture/api_e","sprite":"wrath:wrath_texture/api_e","type":"single"},{"resource":"wrath:wrath_texture/aninanu","sprite":"wrath:wrath_texture/aninanu","type":"single"},{"resource":"wrath:wrath_texture/aninanu_e","sprite":"wrath:wrath_texture/aninanu_e","type":"single"},{"resource":"wrath:wrath_texture/glow","sprite":"wrath:wrath_texture/glow","type":"single"},{"resource":"wrath:wrath_texture/glow_e","sprite":"wrath:wrath_texture/glow_e","type":"single"},{"resource":"wrath:wrath_texture/gagang","sprite":"wrath:wrath_texture/gagang","type":"single"},{"resource":"wrath:wrath_texture/handle","sprite":"wrath:wrath_texture/handle","type":"single"},{"resource":"wrath:wrath_texture/skull","sprite":"wrath:wrath_texture/skull","type":"single"},{"resource":"wrath:wrath_texture/type3","sprite":"wrath:wrath_texture/type3","type":"single"},{"resource":"wrath:wrath_texture/darkhorn","sprite":"wrath:wrath_texture/darkhorn","type":"single"},{"resource":"wrath:wrath_texture/insideblade","sprite":"wrath:wrath_texture/insideblade","type":"single"},{"resource":"wrath:wrath_texture/satanno12","sprite":"wrath:wrath_texture/satanno12","type":"single"},{"resource":"wrath:wrath_texture/cube","sprite":"wrath:wrath_texture/cube","type":"single"},{"resource":"wrath:wrath_texture/redspike","sprite":"wrath:wrath_texture/redspike","type":"single"},{"resource":"wrath:wrath_texture/blade","sprite":"wrath:wrath_texture/blade","type":"single"},{"resource":"wrath:wrath_texture/stuff","sprite":"wrath:wrath_texture/stuff","type":"single"},{"resource":"wrath:wrath_texture/satanno17","sprite":"wrath:wrath_texture/satanno17","type":"single"},{"resource":"wrath:wrath_texture/spike1","sprite":"wrath:wrath_texture/spike1","type":"single"},{"resource":"wrath:wrath_texture/gagang","sprite":"wrath:wrath_texture/gagang","type":"single"},{"resource":"wrath:wrath_texture/handle","sprite":"wrath:wrath_texture/handle","type":"single"},{"resource":"wrath:wrath_texture/skull","sprite":"wrath:wrath_texture/skull","type":"single"},{"resource":"wrath:wrath_texture/type3","sprite":"wrath:wrath_texture/type3","type":"single"},{"resource":"wrath:wrath_texture/darkhorn","sprite":"wrath:wrath_texture/darkhorn","type":"single"},{"resource":"wrath:wrath_texture/insideblade","sprite":"wrath:wrath_texture/insideblade","type":"single"},{"resource":"wrath:wrath_texture/satanno12","sprite":"wrath:wrath_texture/satanno12","type":"single"},{"resource":"wrath:wrath_texture/cube","sprite":"wrath:wrath_texture/cube","type":"single"},{"resource":"wrath:wrath_texture/redspike","sprite":"wrath:wrath_texture/redspike","type":"single"},{"resource":"wrath:wrath_texture/blade","sprite":"wrath:wrath_texture/blade","type":"single"},{"resource":"wrath:wrath_texture/stuff","sprite":"wrath:wrath_texture/stuff","type":"single"},{"resource":"wrath:wrath_texture/satanno17","sprite":"wrath:wrath_texture/satanno17","type":"single"},{"resource":"wrath:wrath_texture/spike1","sprite":"wrath:wrath_texture/spike1","type":"single"},{"resource":"shark_anchor:shark_anchor_texture/animations_3","sprite":"shark_anchor:shark_anchor_texture/animations_3","type":"single"},{"resource":"shark_anchor:shark_anchor_texture/rante_animasi_2","sprite":"shark_anchor:shark_anchor_texture/rante_animasi_2","type":"single"},{"resource":"shark_anchor:shark_anchor_texture/rante_animasi","sprite":"shark_anchor:shark_anchor_texture/rante_animasi","type":"single"},{"resource":"shark_anchor:shark_anchor_texture/animations_3","sprite":"shark_anchor:shark_anchor_texture/animations_3","type":"single"},{"resource":"shark_anchor:shark_anchor_texture/rante_shark","sprite":"shark_anchor:shark_anchor_texture/rante_shark","type":"single"}]}