{"overrides":[{"predicate":{"custom_model_data":1},"model":"modelengine:megalodon/body"},{"predicate":{"custom_model_data":2},"model":"modelengine:megalodon/head"},{"predicate":{"custom_model_data":3},"model":"modelengine:megalodon/lefthand"},{"predicate":{"custom_model_data":4},"model":"modelengine:megalodon/chain1"},{"predicate":{"custom_model_data":5},"model":"modelengine:megalodon/sword3"},{"predicate":{"custom_model_data":6},"model":"modelengine:megalodon/righthand"},{"predicate":{"custom_model_data":7},"model":"modelengine:megalodon/sword4"},{"predicate":{"custom_model_data":8},"model":"modelengine:megalodon/fin"},{"predicate":{"custom_model_data":9},"model":"modelengine:megalodon/tailroot"},{"predicate":{"custom_model_data":10},"model":"modelengine:megalodon/mouth"},{"predicate":{"custom_model_data":11},"model":"modelengine:megalodon/chain2"},{"predicate":{"custom_model_data":12},"model":"modelengine:megalodon/sword"},{"predicate":{"custom_model_data":13},"model":"modelengine:megalodon/tail"},{"predicate":{"custom_model_data":14},"model":"modelengine:megalodon/chain3"},{"predicate":{"custom_model_data":15},"model":"modelengine:megalodon/tail2"},{"predicate":{"custom_model_data":16},"model":"modelengine:megalodon/sword2"},{"predicate":{"custom_model_data":17},"model":"modelengine:megalodon/chain4"},{"predicate":{"custom_model_data":18},"model":"modelengine:megalodon/tail3"},{"predicate":{"custom_model_data":19},"model":"modelengine:rise_shark/first"},{"predicate":{"custom_model_data":20},"model":"modelengine:rise_shark/second"},{"predicate":{"custom_model_data":21},"model":"modelengine:rise_shark/third"},{"predicate":{"custom_model_data":22},"model":"modelengine:rise_shark/fourth"},{"predicate":{"custom_model_data":23},"model":"modelengine:rise_shark/fifth"},{"predicate":{"custom_model_data":24},"model":"modelengine:rise_shark/sixth"},{"predicate":{"custom_model_data":25},"model":"modelengine:rise_shark/seventh"},{"predicate":{"custom_model_data":26},"model":"modelengine:rise_shark/last"},{"predicate":{"custom_model_data":27},"model":"modelengine:shark_big_slash_1/body"},{"predicate":{"custom_model_data":28},"model":"modelengine:shark_big_slash_2/body"},{"predicate":{"custom_model_data":29},"model":"modelengine:shark_big_slash_3/body"},{"predicate":{"custom_model_data":30},"model":"modelengine:shark_big_slash_4/body"},{"predicate":{"custom_model_data":31},"model":"modelengine:shark_big_slash_5/body"},{"predicate":{"custom_model_data":32},"model":"modelengine:shark_big_slash_6/body"},{"predicate":{"custom_model_data":33},"model":"modelengine:shark_ground_crack/body"},{"predicate":{"custom_model_data":34},"model":"modelengine:shark_muter_muter/head"},{"predicate":{"custom_model_data":35},"model":"modelengine:shark_muter_muter/chest"},{"predicate":{"custom_model_data":36},"model":"modelengine:shark_muter_muter/lower_body"},{"predicate":{"custom_model_data":37},"model":"modelengine:shark_muter_muter/solower_body"},{"predicate":{"custom_model_data":38},"model":"modelengine:shark_slash_1/body"},{"predicate":{"custom_model_data":39},"model":"modelengine:shark_slash_2/body"},{"predicate":{"custom_model_data":40},"model":"modelengine:shark_slash_3/body"},{"predicate":{"custom_model_data":41},"model":"modelengine:shark_slash_4/body"},{"predicate":{"custom_model_data":42},"model":"modelengine:shark_slash_5/body"},{"predicate":{"custom_model_data":43},"model":"modelengine:shark_slash_6/body"},{"predicate":{"custom_model_data":44},"model":"modelengine:shark_slash_7/body"},{"predicate":{"custom_model_data":45},"model":"modelengine:shark_spin/body"},{"predicate":{"custom_model_data":46},"model":"modelengine:shark_tornado/stome_footer_1"},{"predicate":{"custom_model_data":47},"model":"modelengine:shark_tornado/stom_top_1"},{"predicate":{"custom_model_data":48},"model":"modelengine:shark_tornado/stom_top_2"},{"predicate":{"custom_model_data":49},"model":"modelengine:shark_tornado/bone3"},{"predicate":{"custom_model_data":50},"model":"modelengine:shark_tornado/bone2"},{"predicate":{"custom_model_data":51},"model":"modelengine:shark_tornado/bone4"},{"predicate":{"custom_model_data":52},"model":"modelengine:shark_tornado/bone"},{"predicate":{"custom_model_data":53},"model":"modelengine:shark_tornado/bone5"},{"predicate":{"custom_model_data":54},"model":"modelengine:shark_tornado/bone7"},{"predicate":{"custom_model_data":55},"model":"modelengine:shark_tornado/bone6"},{"predicate":{"custom_model_data":56},"model":"modelengine:shark_tornado/bone8"},{"predicate":{"custom_model_data":57},"model":"modelengine:shark_tornado/bone15"},{"predicate":{"custom_model_data":58},"model":"modelengine:shark_tornado/bone16"},{"predicate":{"custom_model_data":59},"model":"modelengine:shark_tornado/bone13"},{"predicate":{"custom_model_data":60},"model":"modelengine:shark_tornado/bone14"},{"predicate":{"custom_model_data":61},"model":"modelengine:vfx_shark_anchor/body"},{"predicate":{"custom_model_data":62},"model":"modelengine:vfx_shark_anchor_muter/body_1"},{"predicate":{"custom_model_data":63},"model":"modelengine:vfx_shark_anchor_muter/bone"},{"predicate":{"custom_model_data":64},"model":"modelengine:vfx_shark_anchor_muter/bone2"},{"predicate":{"custom_model_data":65},"model":"modelengine:vfx_shark_anchor_muter/bone3"},{"predicate":{"custom_model_data":66},"model":"modelengine:vfx_shark_anchor_muter/bone4"},{"predicate":{"custom_model_data":67},"model":"modelengine:vfx_shark_anchor_muter/bone5"},{"predicate":{"custom_model_data":68},"model":"modelengine:vfx_shark_rust/wave1"},{"predicate":{"custom_model_data":69},"model":"modelengine:vfx_shark_rust/bone3"},{"predicate":{"custom_model_data":70},"model":"modelengine:vfx_shark_rust/bone2"},{"predicate":{"custom_model_data":71},"model":"modelengine:vfx_shark_rust/bone4"},{"predicate":{"custom_model_data":72},"model":"modelengine:vfx_shark_rust/bone"},{"predicate":{"custom_model_data":73},"model":"modelengine:fx_ice_crater_big/stone_4"},{"predicate":{"custom_model_data":74},"model":"modelengine:fx_ice_crater_big/stone_5"},{"predicate":{"custom_model_data":75},"model":"modelengine:fx_ice_crater_big/stone_2"},{"predicate":{"custom_model_data":76},"model":"modelengine:fx_ice_crater_big/stone_3"},{"predicate":{"custom_model_data":77},"model":"modelengine:fx_ice_crater_big/body2"},{"predicate":{"custom_model_data":78},"model":"modelengine:fx_ice_crater_big/body3"},{"predicate":{"custom_model_data":79},"model":"modelengine:fx_ice_crater_big/stone_1"},{"predicate":{"custom_model_data":80},"model":"modelengine:fx_ice_crater_big/body4"},{"predicate":{"custom_model_data":81},"model":"modelengine:fx_ice_crater_big/body"},{"predicate":{"custom_model_data":82},"model":"modelengine:fx_ice_crater_small/stone_4"},{"predicate":{"custom_model_data":83},"model":"modelengine:fx_ice_crater_small/stone_5"},{"predicate":{"custom_model_data":84},"model":"modelengine:fx_ice_crater_small/stone_2"},{"predicate":{"custom_model_data":85},"model":"modelengine:fx_ice_crater_small/stone_3"},{"predicate":{"custom_model_data":86},"model":"modelengine:fx_ice_crater_small/body2"},{"predicate":{"custom_model_data":87},"model":"modelengine:fx_ice_crater_small/stone_1"},{"predicate":{"custom_model_data":88},"model":"modelengine:fx_ice_crater_small/body"},{"predicate":{"custom_model_data":89},"model":"modelengine:fx_permafrost_lance/group"},{"predicate":{"custom_model_data":90},"model":"modelengine:fx_permafrost_lance/group2"},{"predicate":{"custom_model_data":91},"model":"modelengine:lostassets_revenant/torso"},{"predicate":{"custom_model_data":92},"model":"modelengine:lostassets_revenant/rightarm"},{"predicate":{"custom_model_data":93},"model":"modelengine:lostassets_revenant/leftarm"},{"predicate":{"custom_model_data":94},"model":"modelengine:lostassets_revenant/head"},{"predicate":{"custom_model_data":95},"model":"modelengine:lostassets_revenant/doombringer_greatsword_brutal_legends"},{"predicate":{"custom_model_data":96},"model":"modelengine:spirit_guardian/upper_body"},{"predicate":{"custom_model_data":97},"model":"modelengine:spirit_guardian/upper_body_up"},{"predicate":{"custom_model_data":98},"model":"modelengine:spirit_guardian/chest"},{"predicate":{"custom_model_data":99},"model":"modelengine:spirit_guardian/head"},{"predicate":{"custom_model_data":100},"model":"modelengine:spirit_guardian/right_arm"},{"predicate":{"custom_model_data":101},"model":"modelengine:spirit_guardian/left_arm"},{"predicate":{"custom_model_data":102},"model":"modelengine:spirit_guardian/right_wrist"},{"predicate":{"custom_model_data":103},"model":"modelengine:spirit_guardian/left_wrist"},{"predicate":{"custom_model_data":104},"model":"modelengine:spirit_guardian/right_hand"},{"predicate":{"custom_model_data":105},"model":"modelengine:spirit_guardian/doombringer_greatsword_brutal_legends"},{"predicate":{"custom_model_data":106},"model":"modelengine:vfx_ground_crack/body"},{"predicate":{"custom_model_data":107},"model":"modelengine:vfx_ground_crack_debris/stone_4"},{"predicate":{"custom_model_data":108},"model":"modelengine:vfx_ground_crack_debris/stone_5"},{"predicate":{"custom_model_data":109},"model":"modelengine:vfx_ground_crack_debris/stone_2"},{"predicate":{"custom_model_data":110},"model":"modelengine:vfx_ground_crack_debris/stone_3"},{"predicate":{"custom_model_data":111},"model":"modelengine:vfx_ground_crack_debris/stone_1"},{"predicate":{"custom_model_data":112},"model":"modelengine:fx_frost_strike_1/body"},{"predicate":{"custom_model_data":113},"model":"modelengine:fx_frost_strike_2/body"},{"predicate":{"custom_model_data":114},"model":"modelengine:fx_frost_strike_3/body"},{"predicate":{"custom_model_data":115},"model":"modelengine:fx_frost_strike_4/body"},{"predicate":{"custom_model_data":116},"model":"modelengine:fx_frost_strike_5/body"},{"predicate":{"custom_model_data":117},"model":"modelengine:fx_frost_strike_6/body"},{"predicate":{"custom_model_data":118},"model":"modelengine:fx_frost_strike_7/body"}],"parent":"minecraft:item/generated","textures":{"layer0":"minecraft:item/leather_horse_armor"}}