{"textures":{"0":"modelengine:entity/tornado_shark_anchor"},"elements":[{"from":[16.0,-11.015694,-1.625],"to":[16.0,9.984306,19.375],"faces":{"east":{"uv":[5.625,5.25,10.75,10.125],"tintindex":0,"rotation":0,"texture":"#0"},"west":{"uv":[10.75,5.25,5.625,10.125],"tintindex":0,"rotation":0,"texture":"#0"}},"rotation":{"origin":[8.0,-2.5156927,0.875],"angle":-22.5,"axis":"z"}},{"from":[0.0,-11.015694,-1.625],"to":[0.0,9.984306,19.375],"faces":{"east":{"uv":[5.625,5.25,10.75,10.125],"tintindex":0,"rotation":0,"texture":"#0"},"west":{"uv":[10.75,5.25,5.625,10.125],"tintindex":0,"rotation":0,"texture":"#0"}},"rotation":{"origin":[8.0,-2.5156927,0.875],"angle":22.5,"axis":"z"}},{"from":[-3.75,-11.108082,0.089466095],"to":[17.25,9.891918,0.089466095],"faces":{"south":{"uv":[5.625,5.25,10.75,10.125],"tintindex":0,"rotation":0,"texture":"#0"},"north":{"uv":[10.75,5.25,5.625,10.125],"tintindex":0,"rotation":0,"texture":"#0"}},"rotation":{"origin":[6.75,-3.7294016,7.625],"angle":-22.5,"axis":"x"}},{"from":[-3.75,-11.108082,15.160534],"to":[17.25,9.891918,15.160534],"faces":{"south":{"uv":[5.625,5.25,10.75,10.125],"tintindex":0,"rotation":0,"texture":"#0"},"north":{"uv":[10.75,5.25,5.625,10.125],"tintindex":0,"rotation":0,"texture":"#0"}},"rotation":{"origin":[6.75,-3.7294016,7.625],"angle":22.5,"axis":"x"}}],"display":{"gui":{"rotation":[30,225,0]}}}