{"textures":{"0":"modelengine:entity/tornado_shark_anchor"},"elements":[{"from":[23.763256,-14.005234,-2.125],"to":[23.763256,6.994766,18.875],"faces":{"east":{"uv":[10.75,5.25,5.625,10.125],"tintindex":0,"rotation":0,"texture":"#0"},"west":{"uv":[5.625,5.25,10.75,10.125],"tintindex":0,"rotation":0,"texture":"#0"}},"rotation":{"origin":[23.763256,-3.5052319,8.375],"angle":-22.5,"axis":"z"}},{"from":[-2.75,-7.9728947,22.68835],"to":[18.25,13.027103,22.68835],"faces":{"south":{"uv":[10.75,5.25,5.625,10.125],"tintindex":0,"rotation":0,"texture":"#0"},"north":{"uv":[5.625,5.25,10.75,10.125],"tintindex":0,"rotation":0,"texture":"#0"}},"rotation":{"origin":[7.75,-3.5052319,8.125],"angle":22.5,"axis":"x"}},{"from":[-7.763257,-14.005234,-2.125],"to":[-7.763257,6.994766,18.875],"faces":{"east":{"uv":[10.75,5.25,5.625,10.125],"tintindex":0,"rotation":0,"texture":"#0"},"west":{"uv":[5.625,5.25,10.75,10.125],"tintindex":0,"rotation":0,"texture":"#0"}},"rotation":{"origin":[-7.763257,-3.5052319,8.375],"angle":22.5,"axis":"z"}},{"from":[-2.75,-7.9728947,-6.4383507],"to":[18.25,13.027103,-6.4383507],"faces":{"south":{"uv":[10.75,5.25,5.625,10.125],"tintindex":0,"rotation":0,"texture":"#0"},"north":{"uv":[5.625,5.25,10.75,10.125],"tintindex":0,"rotation":0,"texture":"#0"}},"rotation":{"origin":[7.75,-3.5052319,8.125],"angle":-22.5,"axis":"x"}}],"display":{"gui":{"rotation":[30,225,0]}}}