{"textures":{"0":"modelengine:entity/tornado_shark_anchor"},"elements":[{"from":[30.06856,-9.304188,-6.0999994],"to":[30.06856,20.09581,23.3],"faces":{"east":{"uv":[10.75,5.25,5.625,10.125],"tintindex":0,"rotation":0,"texture":"#0"},"west":{"uv":[5.625,5.25,10.75,10.125],"tintindex":0,"rotation":0,"texture":"#0"}},"rotation":{"origin":[30.06856,5.395813,8.6],"angle":-22.5,"axis":"z"}},{"from":[-14.06856,-9.304188,-6.0999994],"to":[-14.06856,20.09581,23.3],"faces":{"east":{"uv":[10.75,5.25,5.625,10.125],"tintindex":0,"rotation":0,"texture":"#0"},"west":{"uv":[5.625,5.25,10.75,10.125],"tintindex":0,"rotation":0,"texture":"#0"}},"rotation":{"origin":[-14.06856,5.395813,8.6],"angle":22.5,"axis":"z"}},{"from":[-7.05,-0.8589134,28.63869],"to":[22.35,28.541084,28.63869],"faces":{"south":{"uv":[10.75,5.25,5.625,10.125],"tintindex":0,"rotation":0,"texture":"#0"},"north":{"uv":[5.625,5.25,10.75,10.125],"tintindex":0,"rotation":0,"texture":"#0"}},"rotation":{"origin":[7.65,5.395813,8.25],"angle":22.5,"axis":"x"}},{"from":[-7.05,-0.8589134,-12.138691],"to":[22.35,28.541084,-12.138691],"faces":{"south":{"uv":[10.75,5.25,5.625,10.125],"tintindex":0,"rotation":0,"texture":"#0"},"north":{"uv":[5.625,5.25,10.75,10.125],"tintindex":0,"rotation":0,"texture":"#0"}},"rotation":{"origin":[7.65,5.395813,8.25],"angle":-22.5,"axis":"x"}}],"display":{"gui":{"rotation":[30,225,0]}}}