{"textures":{"0":"shark_anchor:shark_anchor_texture/animations_3","2":"modelengine:entity/shark_anchor"},"elements":[{"from":[6.1666665,-10.416668,7.1666665],"to":[7.1666665,-10.25,8.166667],"faces":{"east":{"uv":[14.0,5.0,15.5,5.25],"tintindex":0,"rotation":0,"texture":"#2"},"south":{"uv":[14.0,5.5,15.5,5.75],"tintindex":0,"rotation":0,"texture":"#2"},"north":{"uv":[5.0,14.0,6.5,14.25],"tintindex":0,"rotation":0,"texture":"#2"},"west":{"uv":[14.0,6.0,15.5,6.25],"tintindex":0,"rotation":0,"texture":"#2"},"up":{"uv":[1.5,13.0,0.0,11.5],"tintindex":0,"rotation":0,"texture":"#2"},"down":{"uv":[3.0,11.5,1.5,13.0],"tintindex":0,"rotation":0,"texture":"#2"}}},{"from":[6.333333,-14.333334,7.3333335],"to":[7.0,-10.0,8.0],"faces":{"east":{"uv":[1.0,4.0,2.0,10.5],"tintindex":0,"rotation":0,"texture":"#2"},"south":{"uv":[2.0,4.0,3.0,10.5],"tintindex":0,"rotation":0,"texture":"#2"},"north":{"uv":[0.0,4.0,1.0,10.5],"tintindex":0,"rotation":0,"texture":"#2"},"west":{"uv":[3.0,4.0,4.0,10.5],"tintindex":0,"rotation":0,"texture":"#2"},"up":{"uv":[3.0,14.0,2.0,13.0],"tintindex":0,"rotation":0,"texture":"#2"},"down":{"uv":[5.0,13.0,4.0,14.0],"tintindex":0,"rotation":0,"texture":"#2"}}},{"from":[6.1666665,-7.75,7.1666665],"to":[7.1666665,-7.583334,8.166667],"faces":{"east":{"uv":[14.0,5.0,15.5,5.25],"tintindex":0,"rotation":0,"texture":"#2"},"south":{"uv":[14.0,5.5,15.5,5.75],"tintindex":0,"rotation":0,"texture":"#2"},"north":{"uv":[5.0,14.0,6.5,14.25],"tintindex":0,"rotation":0,"texture":"#2"},"west":{"uv":[14.0,6.0,15.5,6.25],"tintindex":0,"rotation":0,"texture":"#2"},"up":{"uv":[1.5,13.0,0.0,11.5],"tintindex":0,"rotation":0,"texture":"#2"},"down":{"uv":[3.0,11.5,1.5,13.0],"tintindex":0,"rotation":0,"texture":"#2"}}},{"from":[5.8999996,-5.666667,7.5],"to":[6.3999996,-5.333334,7.8333335],"faces":{"east":{"uv":[10.5,14.0,11.0,14.5],"tintindex":0,"rotation":0,"texture":"#2"},"south":{"uv":[7.5,14.0,8.25,14.5],"tintindex":0,"rotation":0,"texture":"#2"},"north":{"uv":[14.0,6.5,14.75,7.0],"tintindex":0,"rotation":0,"texture":"#2"},"west":{"uv":[14.0,10.5,14.5,11.0],"tintindex":0,"rotation":0,"texture":"#2"},"up":{"uv":[11.0,14.5,10.5,14.0],"tintindex":0,"rotation":0,"texture":"#2"},"down":{"uv":[11.0,14.0,10.5,14.5],"tintindex":0,"rotation":0,"texture":"#2"}}},{"from":[5.833333,-10.0,6.833333],"to":[7.5,-9.733334,8.5],"faces":{"east":{"uv":[14.0,5.0,15.5,5.25],"tintindex":0,"rotation":0,"texture":"#2"},"south":{"uv":[14.0,5.5,15.5,5.75],"tintindex":0,"rotation":0,"texture":"#2"},"north":{"uv":[5.0,14.0,6.5,14.25],"tintindex":0,"rotation":0,"texture":"#2"},"west":{"uv":[14.0,6.0,15.5,6.25],"tintindex":0,"rotation":0,"texture":"#2"},"up":{"uv":[1.5,13.0,0.0,11.5],"tintindex":0,"rotation":0,"texture":"#2"},"down":{"uv":[3.0,11.5,1.5,13.0],"tintindex":0,"rotation":0,"texture":"#2"}}},{"from":[4.740003,-14.6222,7.3300004],"to":[7.0733366,-13.955534,8.003333],"faces":{"east":{"uv":[0.0,13.0,1.0,14.0],"tintindex":0,"rotation":0,"texture":"#2"},"south":{"uv":[9.0,0.0,12.5,1.0],"tintindex":0,"rotation":0,"texture":"#2"},"north":{"uv":[8.0,8.0,11.5,9.0],"tintindex":0,"rotation":0,"texture":"#2"},"west":{"uv":[1.0,13.0,2.0,14.0],"tintindex":0,"rotation":0,"texture":"#2"},"up":{"uv":[12.5,2.0,9.0,1.0],"tintindex":0,"rotation":0,"texture":"#2"},"down":{"uv":[12.5,2.0,9.0,3.0],"tintindex":0,"rotation":0,"texture":"#2"}},"rotation":{"origin":[6.0733333,-13.288868,7.658333],"angle":-22.5,"axis":"z"}},{"from":[7.6666665,-14.666668,7.533333],"to":[7.8333335,-13.833334,7.7666664],"faces":{"east":{"uv":[11.25,14.0,11.0,14.75],"tintindex":0,"rotation":0,"texture":"#2"},"south":{"uv":[5.5,3.5,6.0,4.0],"tintindex":0,"rotation":0,"texture":"#2"},"north":{"uv":[11.0,14.0,11.25,14.75],"tintindex":0,"rotation":0,"texture":"#2"},"west":{"uv":[11.25,14.0,11.0,14.75],"tintindex":0,"rotation":0,"texture":"#2"},"up":{"uv":[4.0,11.0,3.5,10.5],"tintindex":0,"rotation":0,"texture":"#2"},"down":{"uv":[6.0,3.5,5.5,4.0],"tintindex":0,"rotation":0,"texture":"#2"}},"rotation":{"origin":[9.40667,-14.288868,7.6666665],"angle":-22.5,"axis":"z"}},{"from":[5.833333,-10.266668,6.833333],"to":[7.5,-10.0,8.5],"faces":{"east":{"uv":[14.0,5.0,15.5,5.25],"tintindex":0,"rotation":0,"texture":"#2"},"south":{"uv":[14.0,5.5,15.5,5.75],"tintindex":0,"rotation":0,"texture":"#2"},"north":{"uv":[5.0,14.0,6.5,14.25],"tintindex":0,"rotation":0,"texture":"#2"},"west":{"uv":[14.0,6.0,15.5,6.25],"tintindex":0,"rotation":0,"texture":"#2"},"up":{"uv":[1.5,13.0,0.0,11.5],"tintindex":0,"rotation":0,"texture":"#2"},"down":{"uv":[3.0,11.5,1.5,13.0],"tintindex":0,"rotation":0,"texture":"#2"}}},{"from":[6.8999996,-5.666667,7.5],"to":[7.4,-5.333334,7.8333335],"faces":{"east":{"uv":[3.0,11.5,3.5,12.0],"tintindex":0,"rotation":0,"texture":"#2"},"south":{"uv":[6.5,14.0,7.25,14.5],"tintindex":0,"rotation":0,"texture":"#2"},"north":{"uv":[6.5,14.0,7.25,14.5],"tintindex":0,"rotation":0,"texture":"#2"},"west":{"uv":[7.5,1.0,8.0,2.0],"tintindex":0,"rotation":0,"texture":"#2"},"up":{"uv":[8.0,2.0,7.5,1.0],"tintindex":0,"rotation":0,"texture":"#2"},"down":{"uv":[8.0,1.0,7.5,2.0],"tintindex":0,"rotation":0,"texture":"#2"}}},{"from":[6.5,-15.166668,7.3266664],"to":[7.1666665,-14.5,8.006667],"faces":{"east":{"uv":[12.5,5.0,13.53125,6.0],"tintindex":0,"rotation":0,"texture":"#2"},"south":{"uv":[12.0,13.0,13.0,14.0],"tintindex":0,"rotation":0,"texture":"#2"},"north":{"uv":[13.0,11.0,14.0,12.0],"tintindex":0,"rotation":0,"texture":"#2"},"west":{"uv":[12.5,6.0,13.53125,7.0],"tintindex":0,"rotation":0,"texture":"#2"},"up":{"uv":[13.5,8.03125,12.5,7.0],"tintindex":0,"rotation":0,"texture":"#2"},"down":{"uv":[13.5,8.5,12.5,9.53125],"tintindex":0,"rotation":0,"texture":"#2"}},"rotation":{"origin":[6.6666665,-15.0,7.6666665],"angle":45.0,"axis":"z"}},{"from":[7.5,-13.382198,7.533333],"to":[7.6666665,-12.21553,7.7666664],"faces":{"east":{"uv":[6.0,3.5,5.5,4.0],"tintindex":0,"rotation":0,"texture":"#2"},"south":{"uv":[6.0,3.5,5.5,4.0],"tintindex":0,"rotation":0,"texture":"#2"},"north":{"uv":[11.25,14.0,11.0,14.75],"tintindex":0,"rotation":0,"texture":"#2"},"west":{"uv":[11.25,14.0,11.0,14.75],"tintindex":0,"rotation":0,"texture":"#2"},"up":{"uv":[3.5,11.0,4.0,10.5],"tintindex":0,"rotation":0,"texture":"#2"},"down":{"uv":[5.5,3.5,6.0,4.0],"tintindex":0,"rotation":0,"texture":"#2"}},"rotation":{"origin":[5.9266634,-13.288868,7.6666665],"angle":-22.5,"axis":"z"}},{"from":[6.5,-15.0,7.533333],"to":[6.6666665,-13.5,7.7666664],"faces":{"east":{"uv":[5.5,3.5,6.0,4.0],"tintindex":0,"rotation":0,"texture":"#2"},"south":{"uv":[5.5,3.5,6.0,4.0],"tintindex":0,"rotation":0,"texture":"#2"},"north":{"uv":[11.25,14.0,11.0,14.75],"tintindex":0,"rotation":0,"texture":"#2"},"west":{"uv":[5.5,3.5,6.0,4.0],"tintindex":0,"rotation":0,"texture":"#2"},"up":{"uv":[3.5,11.0,4.0,10.5],"tintindex":0,"rotation":0,"texture":"#2"},"down":{"uv":[5.5,3.5,6.0,4.0],"tintindex":0,"rotation":0,"texture":"#2"}},"rotation":{"origin":[4.9266634,-14.288868,7.6666665],"angle":22.5,"axis":"z"}},{"from":[6.1666665,-6.333334,7.5],"to":[7.133333,-6.0,7.8333335],"faces":{"east":{"uv":[7.5,1.0,8.0,2.0],"tintindex":0,"rotation":0,"texture":"#2"},"south":{"uv":[7.5,1.0,8.0,2.0],"tintindex":0,"rotation":0,"texture":"#2"},"north":{"uv":[7.5,1.0,8.0,2.0],"tintindex":0,"rotation":0,"texture":"#2"},"west":{"uv":[7.5,1.0,8.0,2.0],"tintindex":0,"rotation":0,"texture":"#2"},"up":{"uv":[8.0,2.0,7.5,1.0],"tintindex":0,"rotation":0,"texture":"#2"},"down":{"uv":[8.0,1.0,7.5,2.0],"tintindex":0,"rotation":0,"texture":"#2"}}},{"from":[4.833333,-13.333334,7.5],"to":[6.333333,-13.0,7.8333335],"faces":{"east":{"uv":[4.0,10.5,3.5,11.0],"tintindex":0,"rotation":0,"texture":"#2"},"south":{"uv":[6.0,3.5,5.5,4.0],"tintindex":0,"rotation":0,"texture":"#2"},"north":{"uv":[11.25,14.0,11.0,14.75],"tintindex":0,"rotation":0,"texture":"#2"},"west":{"uv":[6.0,3.5,5.5,4.0],"tintindex":0,"rotation":0,"texture":"#2"},"up":{"uv":[12.5,2.0,9.0,1.0],"tintindex":0,"rotation":0,"texture":"#2"},"down":{"uv":[12.5,3.5,14.75,4.0],"tintindex":0,"rotation":0,"texture":"#2"}},"rotation":{"origin":[4.9266634,-11.288868,7.6666665],"angle":22.5,"axis":"z"}},{"from":[6.1666665,-13.333334,7.533333],"to":[6.333333,-12.833334,7.7666664],"faces":{"east":{"uv":[5.5,3.5,6.0,4.0],"tintindex":0,"rotation":0,"texture":"#2"},"south":{"uv":[6.0,3.5,5.5,4.0],"tintindex":0,"rotation":0,"texture":"#2"},"north":{"uv":[11.25,14.0,11.0,14.75],"tintindex":0,"rotation":0,"texture":"#2"},"west":{"uv":[5.5,3.5,6.0,4.0],"tintindex":0,"rotation":0,"texture":"#2"},"up":{"uv":[5.5,3.5,6.0,4.0],"tintindex":0,"rotation":0,"texture":"#2"},"down":{"uv":[5.5,3.5,6.0,4.0],"tintindex":0,"rotation":0,"texture":"#2"}},"rotation":{"origin":[4.59333,-12.955534,7.6666665],"angle":22.5,"axis":"z"}},{"from":[3.833333,-14.600002,7.5],"to":[5.0,-14.266668,7.8333335],"faces":{"east":{"uv":[4.0,10.5,3.5,11.0],"tintindex":0,"rotation":0,"texture":"#2"},"south":{"uv":[6.0,3.5,5.5,4.0],"tintindex":0,"rotation":0,"texture":"#2"},"north":{"uv":[14.75,2.0,12.5,2.5],"tintindex":0,"rotation":0,"texture":"#2"},"west":{"uv":[6.0,3.5,5.5,4.0],"tintindex":0,"rotation":0,"texture":"#2"},"up":{"uv":[12.5,2.0,9.0,1.0],"tintindex":0,"rotation":0,"texture":"#2"},"down":{"uv":[12.5,3.5,14.75,4.0],"tintindex":0,"rotation":0,"texture":"#2"}},"rotation":{"origin":[3.59333,-12.955534,7.6666665],"angle":45.0,"axis":"z"}},{"from":[7.4,-5.666667,7.5],"to":[7.733333,-5.0,7.8333335],"faces":{"east":{"uv":[7.5,0.0,8.0,1.0],"tintindex":0,"rotation":0,"texture":"#2"},"south":{"uv":[7.5,0.0,8.0,1.0],"tintindex":0,"rotation":0,"texture":"#2"},"north":{"uv":[7.5,0.0,8.0,1.0],"tintindex":0,"rotation":0,"texture":"#2"},"west":{"uv":[7.5,1.0,8.0,2.0],"tintindex":0,"rotation":0,"texture":"#2"},"up":{"uv":[8.0,2.0,7.5,1.0],"tintindex":0,"rotation":0,"texture":"#2"},"down":{"uv":[8.0,1.0,7.5,2.0],"tintindex":0,"rotation":0,"texture":"#2"}}},{"from":[6.2599964,-14.6222,7.3300004],"to":[8.59333,-13.955534,8.003333],"faces":{"east":{"uv":[2.0,13.0,1.0,14.0],"tintindex":0,"rotation":0,"texture":"#2"},"south":{"uv":[12.5,0.0,9.0,1.0],"tintindex":0,"rotation":0,"texture":"#2"},"north":{"uv":[11.5,8.0,8.0,9.0],"tintindex":0,"rotation":0,"texture":"#2"},"west":{"uv":[1.0,13.0,0.0,14.0],"tintindex":0,"rotation":0,"texture":"#2"},"up":{"uv":[9.0,2.0,12.5,1.0],"tintindex":0,"rotation":0,"texture":"#2"},"down":{"uv":[9.0,2.0,12.5,3.0],"tintindex":0,"rotation":0,"texture":"#2"}},"rotation":{"origin":[7.2599998,-13.288868,7.658333],"angle":22.5,"axis":"z"}},{"from":[6.333333,-9.666668,7.3333335],"to":[7.0,-7.666667,8.0],"faces":{"east":{"uv":[1.0,4.0,2.0,10.5],"tintindex":0,"rotation":0,"texture":"#2"},"south":{"uv":[11.0,10.0,12.0,13.0],"tintindex":0,"rotation":0,"texture":"#2"},"north":{"uv":[0.0,4.0,1.0,10.5],"tintindex":0,"rotation":0,"texture":"#2"},"west":{"uv":[3.0,4.0,4.0,10.5],"tintindex":0,"rotation":0,"texture":"#2"},"up":{"uv":[3.0,14.0,2.0,13.0],"tintindex":0,"rotation":0,"texture":"#2"},"down":{"uv":[5.0,13.0,4.0,14.0],"tintindex":0,"rotation":0,"texture":"#2"}}},{"from":[5.333333,-13.666668,7.533333],"to":[5.5,-13.166668,7.7666664],"faces":{"east":{"uv":[5.5,3.5,6.0,4.0],"tintindex":0,"rotation":0,"texture":"#2"},"south":{"uv":[6.0,3.5,5.5,4.0],"tintindex":0,"rotation":0,"texture":"#2"},"north":{"uv":[11.25,14.0,11.0,14.75],"tintindex":0,"rotation":0,"texture":"#2"},"west":{"uv":[14.75,3.0,12.5,3.5],"tintindex":0,"rotation":0,"texture":"#2"},"up":{"uv":[5.5,3.5,6.0,4.0],"tintindex":0,"rotation":0,"texture":"#2"},"down":{"uv":[5.5,3.5,6.0,4.0],"tintindex":0,"rotation":0,"texture":"#2"}},"rotation":{"origin":[3.9266634,-13.288868,7.6666665],"angle":22.5,"axis":"z"}},{"from":[7.0,-13.333334,7.533333],"to":[7.1666665,-12.833334,7.7666664],"faces":{"east":{"uv":[6.0,3.5,5.5,4.0],"tintindex":0,"rotation":0,"texture":"#2"},"south":{"uv":[5.5,3.5,6.0,4.0],"tintindex":0,"rotation":0,"texture":"#2"},"north":{"uv":[11.0,14.0,11.25,14.75],"tintindex":0,"rotation":0,"texture":"#2"},"west":{"uv":[6.0,3.5,5.5,4.0],"tintindex":0,"rotation":0,"texture":"#2"},"up":{"uv":[6.0,3.5,5.5,4.0],"tintindex":0,"rotation":0,"texture":"#2"},"down":{"uv":[6.0,3.5,5.5,4.0],"tintindex":0,"rotation":0,"texture":"#2"}},"rotation":{"origin":[8.740004,-12.955534,7.6666665],"angle":-22.5,"axis":"z"}},{"from":[6.3178663,-13.667868,7.658333],"to":[9.984533,-12.334534,7.6750007],"faces":{"south":{"uv":[0.0,2.0,5.5,4.0],"tintindex":0,"rotation":0,"texture":"#2"},"north":{"uv":[0.0,0.0,5.5,2.0],"tintindex":0,"rotation":0,"texture":"#2"}},"rotation":{"origin":[8.11785,-12.901184,7.6666665],"angle":45.0,"axis":"z"}},{"from":[8.5,-13.288868,7.3333335],"to":[9.166667,-10.6222,8.0],"faces":{"east":{"uv":[9.0,2.0,12.5,3.0],"tintindex":0,"rotation":0,"texture":"#2"},"south":{"uv":[6.0,3.5,5.5,4.0],"tintindex":0,"rotation":0,"texture":"#2"},"north":{"uv":[11.25,14.0,11.0,14.75],"tintindex":0,"rotation":0,"texture":"#2"},"west":{"uv":[6.0,3.5,5.5,4.0],"tintindex":0,"rotation":0,"texture":"#2"},"up":{"uv":[12.5,2.0,9.0,2.5625],"tintindex":0,"rotation":0,"texture":"#2"},"down":{"uv":[5.5,3.5,6.0,4.0],"tintindex":0,"rotation":0,"texture":"#2"}},"rotation":{"origin":[7.259997,-13.288868,7.6666665],"angle":-22.5,"axis":"z"}},{"from":[5.5666666,-5.666667,7.5],"to":[5.8999996,-4.666667,7.8333335],"faces":{"east":{"uv":[7.5,1.0,8.0,2.0],"tintindex":0,"rotation":0,"texture":"#2"},"south":{"uv":[5.5,2.0,6.0,3.5],"tintindex":0,"rotation":0,"texture":"#2"},"north":{"uv":[9.5,14.0,10.0,14.5],"tintindex":0,"rotation":0,"texture":"#2"},"west":{"uv":[9.5,14.0,10.0,14.5],"tintindex":0,"rotation":0,"texture":"#2"},"up":{"uv":[8.0,2.0,7.5,1.0],"tintindex":0,"rotation":0,"texture":"#2"},"down":{"uv":[8.0,1.0,7.5,2.0],"tintindex":0,"rotation":0,"texture":"#2"}}},{"from":[8.333333,-14.600002,7.5],"to":[9.5,-14.266668,7.8333335],"faces":{"east":{"uv":[5.5,3.5,6.0,4.0],"tintindex":0,"rotation":0,"texture":"#2"},"south":{"uv":[5.5,3.5,6.0,4.0],"tintindex":0,"rotation":0,"texture":"#2"},"north":{"uv":[12.5,2.0,14.75,2.5],"tintindex":0,"rotation":0,"texture":"#2"},"west":{"uv":[3.5,10.5,4.0,11.0],"tintindex":0,"rotation":0,"texture":"#2"},"up":{"uv":[9.0,2.0,12.5,1.0],"tintindex":0,"rotation":0,"texture":"#2"},"down":{"uv":[14.75,3.5,12.5,4.0],"tintindex":0,"rotation":0,"texture":"#2"}},"rotation":{"origin":[9.740004,-12.955534,7.6666665],"angle":-45.0,"axis":"z"}},{"from":[6.1666665,-15.0,7.533333],"to":[6.333333,-13.5,7.7666664],"faces":{"east":{"uv":[5.5,3.5,6.0,4.0],"tintindex":0,"rotation":0,"texture":"#2"},"south":{"uv":[6.0,3.5,5.5,4.0],"tintindex":0,"rotation":0,"texture":"#2"},"north":{"uv":[11.25,14.0,11.0,14.75],"tintindex":0,"rotation":0,"texture":"#2"},"west":{"uv":[14.75,3.0,12.5,3.5],"tintindex":0,"rotation":0,"texture":"#2"},"up":{"uv":[3.5,11.0,4.0,10.5],"tintindex":0,"rotation":0,"texture":"#2"},"down":{"uv":[5.5,3.5,6.0,4.0],"tintindex":0,"rotation":0,"texture":"#2"}},"rotation":{"origin":[4.59333,-14.288868,7.6666665],"angle":22.5,"axis":"z"}},{"from":[7.0,-15.0,7.533333],"to":[7.1666665,-13.5,7.7666664],"faces":{"east":{"uv":[12.5,3.0,14.75,3.5],"tintindex":0,"rotation":0,"texture":"#2"},"south":{"uv":[5.5,3.5,6.0,4.0],"tintindex":0,"rotation":0,"texture":"#2"},"north":{"uv":[11.0,14.0,11.25,14.75],"tintindex":0,"rotation":0,"texture":"#2"},"west":{"uv":[6.0,3.5,5.5,4.0],"tintindex":0,"rotation":0,"texture":"#2"},"up":{"uv":[4.0,11.0,3.5,10.5],"tintindex":0,"rotation":0,"texture":"#2"},"down":{"uv":[6.0,3.5,5.5,4.0],"tintindex":0,"rotation":0,"texture":"#2"}},"rotation":{"origin":[8.740004,-14.288868,7.6666665],"angle":-22.5,"axis":"z"}},{"from":[3.3487997,-13.667868,7.658333],"to":[7.0154667,-12.334534,7.6750007],"faces":{"south":{"uv":[0.0,0.0,5.5,2.0],"tintindex":0,"rotation":0,"texture":"#2"},"north":{"uv":[0.0,2.0,5.5,4.0],"tintindex":0,"rotation":0,"texture":"#2"}},"rotation":{"origin":[5.215483,-12.901184,7.6666665],"angle":-45.0,"axis":"z"}},{"from":[5.8999996,-5.333334,7.5],"to":[6.233333,-5.0,7.8333335],"faces":{"east":{"uv":[7.5,1.0,8.0,2.0],"tintindex":0,"rotation":0,"texture":"#2"},"south":{"uv":[9.5,14.0,10.0,14.5],"tintindex":0,"rotation":0,"texture":"#2"},"north":{"uv":[9.5,14.0,10.0,14.5],"tintindex":0,"rotation":0,"texture":"#2"},"west":{"uv":[7.5,1.0,8.0,2.0],"tintindex":0,"rotation":0,"texture":"#2"},"up":{"uv":[8.0,2.0,7.5,1.0],"tintindex":0,"rotation":0,"texture":"#2"},"down":{"uv":[8.0,1.0,7.5,2.0],"tintindex":0,"rotation":0,"texture":"#2"}}},{"from":[5.833333,-13.666668,7.533333],"to":[6.0,-13.166668,7.7666664],"faces":{"east":{"uv":[5.5,3.5,6.0,4.0],"tintindex":0,"rotation":0,"texture":"#2"},"south":{"uv":[6.0,3.5,5.5,4.0],"tintindex":0,"rotation":0,"texture":"#2"},"north":{"uv":[11.25,14.0,11.0,14.75],"tintindex":0,"rotation":0,"texture":"#2"},"west":{"uv":[5.5,3.5,6.0,4.0],"tintindex":0,"rotation":0,"texture":"#2"},"up":{"uv":[5.5,3.5,6.0,4.0],"tintindex":0,"rotation":0,"texture":"#2"},"down":{"uv":[5.5,3.5,6.0,4.0],"tintindex":0,"rotation":0,"texture":"#2"}},"rotation":{"origin":[4.2599964,-13.288868,7.6666665],"angle":22.5,"axis":"z"}},{"from":[5.958333,-10.316666,8.358334],"to":[7.2916665,-7.6499996,8.375],"faces":{"south":{"uv":[4.5,0.0,0.0,9.0],"tintindex":0,"rotation":0,"texture":"#0"},"north":{"uv":[0.0,0.0,4.5,9.0],"tintindex":0,"rotation":0,"texture":"#0"}},"rotation":{"origin":[6.625,-8.983334,8.366666],"angle":22.5,"axis":"x"}},{"from":[5.8999996,-6.0,7.5],"to":[7.4,-5.666667,7.8333335],"faces":{"east":{"uv":[10.0,14.0,10.5,14.5],"tintindex":0,"rotation":0,"texture":"#2"},"south":{"uv":[12.5,4.0,14.75,4.5],"tintindex":0,"rotation":0,"texture":"#2"},"north":{"uv":[12.5,4.0,14.75,4.5],"tintindex":0,"rotation":0,"texture":"#2"},"west":{"uv":[14.0,10.0,14.5,10.5],"tintindex":0,"rotation":0,"texture":"#2"},"up":{"uv":[14.75,5.0,12.5,4.5],"tintindex":0,"rotation":0,"texture":"#2"},"down":{"uv":[8.0,1.0,7.5,2.0],"tintindex":0,"rotation":0,"texture":"#2"}}},{"from":[5.5,-14.666668,7.533333],"to":[5.6666665,-13.833334,7.7666664],"faces":{"east":{"uv":[11.0,14.0,11.25,14.75],"tintindex":0,"rotation":0,"texture":"#2"},"south":{"uv":[6.0,3.5,5.5,4.0],"tintindex":0,"rotation":0,"texture":"#2"},"north":{"uv":[11.25,14.0,11.0,14.75],"tintindex":0,"rotation":0,"texture":"#2"},"west":{"uv":[11.0,14.0,11.25,14.75],"tintindex":0,"rotation":0,"texture":"#2"},"up":{"uv":[3.5,11.0,4.0,10.5],"tintindex":0,"rotation":0,"texture":"#2"},"down":{"uv":[5.5,3.5,6.0,4.0],"tintindex":0,"rotation":0,"texture":"#2"}},"rotation":{"origin":[3.9266634,-14.288868,7.6666665],"angle":22.5,"axis":"z"}},{"from":[7.0,-13.333334,7.5],"to":[8.5,-13.0,7.8333335],"faces":{"east":{"uv":[5.5,3.5,6.0,4.0],"tintindex":0,"rotation":0,"texture":"#2"},"south":{"uv":[5.5,3.5,6.0,4.0],"tintindex":0,"rotation":0,"texture":"#2"},"north":{"uv":[11.0,14.0,11.25,14.75],"tintindex":0,"rotation":0,"texture":"#2"},"west":{"uv":[3.5,10.5,4.0,11.0],"tintindex":0,"rotation":0,"texture":"#2"},"up":{"uv":[9.0,2.0,12.5,1.0],"tintindex":0,"rotation":0,"texture":"#2"},"down":{"uv":[14.75,3.5,12.5,4.0],"tintindex":0,"rotation":0,"texture":"#2"}},"rotation":{"origin":[8.40667,-11.288868,7.6666665],"angle":-22.5,"axis":"z"}},{"from":[7.8333335,-13.666668,7.533333],"to":[8.0,-13.166668,7.7666664],"faces":{"east":{"uv":[12.5,3.0,14.75,3.5],"tintindex":0,"rotation":0,"texture":"#2"},"south":{"uv":[5.5,3.5,6.0,4.0],"tintindex":0,"rotation":0,"texture":"#2"},"north":{"uv":[11.0,14.0,11.25,14.75],"tintindex":0,"rotation":0,"texture":"#2"},"west":{"uv":[6.0,3.5,5.5,4.0],"tintindex":0,"rotation":0,"texture":"#2"},"up":{"uv":[6.0,3.5,5.5,4.0],"tintindex":0,"rotation":0,"texture":"#2"},"down":{"uv":[6.0,3.5,5.5,4.0],"tintindex":0,"rotation":0,"texture":"#2"}},"rotation":{"origin":[9.40667,-13.288868,7.6666665],"angle":-22.5,"axis":"z"}},{"from":[5.958333,-10.316666,6.958333],"to":[7.2916665,-7.6499996,6.9749994],"faces":{"south":{"uv":[4.5,0.0,0.0,9.0],"tintindex":0,"rotation":0,"texture":"#0"},"north":{"uv":[0.0,0.0,4.5,9.0],"tintindex":0,"rotation":0,"texture":"#0"}},"rotation":{"origin":[6.625,-8.983334,7.033333],"angle":-22.5,"axis":"x"}},{"from":[6.1666665,-9.75,7.1666665],"to":[7.1666665,-9.583334,8.166667],"faces":{"east":{"uv":[14.0,5.0,15.5,5.25],"tintindex":0,"rotation":0,"texture":"#2"},"south":{"uv":[14.0,5.5,15.5,5.75],"tintindex":0,"rotation":0,"texture":"#2"},"north":{"uv":[5.0,14.0,6.5,14.25],"tintindex":0,"rotation":0,"texture":"#2"},"west":{"uv":[14.0,6.0,15.5,6.25],"tintindex":0,"rotation":0,"texture":"#2"},"up":{"uv":[1.5,13.0,0.0,11.5],"tintindex":0,"rotation":0,"texture":"#2"},"down":{"uv":[3.0,11.5,1.5,13.0],"tintindex":0,"rotation":0,"texture":"#2"}}},{"from":[6.0,-7.166667,7.3300004],"to":[7.3333335,-5.833334,8.003333],"faces":{"east":{"uv":[11.5,8.0,12.5,10.0],"tintindex":0,"rotation":0,"texture":"#2"},"south":{"uv":[5.5,0.0,7.5,2.0],"tintindex":0,"rotation":0,"texture":"#2"},"north":{"uv":[4.0,4.0,6.0,6.0],"tintindex":0,"rotation":0,"texture":"#2"},"west":{"uv":[3.0,12.0,4.0,14.0],"tintindex":0,"rotation":0,"texture":"#2"},"up":{"uv":[6.0,13.0,4.0,12.0],"tintindex":0,"rotation":0,"texture":"#2"},"down":{"uv":[14.0,10.0,12.0,11.0],"tintindex":0,"rotation":0,"texture":"#2"}},"rotation":{"origin":[7.0,-6.666667,7.6666665],"angle":45.0,"axis":"z"}},{"from":[5.6666665,-13.382198,7.533333],"to":[5.833333,-12.21553,7.7666664],"faces":{"east":{"uv":[11.0,14.0,11.25,14.75],"tintindex":0,"rotation":0,"texture":"#2"},"south":{"uv":[5.5,3.5,6.0,4.0],"tintindex":0,"rotation":0,"texture":"#2"},"north":{"uv":[11.0,14.0,11.25,14.75],"tintindex":0,"rotation":0,"texture":"#2"},"west":{"uv":[5.5,3.5,6.0,4.0],"tintindex":0,"rotation":0,"texture":"#2"},"up":{"uv":[4.0,11.0,3.5,10.5],"tintindex":0,"rotation":0,"texture":"#2"},"down":{"uv":[6.0,3.5,5.5,4.0],"tintindex":0,"rotation":0,"texture":"#2"}},"rotation":{"origin":[7.40667,-13.288868,7.6666665],"angle":22.5,"axis":"z"}},{"from":[7.0,-6.158333,8.005],"to":[6.326667,-6.831668,7.3316665],"faces":{"east":{"uv":[7.0,13.0,8.0,14.0],"tintindex":0,"rotation":0,"texture":"#2"},"south":{"uv":[8.0,13.0,9.0,14.0],"tintindex":0,"rotation":0,"texture":"#2"},"north":{"uv":[5.0,13.0,6.0,14.0],"tintindex":0,"rotation":0,"texture":"#2"},"west":{"uv":[9.0,13.0,10.0,14.0],"tintindex":0,"rotation":0,"texture":"#2"},"up":{"uv":[11.0,14.0,10.0,13.0],"tintindex":0,"rotation":0,"texture":"#2"},"down":{"uv":[12.0,13.0,11.0,14.0],"tintindex":0,"rotation":0,"texture":"#2"}},"rotation":{"origin":[7.0,-6.666667,7.6666665],"angle":45.0,"axis":"z"}},{"from":[6.6666665,-15.0,7.533333],"to":[6.833333,-13.5,7.7666664],"faces":{"east":{"uv":[6.0,3.5,5.5,4.0],"tintindex":0,"rotation":0,"texture":"#2"},"south":{"uv":[6.0,3.5,5.5,4.0],"tintindex":0,"rotation":0,"texture":"#2"},"north":{"uv":[11.0,14.0,11.25,14.75],"tintindex":0,"rotation":0,"texture":"#2"},"west":{"uv":[6.0,3.5,5.5,4.0],"tintindex":0,"rotation":0,"texture":"#2"},"up":{"uv":[4.0,11.0,3.5,10.5],"tintindex":0,"rotation":0,"texture":"#2"},"down":{"uv":[6.0,3.5,5.5,4.0],"tintindex":0,"rotation":0,"texture":"#2"}},"rotation":{"origin":[8.40667,-14.288868,7.6666665],"angle":-22.5,"axis":"z"}},{"from":[4.1666665,-13.288868,7.3333335],"to":[4.833333,-10.6222,8.0],"faces":{"east":{"uv":[5.5,3.5,6.0,4.0],"tintindex":0,"rotation":0,"texture":"#2"},"south":{"uv":[5.5,3.5,6.0,4.0],"tintindex":0,"rotation":0,"texture":"#2"},"north":{"uv":[11.0,14.0,11.25,14.75],"tintindex":0,"rotation":0,"texture":"#2"},"west":{"uv":[12.5,2.0,9.0,3.0],"tintindex":0,"rotation":0,"texture":"#2"},"up":{"uv":[12.5,2.0,9.0,2.5625],"tintindex":0,"rotation":0,"texture":"#2"},"down":{"uv":[6.0,3.5,5.5,4.0],"tintindex":0,"rotation":0,"texture":"#2"}},"rotation":{"origin":[6.0733366,-13.288868,7.6666665],"angle":22.5,"axis":"z"}},{"from":[7.3333335,-13.666668,7.533333],"to":[7.5,-13.166668,7.7666664],"faces":{"east":{"uv":[6.0,3.5,5.5,4.0],"tintindex":0,"rotation":0,"texture":"#2"},"south":{"uv":[5.5,3.5,6.0,4.0],"tintindex":0,"rotation":0,"texture":"#2"},"north":{"uv":[11.0,14.0,11.25,14.75],"tintindex":0,"rotation":0,"texture":"#2"},"west":{"uv":[6.0,3.5,5.5,4.0],"tintindex":0,"rotation":0,"texture":"#2"},"up":{"uv":[6.0,3.5,5.5,4.0],"tintindex":0,"rotation":0,"texture":"#2"},"down":{"uv":[6.0,3.5,5.5,4.0],"tintindex":0,"rotation":0,"texture":"#2"}},"rotation":{"origin":[9.073337,-13.288868,7.6666665],"angle":-22.5,"axis":"z"}},{"from":[5.75,-15.367851,7.4],"to":[6.9166665,-14.201185,7.933333],"faces":{"east":{"uv":[12.8125,11.0,12.0,12.75],"tintindex":0,"rotation":0,"texture":"#2"},"south":{"uv":[10.75,11.0,9.0,12.75],"tintindex":0,"rotation":0,"texture":"#2"},"north":{"uv":[8.75,11.0,7.0,12.75],"tintindex":0,"rotation":0,"texture":"#2"},"west":{"uv":[6.8125,12.0,6.0,13.75],"tintindex":0,"rotation":0,"texture":"#2"},"up":{"uv":[12.5,0.8125,14.25,0.0],"tintindex":0,"rotation":0,"texture":"#2"},"down":{"uv":[8.75,11.0,7.0,12.75],"tintindex":0,"rotation":0,"texture":"#2"}},"rotation":{"origin":[6.6666665,-15.117851,7.3333335],"angle":-45.0,"axis":"z"}}],"display":{"gui":{"rotation":[30,225,0]}}}