{"textures":{"1":"shark_anchor:shark_anchor_texture/rante_shark"},"elements":[{"from":[3.9637394,6.796646,7.4000015],"to":[6.36374,6.796646,8.600002],"faces":{"up":{"uv":[4.625,10.25,0.0,0.0],"tintindex":0,"rotation":270,"texture":"#1"},"down":{"uv":[4.625,0.0,0.0,10.25],"tintindex":0,"rotation":90,"texture":"#1"}},"rotation":{"origin":[6.0,7.0,8.0],"angle":22.5,"axis":"z"}},{"from":[5.8,6.459854,8.06329],"to":[8.2,7.6598587,8.06329],"faces":{"south":{"uv":[0.0,10.25,4.6620374,0.0],"tintindex":0,"rotation":270,"texture":"#1"},"north":{"uv":[0.0,10.25,4.6620374,0.0],"tintindex":0,"rotation":270,"texture":"#1"}},"rotation":{"origin":[7.0,5.994194,8.302082],"angle":22.5,"axis":"z"}},{"from":[6.9637394,8.05986,7.4000015],"to":[9.36374,8.05986,8.600002],"faces":{"up":{"uv":[4.625,10.25,0.0,0.0],"tintindex":0,"rotation":270,"texture":"#1"},"down":{"uv":[4.625,0.0,0.0,10.25],"tintindex":0,"rotation":90,"texture":"#1"}},"rotation":{"origin":[8.0,8.0,8.0],"angle":45.0,"axis":"z"}},{"from":[8.8,8.459854,8.06329],"to":[11.2,9.659859,8.06329],"faces":{"south":{"uv":[0.0,10.25,4.6620374,0.0],"tintindex":0,"rotation":270,"texture":"#1"},"north":{"uv":[0.0,10.25,4.6620374,0.0],"tintindex":0,"rotation":270,"texture":"#1"}},"rotation":{"origin":[10.0,7.994194,8.302082],"angle":22.5,"axis":"z"}},{"from":[1.4499998,5.796646,7.4000015],"to":[3.8499994,5.796646,8.600002],"faces":{"up":{"uv":[4.625,10.25,0.0,0.0],"tintindex":0,"rotation":270,"texture":"#1"},"down":{"uv":[4.625,0.0,0.0,10.25],"tintindex":0,"rotation":90,"texture":"#1"}}},{"from":[2.8000002,5.544197,8.06329],"to":[5.2,6.744194,8.06329],"faces":{"south":{"uv":[0.0,10.25,4.6620374,0.0],"tintindex":0,"rotation":270,"texture":"#1"},"north":{"uv":[0.0,10.25,4.6620374,0.0],"tintindex":0,"rotation":270,"texture":"#1"}},"rotation":{"origin":[4.0,5.994194,8.302082],"angle":22.5,"axis":"z"}}],"display":{"gui":{"rotation":[30,225,0]}}}