{"textures":{"0":"modelengine:entity/retexture_ice_crater_small"},"elements":[{"from":[17.467365,2.2020435,6.579314],"to":[22.437366,4.3320436,10.839314],"faces":{"east":{"uv":[8.75,3.0,10.25,3.75],"tintindex":0,"rotation":0,"texture":"#0"},"south":{"uv":[0.0,7.5,1.75,8.25],"tintindex":0,"rotation":0,"texture":"#0"},"north":{"uv":[7.25,2.0,9.0,2.75],"tintindex":0,"rotation":0,"texture":"#0"},"west":{"uv":[8.75,7.0,10.25,7.75],"tintindex":0,"rotation":0,"texture":"#0"},"up":{"uv":[5.5,3.5,3.75,2.0],"tintindex":0,"rotation":0,"texture":"#0"},"down":{"uv":[5.5,3.75,3.75,5.25],"tintindex":0,"rotation":0,"texture":"#0"}},"rotation":{"origin":[8.965881,7.702811,8.531815],"angle":22.5,"axis":"z"}},{"from":[-5.4731045,4.6610203,5.8693147],"to":[-1.2131042,6.0810204,10.839314],"faces":{"east":{"uv":[9.5,4.0,11.25,4.5],"tintindex":0,"rotation":0,"texture":"#0"},"south":{"uv":[1.75,9.75,3.25,10.25],"tintindex":0,"rotation":0,"texture":"#0"},"north":{"uv":[9.5,6.25,11.0,6.75],"tintindex":0,"rotation":0,"texture":"#0"},"west":{"uv":[9.5,4.75,11.25,5.25],"tintindex":0,"rotation":0,"texture":"#0"},"up":{"uv":[1.5,5.25,0.0,3.5],"tintindex":0,"rotation":0,"texture":"#0"},"down":{"uv":[5.25,0.0,3.75,1.75],"tintindex":0,"rotation":0,"texture":"#0"}},"rotation":{"origin":[2.9658813,8.235311,8.531815],"angle":-22.5,"axis":"z"}},{"from":[6.3033814,2.6610208,17.7108],"to":[11.273381,4.0810204,21.970798],"faces":{"east":{"uv":[0.0,9.5,1.5,10.0],"tintindex":0,"rotation":0,"texture":"#0"},"south":{"uv":[6.0,9.25,7.75,9.75],"tintindex":0,"rotation":0,"texture":"#0"},"north":{"uv":[9.25,2.0,11.0,2.5],"tintindex":0,"rotation":0,"texture":"#0"},"west":{"uv":[9.5,5.5,11.0,6.0],"tintindex":0,"rotation":0,"texture":"#0"},"up":{"uv":[1.75,1.5,0.0,0.0],"tintindex":0,"rotation":0,"texture":"#0"},"down":{"uv":[1.75,1.75,0.0,3.25],"tintindex":0,"rotation":0,"texture":"#0"}},"rotation":{"origin":[8.965881,8.235311,8.531815],"angle":-22.5,"axis":"x"}},{"from":[13.143381,6.8231087,10.050615],"to":[17.403381,8.953108,13.600615],"faces":{"east":{"uv":[9.0,1.0,10.25,1.75],"tintindex":0,"rotation":0,"texture":"#0"},"south":{"uv":[9.0,0.0,10.5,0.75],"tintindex":0,"rotation":0,"texture":"#0"},"north":{"uv":[8.75,8.0,10.25,8.75],"tintindex":0,"rotation":0,"texture":"#0"},"west":{"uv":[8.75,9.0,10.0,9.75],"tintindex":0,"rotation":0,"texture":"#0"},"up":{"uv":[7.25,5.0,5.75,3.75],"tintindex":0,"rotation":0,"texture":"#0"},"down":{"uv":[3.0,6.0,1.5,7.25],"tintindex":0,"rotation":0,"texture":"#0"}},"rotation":{"origin":[11.273381,7.8881083,11.825615],"angle":-22.5,"axis":"y"}},{"from":[-3.9312162,6.1904626,8.709314],"to":[-1.0912161,9.030462,12.259315],"faces":{"east":{"uv":[4.75,7.25,6.0,8.25],"tintindex":0,"rotation":0,"texture":"#0"},"south":{"uv":[3.5,9.0,4.5,10.0],"tintindex":0,"rotation":0,"texture":"#0"},"north":{"uv":[4.75,8.5,5.75,9.5],"tintindex":0,"rotation":0,"texture":"#0"},"west":{"uv":[2.0,7.5,3.25,8.5],"tintindex":0,"rotation":0,"texture":"#0"},"up":{"uv":[8.5,4.25,7.5,3.0],"tintindex":0,"rotation":0,"texture":"#0"},"down":{"uv":[4.5,7.5,3.5,8.75],"tintindex":0,"rotation":0,"texture":"#0"}},"rotation":{"origin":[-2.5112162,7.7879624,10.484314],"angle":-45.0,"axis":"z"}},{"from":[7.0133815,2.7020435,-4.4396706],"to":[11.273381,4.8320436,0.5303292],"faces":{"east":{"uv":[7.0,0.0,8.75,0.75],"tintindex":0,"rotation":0,"texture":"#0"},"south":{"uv":[1.75,8.75,3.25,9.5],"tintindex":0,"rotation":0,"texture":"#0"},"north":{"uv":[0.0,8.5,1.5,9.25],"tintindex":0,"rotation":0,"texture":"#0"},"west":{"uv":[7.0,1.0,8.75,1.75],"tintindex":0,"rotation":0,"texture":"#0"},"up":{"uv":[3.5,1.75,2.0,0.0],"tintindex":0,"rotation":0,"texture":"#0"},"down":{"uv":[3.5,2.0,2.0,3.75],"tintindex":0,"rotation":0,"texture":"#0"}},"rotation":{"origin":[8.965881,7.702811,8.531815],"angle":22.5,"axis":"x"}},{"from":[12.175881,7.665247,-1.4485779],"to":[15.015882,9.085247,2.1014223],"faces":{"east":{"uv":[6.75,10.0,8.0,10.5],"tintindex":0,"rotation":0,"texture":"#0"},"south":{"uv":[0.0,10.25,1.0,10.75],"tintindex":0,"rotation":0,"texture":"#0"},"north":{"uv":[9.75,10.0,10.75,10.5],"tintindex":0,"rotation":0,"texture":"#0"},"west":{"uv":[8.25,10.0,9.5,10.5],"tintindex":0,"rotation":0,"texture":"#0"},"up":{"uv":[7.25,9.0,6.25,7.75],"tintindex":0,"rotation":0,"texture":"#0"},"down":{"uv":[8.5,7.75,7.5,9.0],"tintindex":0,"rotation":0,"texture":"#0"}},"rotation":{"origin":[10.563381,8.375247,3.3264222],"angle":-22.5,"axis":"y"}},{"from":[0.5933814,5.716505,1.3457751],"to":[4.1433816,7.846505,5.6057754],"faces":{"east":{"uv":[8.75,8.0,10.25,8.75],"tintindex":0,"rotation":0,"texture":"#0"},"south":{"uv":[9.0,1.0,10.25,1.75],"tintindex":0,"rotation":0,"texture":"#0"},"north":{"uv":[8.75,9.0,10.0,9.75],"tintindex":0,"rotation":0,"texture":"#0"},"west":{"uv":[9.0,0.0,10.5,0.75],"tintindex":0,"rotation":0,"texture":"#0"},"up":{"uv":[7.25,5.0,5.75,3.75],"tintindex":0,"rotation":90,"texture":"#0"},"down":{"uv":[3.0,6.0,1.5,7.25],"tintindex":0,"rotation":270,"texture":"#0"}},"rotation":{"origin":[7.3683815,8.136505,6.6857753],"angle":22.5,"axis":"x"}}],"display":{"gui":{"rotation":[30,225,0]}}}