{"textures":{"0":"modelengine:entity/retexture_ice_crater_small"},"elements":[{"from":[4.3,7.26,2.8199997],"to":[11.700001,8.74,13.18],"faces":{"east":{"uv":[10.5,1.0,12.25,1.25],"tintindex":0,"rotation":0,"texture":"#0"},"south":{"uv":[8.25,10.75,9.5,11.0],"tintindex":0,"rotation":0,"texture":"#0"},"north":{"uv":[6.75,10.75,8.0,11.0],"tintindex":0,"rotation":0,"texture":"#0"},"west":{"uv":[10.5,1.5,12.25,1.75],"tintindex":0,"rotation":0,"texture":"#0"},"up":{"uv":[3.0,5.75,1.75,4.0],"tintindex":0,"rotation":0,"texture":"#0"},"down":{"uv":[1.25,5.5,0.0,7.25],"tintindex":0,"rotation":0,"texture":"#0"}}}],"display":{"gui":{"rotation":[30,225,0]}}}