{"textures":{"0":"modelengine:entity/retexture_ice_crater_small"},"elements":[{"from":[6.44,7.2200003,4.879999],"to":[9.559999,8.78,11.120001],"faces":{"east":{"uv":[0.0,11.0,1.0,11.25],"tintindex":0,"rotation":0,"texture":"#0"},"south":{"uv":[8.75,4.0,9.25,4.25],"tintindex":0,"rotation":0,"texture":"#0"},"north":{"uv":[8.0,7.0,8.5,7.25],"tintindex":0,"rotation":0,"texture":"#0"},"west":{"uv":[11.0,9.75,12.0,10.0],"tintindex":0,"rotation":0,"texture":"#0"},"up":{"uv":[1.75,11.5,1.25,10.5],"tintindex":0,"rotation":0,"texture":"#0"},"down":{"uv":[2.5,10.5,2.0,11.5],"tintindex":0,"rotation":0,"texture":"#0"}}}],"display":{"gui":{"rotation":[30,225,0]}}}