{"textures":{"0":"modelengine:entity/ground_crack_debris_texture"},"elements":[{"from":[5.5,7.5,4.5],"to":[10.5,8.5,11.5],"faces":{"east":{"uv":[8.0,3.5,11.5,4.0],"tintindex":0,"rotation":0,"texture":"#0"},"south":{"uv":[0.0,9.5,2.5,10.0],"tintindex":0,"rotation":0,"texture":"#0"},"north":{"uv":[9.0,9.0,11.5,9.5],"tintindex":0,"rotation":0,"texture":"#0"},"west":{"uv":[9.0,4.5,12.5,5.0],"tintindex":0,"rotation":0,"texture":"#0"},"up":{"uv":[2.5,7.5,0.0,4.0],"tintindex":0,"rotation":0,"texture":"#0"},"down":{"uv":[5.5,4.0,3.0,7.5],"tintindex":0,"rotation":0,"texture":"#0"}}}],"display":{"gui":{"rotation":[30,225,0]}}}