{"textures":{"0":"modelengine:entity/ground_crack_debris_texture"},"elements":[{"from":[7.0,7.5,6.0],"to":[9.0,8.5,10.0],"faces":{"east":{"uv":[3.0,9.5,5.0,10.0],"tintindex":0,"rotation":0,"texture":"#0"},"south":{"uv":[10.5,0.0,11.5,0.5],"tintindex":0,"rotation":0,"texture":"#0"},"north":{"uv":[4.5,8.0,5.5,8.5],"tintindex":0,"rotation":0,"texture":"#0"},"west":{"uv":[5.5,10.0,7.5,10.5],"tintindex":0,"rotation":0,"texture":"#0"},"up":{"uv":[7.0,7.0,6.0,5.0],"tintindex":0,"rotation":0,"texture":"#0"},"down":{"uv":[8.5,5.0,7.5,7.0],"tintindex":0,"rotation":0,"texture":"#0"}}}],"display":{"gui":{"rotation":[30,225,0]}}}