{"textures":{"0":"shark_anchor:shark_anchor_texture/animations_3","1":"shark_anchor:shark_anchor_texture/rante_animasi_2","2":"shark_anchor:shark_anchor_texture/rante_animasi","3":"modelengine:entity/shark_anchor"},"elements":[{"from":[11.5,9.0,12.5],"to":[12.5,15.5,13.5],"faces":{"east":{"uv":[1.0,4.0,2.0,10.5],"tintindex":0,"rotation":0,"texture":"#3"},"south":{"uv":[2.0,4.0,3.0,10.5],"tintindex":0,"rotation":0,"texture":"#3"},"north":{"uv":[0.0,4.0,1.0,10.5],"tintindex":0,"rotation":0,"texture":"#3"},"west":{"uv":[3.0,4.0,4.0,10.5],"tintindex":0,"rotation":0,"texture":"#3"},"up":{"uv":[3.0,14.0,2.0,13.0],"tintindex":0,"rotation":0,"texture":"#3"},"down":{"uv":[5.0,13.0,4.0,14.0],"tintindex":0,"rotation":0,"texture":"#3"}}},{"from":[10.85,22.0,12.75],"to":[11.6,22.5,13.25],"faces":{"east":{"uv":[10.5,14.0,11.0,14.5],"tintindex":0,"rotation":0,"texture":"#3"},"south":{"uv":[7.5,14.0,8.25,14.5],"tintindex":0,"rotation":0,"texture":"#3"},"north":{"uv":[14.0,6.5,14.75,7.0],"tintindex":0,"rotation":0,"texture":"#3"},"west":{"uv":[14.0,10.5,14.5,11.0],"tintindex":0,"rotation":0,"texture":"#3"},"up":{"uv":[11.0,14.5,10.5,14.0],"tintindex":0,"rotation":0,"texture":"#3"},"down":{"uv":[11.0,14.0,10.5,14.5],"tintindex":0,"rotation":0,"texture":"#3"}}},{"from":[10.75,15.5,11.75],"to":[13.25,15.9,14.25],"faces":{"east":{"uv":[14.0,5.0,15.5,5.25],"tintindex":0,"rotation":0,"texture":"#3"},"south":{"uv":[14.0,5.5,15.5,5.75],"tintindex":0,"rotation":0,"texture":"#3"},"north":{"uv":[5.0,14.0,6.5,14.25],"tintindex":0,"rotation":0,"texture":"#3"},"west":{"uv":[14.0,6.0,15.5,6.25],"tintindex":0,"rotation":0,"texture":"#3"},"up":{"uv":[1.5,13.0,0.0,11.5],"tintindex":0,"rotation":0,"texture":"#3"},"down":{"uv":[3.0,11.5,1.5,13.0],"tintindex":0,"rotation":0,"texture":"#3"}}},{"from":[12.35,22.0,12.75],"to":[13.1,22.5,13.25],"faces":{"east":{"uv":[3.0,11.5,3.5,12.0],"tintindex":0,"rotation":0,"texture":"#3"},"south":{"uv":[6.5,14.0,7.25,14.5],"tintindex":0,"rotation":0,"texture":"#3"},"north":{"uv":[6.5,14.0,7.25,14.5],"tintindex":0,"rotation":0,"texture":"#3"},"west":{"uv":[7.5,1.0,8.0,2.0],"tintindex":0,"rotation":0,"texture":"#3"},"up":{"uv":[8.0,2.0,7.5,1.0],"tintindex":0,"rotation":0,"texture":"#3"},"down":{"uv":[8.0,1.0,7.5,2.0],"tintindex":0,"rotation":0,"texture":"#3"}}},{"from":[9.5,17.0,13.15],"to":[10.7,17.6,13.15],"faces":{"east":{"uv":[0.0,0.0,4.6620374,10.0],"tintindex":0,"rotation":270,"texture":"#1"},"south":{"uv":[0.0,10.25,4.6620374,0.0],"tintindex":0,"rotation":270,"texture":"#1"},"north":{"uv":[0.0,10.25,4.6620374,0.0],"tintindex":0,"rotation":270,"texture":"#1"}},"rotation":{"origin":[10.275,17.537651,13.01171],"angle":22.5,"axis":"z"}},{"from":[8.675,16.1,13.15],"to":[9.875,16.7,13.15],"faces":{"south":{"uv":[0.0,10.25,4.6620374,0.0],"tintindex":0,"rotation":270,"texture":"#1"},"north":{"uv":[0.0,10.25,4.6620374,0.0],"tintindex":0,"rotation":270,"texture":"#1"}},"rotation":{"origin":[9.275,16.11717,13.269395],"angle":45.0,"axis":"z"}},{"from":[11.75,7.75,12.49],"to":[12.75,8.75,13.51],"faces":{"east":{"uv":[12.5,5.0,13.53125,6.0],"tintindex":0,"rotation":0,"texture":"#3"},"south":{"uv":[12.0,13.0,13.0,14.0],"tintindex":0,"rotation":0,"texture":"#3"},"north":{"uv":[13.0,11.0,14.0,12.0],"tintindex":0,"rotation":0,"texture":"#3"},"west":{"uv":[12.5,6.0,13.53125,7.0],"tintindex":0,"rotation":0,"texture":"#3"},"up":{"uv":[13.5,8.03125,12.5,7.0],"tintindex":0,"rotation":0,"texture":"#3"},"down":{"uv":[13.5,8.5,12.5,9.53125],"tintindex":0,"rotation":0,"texture":"#3"}},"rotation":{"origin":[12.0,8.0,13.0],"angle":45.0,"axis":"z"}},{"from":[10.675,16.35,13.15],"to":[11.875,16.95,13.15],"faces":{"south":{"uv":[0.0,10.25,4.6620374,0.0],"tintindex":0,"rotation":270,"texture":"#2"},"north":{"uv":[0.0,10.25,4.6620374,0.0],"tintindex":0,"rotation":270,"texture":"#2"}},"rotation":{"origin":[11.275,16.11717,13.269395],"angle":22.5,"axis":"z"}},{"from":[9.25,10.5,12.75],"to":[11.5,11.0,13.25],"faces":{"east":{"uv":[4.0,10.5,3.5,11.0],"tintindex":0,"rotation":0,"texture":"#3"},"south":{"uv":[6.0,3.5,5.5,4.0],"tintindex":0,"rotation":0,"texture":"#3"},"north":{"uv":[11.25,14.0,11.0,14.75],"tintindex":0,"rotation":0,"texture":"#3"},"west":{"uv":[6.0,3.5,5.5,4.0],"tintindex":0,"rotation":0,"texture":"#3"},"up":{"uv":[12.5,2.0,9.0,1.0],"tintindex":0,"rotation":0,"texture":"#3"},"down":{"uv":[12.5,3.5,14.75,4.0],"tintindex":0,"rotation":0,"texture":"#3"}},"rotation":{"origin":[9.389996,13.5667,13.0],"angle":22.5,"axis":"z"}},{"from":[7.675,14.89217,13.15],"to":[8.875,15.49217,13.15],"faces":{"south":{"uv":[0.0,10.25,4.6620374,0.0],"tintindex":0,"rotation":270,"texture":"#2"},"north":{"uv":[0.0,10.25,4.6620374,0.0],"tintindex":0,"rotation":270,"texture":"#2"}},"rotation":{"origin":[8.275,15.11717,13.269395],"angle":22.5,"axis":"z"}},{"from":[10.25687,17.393394,12.818356],"to":[11.45687,17.393394,13.418355],"faces":{"up":{"uv":[4.625,10.25,0.0,0.0],"tintindex":0,"rotation":270,"texture":"#1"},"down":{"uv":[4.625,0.0,0.0,10.25],"tintindex":0,"rotation":90,"texture":"#1"}}},{"from":[13.1,22.0,12.75],"to":[13.6,23.0,13.25],"faces":{"east":{"uv":[7.5,0.0,8.0,1.0],"tintindex":0,"rotation":0,"texture":"#3"},"south":{"uv":[7.5,0.0,8.0,1.0],"tintindex":0,"rotation":0,"texture":"#3"},"north":{"uv":[7.5,0.0,8.0,1.0],"tintindex":0,"rotation":0,"texture":"#3"},"west":{"uv":[7.5,1.0,8.0,2.0],"tintindex":0,"rotation":0,"texture":"#3"},"up":{"uv":[8.0,2.0,7.5,1.0],"tintindex":0,"rotation":0,"texture":"#3"},"down":{"uv":[8.0,1.0,7.5,2.0],"tintindex":0,"rotation":0,"texture":"#3"}}},{"from":[7.75687,16.018394,12.818356],"to":[8.95687,16.018394,13.418355],"faces":{"up":{"uv":[4.625,10.25,0.0,0.0],"tintindex":0,"rotation":270,"texture":"#1"},"down":{"uv":[4.625,0.0,0.0,10.25],"tintindex":0,"rotation":90,"texture":"#1"}},"rotation":{"origin":[8.775,16.120071,13.118355],"angle":45.0,"axis":"z"}},{"from":[11.5,16.0,12.5],"to":[12.5,19.0,13.5],"faces":{"east":{"uv":[1.0,4.0,2.0,10.5],"tintindex":0,"rotation":0,"texture":"#3"},"south":{"uv":[11.0,10.0,12.0,13.0],"tintindex":0,"rotation":0,"texture":"#3"},"north":{"uv":[0.0,4.0,1.0,10.5],"tintindex":0,"rotation":0,"texture":"#3"},"west":{"uv":[3.0,4.0,4.0,10.5],"tintindex":0,"rotation":0,"texture":"#3"},"up":{"uv":[3.0,14.0,2.0,13.0],"tintindex":0,"rotation":0,"texture":"#3"},"down":{"uv":[5.0,13.0,4.0,14.0],"tintindex":0,"rotation":0,"texture":"#3"}}},{"from":[10.0,10.0,12.8],"to":[10.25,10.75,13.15],"faces":{"east":{"uv":[5.5,3.5,6.0,4.0],"tintindex":0,"rotation":0,"texture":"#3"},"south":{"uv":[6.0,3.5,5.5,4.0],"tintindex":0,"rotation":0,"texture":"#3"},"north":{"uv":[11.25,14.0,11.0,14.75],"tintindex":0,"rotation":0,"texture":"#3"},"west":{"uv":[14.75,3.0,12.5,3.5],"tintindex":0,"rotation":0,"texture":"#3"},"up":{"uv":[5.5,3.5,6.0,4.0],"tintindex":0,"rotation":0,"texture":"#3"},"down":{"uv":[5.5,3.5,6.0,4.0],"tintindex":0,"rotation":0,"texture":"#3"}},"rotation":{"origin":[7.889995,10.5667,13.0],"angle":22.5,"axis":"z"}},{"from":[12.5,10.5,12.8],"to":[12.75,11.25,13.15],"faces":{"east":{"uv":[6.0,3.5,5.5,4.0],"tintindex":0,"rotation":0,"texture":"#3"},"south":{"uv":[5.5,3.5,6.0,4.0],"tintindex":0,"rotation":0,"texture":"#3"},"north":{"uv":[11.0,14.0,11.25,14.75],"tintindex":0,"rotation":0,"texture":"#3"},"west":{"uv":[6.0,3.5,5.5,4.0],"tintindex":0,"rotation":0,"texture":"#3"},"up":{"uv":[6.0,3.5,5.5,4.0],"tintindex":0,"rotation":0,"texture":"#3"},"down":{"uv":[6.0,3.5,5.5,4.0],"tintindex":0,"rotation":0,"texture":"#3"}},"rotation":{"origin":[15.110004,11.0667,13.0],"angle":-22.5,"axis":"z"}},{"from":[11.4768,9.998199,12.9875],"to":[16.976799,11.998199,13.0125],"faces":{"south":{"uv":[0.0,2.0,5.5,4.0],"tintindex":0,"rotation":0,"texture":"#3"},"north":{"uv":[0.0,0.0,5.5,2.0],"tintindex":0,"rotation":0,"texture":"#3"}},"rotation":{"origin":[14.176775,11.148225,13.0],"angle":45.0,"axis":"z"}},{"from":[10.35,22.0,12.75],"to":[10.85,23.5,13.25],"faces":{"east":{"uv":[7.5,1.0,8.0,2.0],"tintindex":0,"rotation":0,"texture":"#3"},"south":{"uv":[5.5,2.0,6.0,3.5],"tintindex":0,"rotation":0,"texture":"#3"},"north":{"uv":[9.5,14.0,10.0,14.5],"tintindex":0,"rotation":0,"texture":"#3"},"west":{"uv":[9.5,14.0,10.0,14.5],"tintindex":0,"rotation":0,"texture":"#3"},"up":{"uv":[8.0,2.0,7.5,1.0],"tintindex":0,"rotation":0,"texture":"#3"},"down":{"uv":[8.0,1.0,7.5,2.0],"tintindex":0,"rotation":0,"texture":"#3"}}},{"from":[14.5,8.6,12.75],"to":[16.25,9.1,13.25],"faces":{"east":{"uv":[5.5,3.5,6.0,4.0],"tintindex":0,"rotation":0,"texture":"#3"},"south":{"uv":[5.5,3.5,6.0,4.0],"tintindex":0,"rotation":0,"texture":"#3"},"north":{"uv":[12.5,2.0,14.75,2.5],"tintindex":0,"rotation":0,"texture":"#3"},"west":{"uv":[3.5,10.5,4.0,11.0],"tintindex":0,"rotation":0,"texture":"#3"},"up":{"uv":[9.0,2.0,12.5,1.0],"tintindex":0,"rotation":0,"texture":"#3"},"down":{"uv":[14.75,3.5,12.5,4.0],"tintindex":0,"rotation":0,"texture":"#3"}},"rotation":{"origin":[16.610004,11.0667,13.0],"angle":-45.0,"axis":"z"}},{"from":[8.75687,17.018394,12.818356],"to":[9.95687,17.018394,13.418355],"faces":{"up":{"uv":[4.625,10.25,0.0,0.0],"tintindex":0,"rotation":270,"texture":"#1"},"down":{"uv":[4.625,0.0,0.0,10.25],"tintindex":0,"rotation":90,"texture":"#1"}},"rotation":{"origin":[9.775,17.120071,13.118355],"angle":45.0,"axis":"z"}},{"from":[7.0232,9.998199,12.9875],"to":[12.5232,11.998199,13.0125],"faces":{"south":{"uv":[0.0,0.0,5.5,2.0],"tintindex":0,"rotation":0,"texture":"#3"},"north":{"uv":[0.0,2.0,5.5,4.0],"tintindex":0,"rotation":0,"texture":"#3"}},"rotation":{"origin":[9.823225,11.148225,13.0],"angle":-45.0,"axis":"z"}},{"from":[7.9,14.51717,13.15],"to":[8.5,15.71717,13.15],"faces":{"south":{"uv":[0.0,10.25,4.6620374,0.0],"tintindex":0,"rotation":180,"texture":"#1"},"north":{"uv":[0.0,10.25,4.6620374,0.0],"tintindex":0,"rotation":0,"texture":"#1"}},"rotation":{"origin":[8.275,15.11717,13.269395],"angle":-22.5,"axis":"z"}},{"from":[10.85,22.5,12.75],"to":[11.35,23.0,13.25],"faces":{"east":{"uv":[7.5,1.0,8.0,2.0],"tintindex":0,"rotation":0,"texture":"#3"},"south":{"uv":[9.5,14.0,10.0,14.5],"tintindex":0,"rotation":0,"texture":"#3"},"north":{"uv":[9.5,14.0,10.0,14.5],"tintindex":0,"rotation":0,"texture":"#3"},"west":{"uv":[7.5,1.0,8.0,2.0],"tintindex":0,"rotation":0,"texture":"#3"},"up":{"uv":[8.0,2.0,7.5,1.0],"tintindex":0,"rotation":0,"texture":"#3"},"down":{"uv":[8.0,1.0,7.5,2.0],"tintindex":0,"rotation":0,"texture":"#3"}}},{"from":[10.9375,15.025,14.0375],"to":[12.9375,19.025,14.0625],"faces":{"south":{"uv":[4.5,0.0,0.0,9.0],"tintindex":0,"rotation":0,"texture":"#0"},"north":{"uv":[0.0,0.0,4.5,9.0],"tintindex":0,"rotation":0,"texture":"#0"}},"rotation":{"origin":[11.9375,17.025,14.05],"angle":22.5,"axis":"x"}},{"from":[10.85,21.5,12.75],"to":[13.1,22.0,13.25],"faces":{"east":{"uv":[10.0,14.0,10.5,14.5],"tintindex":0,"rotation":0,"texture":"#3"},"south":{"uv":[12.5,4.0,14.75,4.5],"tintindex":0,"rotation":0,"texture":"#3"},"north":{"uv":[12.5,4.0,14.75,4.5],"tintindex":0,"rotation":0,"texture":"#3"},"west":{"uv":[14.0,10.0,14.5,10.5],"tintindex":0,"rotation":0,"texture":"#3"},"up":{"uv":[14.75,5.0,12.5,4.5],"tintindex":0,"rotation":0,"texture":"#3"},"down":{"uv":[8.0,1.0,7.5,2.0],"tintindex":0,"rotation":0,"texture":"#3"}}},{"from":[12.5,10.5,12.75],"to":[14.75,11.0,13.25],"faces":{"east":{"uv":[5.5,3.5,6.0,4.0],"tintindex":0,"rotation":0,"texture":"#3"},"south":{"uv":[5.5,3.5,6.0,4.0],"tintindex":0,"rotation":0,"texture":"#3"},"north":{"uv":[11.0,14.0,11.25,14.75],"tintindex":0,"rotation":0,"texture":"#3"},"west":{"uv":[3.5,10.5,4.0,11.0],"tintindex":0,"rotation":0,"texture":"#3"},"up":{"uv":[9.0,2.0,12.5,1.0],"tintindex":0,"rotation":0,"texture":"#3"},"down":{"uv":[14.75,3.5,12.5,4.0],"tintindex":0,"rotation":0,"texture":"#3"}},"rotation":{"origin":[14.610004,13.5667,13.0],"angle":-22.5,"axis":"z"}},{"from":[8.376675,13.84507,12.818356],"to":[8.376675,15.045071,13.418355],"faces":{"east":{"uv":[4.625,0.0,0.0,10.25],"tintindex":0,"rotation":0,"texture":"#1"},"west":{"uv":[4.625,10.25,0.0,0.0],"tintindex":0,"rotation":180,"texture":"#1"}},"rotation":{"origin":[8.275,15.1200695,13.118355],"angle":-45.0,"axis":"z"}},{"from":[10.9375,15.025,11.9375],"to":[12.9375,19.025,11.9625],"faces":{"south":{"uv":[4.5,0.0,0.0,9.0],"tintindex":0,"rotation":0,"texture":"#0"},"north":{"uv":[0.0,0.0,4.5,9.0],"tintindex":0,"rotation":0,"texture":"#0"}},"rotation":{"origin":[11.9375,17.025,12.05],"angle":-22.5,"axis":"x"}},{"from":[7.0,15.018394,12.818356],"to":[8.2,15.018394,13.418355],"faces":{"up":{"uv":[4.625,10.25,0.0,0.0],"tintindex":0,"rotation":270,"texture":"#2"},"down":{"uv":[4.625,0.0,0.0,10.25],"tintindex":0,"rotation":90,"texture":"#2"}}},{"from":[10.5,10.426704,12.8],"to":[10.75,12.176704,13.15],"faces":{"east":{"uv":[11.0,14.0,11.25,14.75],"tintindex":0,"rotation":0,"texture":"#3"},"south":{"uv":[5.5,3.5,6.0,4.0],"tintindex":0,"rotation":0,"texture":"#3"},"north":{"uv":[11.0,14.0,11.25,14.75],"tintindex":0,"rotation":0,"texture":"#3"},"west":{"uv":[5.5,3.5,6.0,4.0],"tintindex":0,"rotation":0,"texture":"#3"},"up":{"uv":[4.0,11.0,3.5,10.5],"tintindex":0,"rotation":0,"texture":"#3"},"down":{"uv":[6.0,3.5,5.5,4.0],"tintindex":0,"rotation":0,"texture":"#3"}},"rotation":{"origin":[13.110004,10.5667,13.0],"angle":22.5,"axis":"z"}},{"from":[12.5,21.2625,13.5075],"to":[11.49,20.252499,12.497499],"faces":{"east":{"uv":[7.0,13.0,8.0,14.0],"tintindex":0,"rotation":0,"texture":"#3"},"south":{"uv":[8.0,13.0,9.0,14.0],"tintindex":0,"rotation":0,"texture":"#3"},"north":{"uv":[5.0,13.0,6.0,14.0],"tintindex":0,"rotation":0,"texture":"#3"},"west":{"uv":[9.0,13.0,10.0,14.0],"tintindex":0,"rotation":0,"texture":"#3"},"up":{"uv":[11.0,14.0,10.0,13.0],"tintindex":0,"rotation":0,"texture":"#3"},"down":{"uv":[12.0,13.0,11.0,14.0],"tintindex":0,"rotation":0,"texture":"#3"}},"rotation":{"origin":[12.5,20.5,13.0],"angle":45.0,"axis":"z"}},{"from":[12.0,8.0,12.8],"to":[12.25,10.25,13.15],"faces":{"east":{"uv":[6.0,3.5,5.5,4.0],"tintindex":0,"rotation":0,"texture":"#3"},"south":{"uv":[6.0,3.5,5.5,4.0],"tintindex":0,"rotation":0,"texture":"#3"},"north":{"uv":[11.0,14.0,11.25,14.75],"tintindex":0,"rotation":0,"texture":"#3"},"west":{"uv":[6.0,3.5,5.5,4.0],"tintindex":0,"rotation":0,"texture":"#3"},"up":{"uv":[4.0,11.0,3.5,10.5],"tintindex":0,"rotation":0,"texture":"#3"},"down":{"uv":[6.0,3.5,5.5,4.0],"tintindex":0,"rotation":0,"texture":"#3"}},"rotation":{"origin":[14.610004,9.0667,13.0],"angle":-22.5,"axis":"z"}},{"from":[10.625,7.448225,12.6],"to":[12.375,9.198225,13.4],"faces":{"east":{"uv":[12.8125,11.0,12.0,12.75],"tintindex":0,"rotation":0,"texture":"#3"},"south":{"uv":[10.75,11.0,9.0,12.75],"tintindex":0,"rotation":0,"texture":"#3"},"north":{"uv":[8.75,11.0,7.0,12.75],"tintindex":0,"rotation":0,"texture":"#3"},"west":{"uv":[6.8125,12.0,6.0,13.75],"tintindex":0,"rotation":0,"texture":"#3"},"up":{"uv":[12.5,0.8125,14.25,0.0],"tintindex":0,"rotation":0,"texture":"#3"},"down":{"uv":[8.75,11.0,7.0,12.75],"tintindex":0,"rotation":0,"texture":"#3"}},"rotation":{"origin":[12.0,7.823225,12.5],"angle":-45.0,"axis":"z"}},{"from":[11.25,14.875,12.25],"to":[12.75,15.125,13.75],"faces":{"east":{"uv":[14.0,5.0,15.5,5.25],"tintindex":0,"rotation":0,"texture":"#3"},"south":{"uv":[14.0,5.5,15.5,5.75],"tintindex":0,"rotation":0,"texture":"#3"},"north":{"uv":[5.0,14.0,6.5,14.25],"tintindex":0,"rotation":0,"texture":"#3"},"west":{"uv":[14.0,6.0,15.5,6.25],"tintindex":0,"rotation":0,"texture":"#3"},"up":{"uv":[1.5,13.0,0.0,11.5],"tintindex":0,"rotation":0,"texture":"#3"},"down":{"uv":[3.0,11.5,1.5,13.0],"tintindex":0,"rotation":0,"texture":"#3"}}},{"from":[11.25,18.875,12.25],"to":[12.75,19.125,13.75],"faces":{"east":{"uv":[14.0,5.0,15.5,5.25],"tintindex":0,"rotation":0,"texture":"#3"},"south":{"uv":[14.0,5.5,15.5,5.75],"tintindex":0,"rotation":0,"texture":"#3"},"north":{"uv":[5.0,14.0,6.5,14.25],"tintindex":0,"rotation":0,"texture":"#3"},"west":{"uv":[14.0,6.0,15.5,6.25],"tintindex":0,"rotation":0,"texture":"#3"},"up":{"uv":[1.5,13.0,0.0,11.5],"tintindex":0,"rotation":0,"texture":"#3"},"down":{"uv":[3.0,11.5,1.5,13.0],"tintindex":0,"rotation":0,"texture":"#3"}}},{"from":[9.110004,8.5667,12.495],"to":[12.610004,9.5667,13.505],"faces":{"east":{"uv":[0.0,13.0,1.0,14.0],"tintindex":0,"rotation":0,"texture":"#3"},"south":{"uv":[9.0,0.0,12.5,1.0],"tintindex":0,"rotation":0,"texture":"#3"},"north":{"uv":[8.0,8.0,11.5,9.0],"tintindex":0,"rotation":0,"texture":"#3"},"west":{"uv":[1.0,13.0,2.0,14.0],"tintindex":0,"rotation":0,"texture":"#3"},"up":{"uv":[12.5,2.0,9.0,1.0],"tintindex":0,"rotation":0,"texture":"#3"},"down":{"uv":[12.5,2.0,9.0,3.0],"tintindex":0,"rotation":0,"texture":"#3"}},"rotation":{"origin":[11.110001,10.5667,12.9875],"angle":-22.5,"axis":"z"}},{"from":[13.5,8.5,12.8],"to":[13.75,9.75,13.15],"faces":{"east":{"uv":[11.25,14.0,11.0,14.75],"tintindex":0,"rotation":0,"texture":"#3"},"south":{"uv":[5.5,3.5,6.0,4.0],"tintindex":0,"rotation":0,"texture":"#3"},"north":{"uv":[11.0,14.0,11.25,14.75],"tintindex":0,"rotation":0,"texture":"#3"},"west":{"uv":[11.25,14.0,11.0,14.75],"tintindex":0,"rotation":0,"texture":"#3"},"up":{"uv":[4.0,11.0,3.5,10.5],"tintindex":0,"rotation":0,"texture":"#3"},"down":{"uv":[6.0,3.5,5.5,4.0],"tintindex":0,"rotation":0,"texture":"#3"}},"rotation":{"origin":[16.110004,9.0667,13.0],"angle":-22.5,"axis":"z"}},{"from":[10.75,15.1,11.75],"to":[13.25,15.5,14.25],"faces":{"east":{"uv":[14.0,5.0,15.5,5.25],"tintindex":0,"rotation":0,"texture":"#3"},"south":{"uv":[14.0,5.5,15.5,5.75],"tintindex":0,"rotation":0,"texture":"#3"},"north":{"uv":[5.0,14.0,6.5,14.25],"tintindex":0,"rotation":0,"texture":"#3"},"west":{"uv":[14.0,6.0,15.5,6.25],"tintindex":0,"rotation":0,"texture":"#3"},"up":{"uv":[1.5,13.0,0.0,11.5],"tintindex":0,"rotation":0,"texture":"#3"},"down":{"uv":[3.0,11.5,1.5,13.0],"tintindex":0,"rotation":0,"texture":"#3"}}},{"from":[13.25,10.426704,12.8],"to":[13.5,12.176704,13.15],"faces":{"east":{"uv":[6.0,3.5,5.5,4.0],"tintindex":0,"rotation":0,"texture":"#3"},"south":{"uv":[6.0,3.5,5.5,4.0],"tintindex":0,"rotation":0,"texture":"#3"},"north":{"uv":[11.25,14.0,11.0,14.75],"tintindex":0,"rotation":0,"texture":"#3"},"west":{"uv":[11.25,14.0,11.0,14.75],"tintindex":0,"rotation":0,"texture":"#3"},"up":{"uv":[3.5,11.0,4.0,10.5],"tintindex":0,"rotation":0,"texture":"#3"},"down":{"uv":[5.5,3.5,6.0,4.0],"tintindex":0,"rotation":0,"texture":"#3"}},"rotation":{"origin":[10.889996,10.5667,13.0],"angle":-22.5,"axis":"z"}},{"from":[11.75,8.0,12.8],"to":[12.0,10.25,13.15],"faces":{"east":{"uv":[5.5,3.5,6.0,4.0],"tintindex":0,"rotation":0,"texture":"#3"},"south":{"uv":[5.5,3.5,6.0,4.0],"tintindex":0,"rotation":0,"texture":"#3"},"north":{"uv":[11.25,14.0,11.0,14.75],"tintindex":0,"rotation":0,"texture":"#3"},"west":{"uv":[5.5,3.5,6.0,4.0],"tintindex":0,"rotation":0,"texture":"#3"},"up":{"uv":[3.5,11.0,4.0,10.5],"tintindex":0,"rotation":0,"texture":"#3"},"down":{"uv":[5.5,3.5,6.0,4.0],"tintindex":0,"rotation":0,"texture":"#3"}},"rotation":{"origin":[9.389996,9.0667,13.0],"angle":22.5,"axis":"z"}},{"from":[11.25,21.0,12.75],"to":[12.7,21.5,13.25],"faces":{"east":{"uv":[7.5,1.0,8.0,2.0],"tintindex":0,"rotation":0,"texture":"#3"},"south":{"uv":[7.5,1.0,8.0,2.0],"tintindex":0,"rotation":0,"texture":"#3"},"north":{"uv":[7.5,1.0,8.0,2.0],"tintindex":0,"rotation":0,"texture":"#3"},"west":{"uv":[7.5,1.0,8.0,2.0],"tintindex":0,"rotation":0,"texture":"#3"},"up":{"uv":[8.0,2.0,7.5,1.0],"tintindex":0,"rotation":0,"texture":"#3"},"down":{"uv":[8.0,1.0,7.5,2.0],"tintindex":0,"rotation":0,"texture":"#3"}}},{"from":[11.25,10.5,12.8],"to":[11.5,11.25,13.15],"faces":{"east":{"uv":[5.5,3.5,6.0,4.0],"tintindex":0,"rotation":0,"texture":"#3"},"south":{"uv":[6.0,3.5,5.5,4.0],"tintindex":0,"rotation":0,"texture":"#3"},"north":{"uv":[11.25,14.0,11.0,14.75],"tintindex":0,"rotation":0,"texture":"#3"},"west":{"uv":[5.5,3.5,6.0,4.0],"tintindex":0,"rotation":0,"texture":"#3"},"up":{"uv":[5.5,3.5,6.0,4.0],"tintindex":0,"rotation":0,"texture":"#3"},"down":{"uv":[5.5,3.5,6.0,4.0],"tintindex":0,"rotation":0,"texture":"#3"}},"rotation":{"origin":[8.889996,11.0667,13.0],"angle":22.5,"axis":"z"}},{"from":[7.75,8.6,12.75],"to":[9.5,9.1,13.25],"faces":{"east":{"uv":[4.0,10.5,3.5,11.0],"tintindex":0,"rotation":0,"texture":"#3"},"south":{"uv":[6.0,3.5,5.5,4.0],"tintindex":0,"rotation":0,"texture":"#3"},"north":{"uv":[14.75,2.0,12.5,2.5],"tintindex":0,"rotation":0,"texture":"#3"},"west":{"uv":[6.0,3.5,5.5,4.0],"tintindex":0,"rotation":0,"texture":"#3"},"up":{"uv":[12.5,2.0,9.0,1.0],"tintindex":0,"rotation":0,"texture":"#3"},"down":{"uv":[12.5,3.5,14.75,4.0],"tintindex":0,"rotation":0,"texture":"#3"}},"rotation":{"origin":[7.389995,11.0667,13.0],"angle":45.0,"axis":"z"}},{"from":[11.389996,8.5667,12.495],"to":[14.889996,9.5667,13.505],"faces":{"east":{"uv":[2.0,13.0,1.0,14.0],"tintindex":0,"rotation":0,"texture":"#3"},"south":{"uv":[12.5,0.0,9.0,1.0],"tintindex":0,"rotation":0,"texture":"#3"},"north":{"uv":[11.5,8.0,8.0,9.0],"tintindex":0,"rotation":0,"texture":"#3"},"west":{"uv":[1.0,13.0,0.0,14.0],"tintindex":0,"rotation":0,"texture":"#3"},"up":{"uv":[9.0,2.0,12.5,1.0],"tintindex":0,"rotation":0,"texture":"#3"},"down":{"uv":[9.0,2.0,12.5,3.0],"tintindex":0,"rotation":0,"texture":"#3"}},"rotation":{"origin":[12.889999,10.5667,12.9875],"angle":22.5,"axis":"z"}},{"from":[14.75,10.5667,12.5],"to":[15.75,14.5667,13.5],"faces":{"east":{"uv":[9.0,2.0,12.5,3.0],"tintindex":0,"rotation":0,"texture":"#3"},"south":{"uv":[6.0,3.5,5.5,4.0],"tintindex":0,"rotation":0,"texture":"#3"},"north":{"uv":[11.25,14.0,11.0,14.75],"tintindex":0,"rotation":0,"texture":"#3"},"west":{"uv":[6.0,3.5,5.5,4.0],"tintindex":0,"rotation":0,"texture":"#3"},"up":{"uv":[12.5,2.0,9.0,2.5625],"tintindex":0,"rotation":0,"texture":"#3"},"down":{"uv":[5.5,3.5,6.0,4.0],"tintindex":0,"rotation":0,"texture":"#3"}},"rotation":{"origin":[12.889996,10.5667,13.0],"angle":-22.5,"axis":"z"}},{"from":[11.25,8.0,12.8],"to":[11.5,10.25,13.15],"faces":{"east":{"uv":[5.5,3.5,6.0,4.0],"tintindex":0,"rotation":0,"texture":"#3"},"south":{"uv":[6.0,3.5,5.5,4.0],"tintindex":0,"rotation":0,"texture":"#3"},"north":{"uv":[11.25,14.0,11.0,14.75],"tintindex":0,"rotation":0,"texture":"#3"},"west":{"uv":[14.75,3.0,12.5,3.5],"tintindex":0,"rotation":0,"texture":"#3"},"up":{"uv":[3.5,11.0,4.0,10.5],"tintindex":0,"rotation":0,"texture":"#3"},"down":{"uv":[5.5,3.5,6.0,4.0],"tintindex":0,"rotation":0,"texture":"#3"}},"rotation":{"origin":[8.889996,9.0667,13.0],"angle":22.5,"axis":"z"}},{"from":[12.5,8.0,12.8],"to":[12.75,10.25,13.15],"faces":{"east":{"uv":[12.5,3.0,14.75,3.5],"tintindex":0,"rotation":0,"texture":"#3"},"south":{"uv":[5.5,3.5,6.0,4.0],"tintindex":0,"rotation":0,"texture":"#3"},"north":{"uv":[11.0,14.0,11.25,14.75],"tintindex":0,"rotation":0,"texture":"#3"},"west":{"uv":[6.0,3.5,5.5,4.0],"tintindex":0,"rotation":0,"texture":"#3"},"up":{"uv":[4.0,11.0,3.5,10.5],"tintindex":0,"rotation":0,"texture":"#3"},"down":{"uv":[6.0,3.5,5.5,4.0],"tintindex":0,"rotation":0,"texture":"#3"}},"rotation":{"origin":[15.110004,9.0667,13.0],"angle":-22.5,"axis":"z"}},{"from":[9.75687,16.15,12.818356],"to":[10.95687,16.15,13.418355],"faces":{"up":{"uv":[4.625,10.25,0.0,0.0],"tintindex":0,"rotation":270,"texture":"#2"},"down":{"uv":[4.625,0.0,0.0,10.25],"tintindex":0,"rotation":90,"texture":"#2"}},"rotation":{"origin":[10.275,16.120071,13.118355],"angle":45.0,"axis":"z"}},{"from":[10.75,10.0,12.8],"to":[11.0,10.75,13.15],"faces":{"east":{"uv":[5.5,3.5,6.0,4.0],"tintindex":0,"rotation":0,"texture":"#3"},"south":{"uv":[6.0,3.5,5.5,4.0],"tintindex":0,"rotation":0,"texture":"#3"},"north":{"uv":[11.25,14.0,11.0,14.75],"tintindex":0,"rotation":0,"texture":"#3"},"west":{"uv":[5.5,3.5,6.0,4.0],"tintindex":0,"rotation":0,"texture":"#3"},"up":{"uv":[5.5,3.5,6.0,4.0],"tintindex":0,"rotation":0,"texture":"#3"},"down":{"uv":[5.5,3.5,6.0,4.0],"tintindex":0,"rotation":0,"texture":"#3"}},"rotation":{"origin":[8.389996,10.5667,13.0],"angle":22.5,"axis":"z"}},{"from":[8.25687,15.518394,12.818356],"to":[9.45687,15.518394,13.418355],"faces":{"up":{"uv":[4.625,10.25,0.0,0.0],"tintindex":0,"rotation":270,"texture":"#2"},"down":{"uv":[4.625,0.0,0.0,10.25],"tintindex":0,"rotation":90,"texture":"#2"}},"rotation":{"origin":[9.275,15.6200695,13.118355],"angle":22.5,"axis":"z"}},{"from":[10.25,8.5,12.8],"to":[10.5,9.75,13.15],"faces":{"east":{"uv":[11.0,14.0,11.25,14.75],"tintindex":0,"rotation":0,"texture":"#3"},"south":{"uv":[6.0,3.5,5.5,4.0],"tintindex":0,"rotation":0,"texture":"#3"},"north":{"uv":[11.25,14.0,11.0,14.75],"tintindex":0,"rotation":0,"texture":"#3"},"west":{"uv":[11.0,14.0,11.25,14.75],"tintindex":0,"rotation":0,"texture":"#3"},"up":{"uv":[3.5,11.0,4.0,10.5],"tintindex":0,"rotation":0,"texture":"#3"},"down":{"uv":[5.5,3.5,6.0,4.0],"tintindex":0,"rotation":0,"texture":"#3"}},"rotation":{"origin":[7.889995,9.0667,13.0],"angle":22.5,"axis":"z"}},{"from":[9.175,15.35,13.15],"to":[10.375,15.95,13.15],"faces":{"south":{"uv":[0.0,10.25,4.6620374,0.0],"tintindex":0,"rotation":270,"texture":"#2"},"north":{"uv":[0.0,10.25,4.6620374,0.0],"tintindex":0,"rotation":270,"texture":"#2"}},"rotation":{"origin":[9.775,15.11717,13.269395],"angle":22.5,"axis":"z"}},{"from":[13.75,10.0,12.8],"to":[14.0,10.75,13.15],"faces":{"east":{"uv":[12.5,3.0,14.75,3.5],"tintindex":0,"rotation":0,"texture":"#3"},"south":{"uv":[5.5,3.5,6.0,4.0],"tintindex":0,"rotation":0,"texture":"#3"},"north":{"uv":[11.0,14.0,11.25,14.75],"tintindex":0,"rotation":0,"texture":"#3"},"west":{"uv":[6.0,3.5,5.5,4.0],"tintindex":0,"rotation":0,"texture":"#3"},"up":{"uv":[6.0,3.5,5.5,4.0],"tintindex":0,"rotation":0,"texture":"#3"},"down":{"uv":[6.0,3.5,5.5,4.0],"tintindex":0,"rotation":0,"texture":"#3"}},"rotation":{"origin":[16.110004,10.5667,13.0],"angle":-22.5,"axis":"z"}},{"from":[11.25,15.875,12.25],"to":[12.75,16.125,13.75],"faces":{"east":{"uv":[14.0,5.0,15.5,5.25],"tintindex":0,"rotation":0,"texture":"#3"},"south":{"uv":[14.0,5.5,15.5,5.75],"tintindex":0,"rotation":0,"texture":"#3"},"north":{"uv":[5.0,14.0,6.5,14.25],"tintindex":0,"rotation":0,"texture":"#3"},"west":{"uv":[14.0,6.0,15.5,6.25],"tintindex":0,"rotation":0,"texture":"#3"},"up":{"uv":[1.5,13.0,0.0,11.5],"tintindex":0,"rotation":0,"texture":"#3"},"down":{"uv":[3.0,11.5,1.5,13.0],"tintindex":0,"rotation":0,"texture":"#3"}}},{"from":[11.0,19.75,12.495],"to":[13.0,21.75,13.505],"faces":{"east":{"uv":[11.5,8.0,12.5,10.0],"tintindex":0,"rotation":0,"texture":"#3"},"south":{"uv":[5.5,0.0,7.5,2.0],"tintindex":0,"rotation":0,"texture":"#3"},"north":{"uv":[4.0,4.0,6.0,6.0],"tintindex":0,"rotation":0,"texture":"#3"},"west":{"uv":[3.0,12.0,4.0,14.0],"tintindex":0,"rotation":0,"texture":"#3"},"up":{"uv":[6.0,13.0,4.0,12.0],"tintindex":0,"rotation":0,"texture":"#3"},"down":{"uv":[14.0,10.0,12.0,11.0],"tintindex":0,"rotation":0,"texture":"#3"}},"rotation":{"origin":[12.5,20.5,13.0],"angle":45.0,"axis":"z"}},{"from":[8.25,10.5667,12.5],"to":[9.25,14.5667,13.5],"faces":{"east":{"uv":[5.5,3.5,6.0,4.0],"tintindex":0,"rotation":0,"texture":"#3"},"south":{"uv":[5.5,3.5,6.0,4.0],"tintindex":0,"rotation":0,"texture":"#3"},"north":{"uv":[11.0,14.0,11.25,14.75],"tintindex":0,"rotation":0,"texture":"#3"},"west":{"uv":[12.5,2.0,9.0,3.0],"tintindex":0,"rotation":0,"texture":"#3"},"up":{"uv":[12.5,2.0,9.0,2.5625],"tintindex":0,"rotation":0,"texture":"#3"},"down":{"uv":[6.0,3.5,5.5,4.0],"tintindex":0,"rotation":0,"texture":"#3"}},"rotation":{"origin":[11.110004,10.5667,13.0],"angle":22.5,"axis":"z"}},{"from":[13.0,10.0,12.8],"to":[13.25,10.75,13.15],"faces":{"east":{"uv":[6.0,3.5,5.5,4.0],"tintindex":0,"rotation":0,"texture":"#3"},"south":{"uv":[5.5,3.5,6.0,4.0],"tintindex":0,"rotation":0,"texture":"#3"},"north":{"uv":[11.0,14.0,11.25,14.75],"tintindex":0,"rotation":0,"texture":"#3"},"west":{"uv":[6.0,3.5,5.5,4.0],"tintindex":0,"rotation":0,"texture":"#3"},"up":{"uv":[6.0,3.5,5.5,4.0],"tintindex":0,"rotation":0,"texture":"#3"},"down":{"uv":[6.0,3.5,5.5,4.0],"tintindex":0,"rotation":0,"texture":"#3"}},"rotation":{"origin":[15.610004,10.5667,13.0],"angle":-22.5,"axis":"z"}}],"display":{"gui":{"rotation":[30,225,0]}}}