{"textures":{"0":"modelengine:entity/cetus_strike_aura_4"},"elements":[{"from":[13.25,-10.5,1.5],"to":[13.25,6.5,14.5],"faces":{"east":{"uv":[13.0,0.0,6.5,8.5],"tintindex":0,"rotation":0,"texture":"#0"},"west":{"uv":[13.0,0.0,6.5,8.5],"tintindex":0,"rotation":0,"texture":"#0"}},"rotation":{"origin":[8.25,-10.5,8.0],"angle":-22.5,"axis":"z"}},{"from":[1.5,-10.5,13.5],"to":[14.5,6.5,13.5],"faces":{"south":{"uv":[6.5,0.0,13.0,8.5],"tintindex":0,"rotation":0,"texture":"#0"},"north":{"uv":[6.5,0.0,13.0,8.5],"tintindex":0,"rotation":0,"texture":"#0"}},"rotation":{"origin":[8.0,-10.5,8.5],"angle":22.5,"axis":"x"}},{"from":[1.5,-10.5,2.5],"to":[14.5,6.5,2.5],"faces":{"south":{"uv":[6.5,0.0,13.0,8.5],"tintindex":0,"rotation":0,"texture":"#0"},"north":{"uv":[6.5,0.0,13.0,8.5],"tintindex":0,"rotation":0,"texture":"#0"}},"rotation":{"origin":[8.0,-10.5,7.5],"angle":-22.5,"axis":"x"}},{"from":[2.5,-10.5,1.5],"to":[2.5,6.5,14.5],"faces":{"east":{"uv":[6.5,0.0,13.0,8.5],"tintindex":0,"rotation":0,"texture":"#0"},"west":{"uv":[6.5,0.0,13.0,8.5],"tintindex":0,"rotation":0,"texture":"#0"}},"rotation":{"origin":[7.5,-10.5,8.0],"angle":22.5,"axis":"z"}}],"display":{"gui":{"rotation":[30,225,0]}}}