{"textures":{"0":"modelengine:entity/amarah"},"elements":[{"from":[4.771386,19.009323,20.169464],"to":[5.5342526,19.39075,20.627182],"faces":{"east":{"uv":[1.39063,6.25,1.25,6.45313],"tintindex":0,"rotation":0,"texture":"#0"},"south":{"uv":[1.39063,6.25,1.25,6.45313],"tintindex":0,"rotation":0,"texture":"#0"},"north":{"uv":[1.39063,6.25,1.25,6.45313],"tintindex":0,"rotation":0,"texture":"#0"},"west":{"uv":[1.39063,6.25,1.25,6.45313],"tintindex":0,"rotation":0,"texture":"#0"},"up":{"uv":[1.39063,6.25,1.25,6.45313],"tintindex":0,"rotation":0,"texture":"#0"},"down":{"uv":[1.39063,6.25,1.25,6.45313],"tintindex":0,"rotation":0,"texture":"#0"}}},{"from":[4.3214593,19.009323,20.169464],"to":[5.08432,19.39075,20.627182],"faces":{"east":{"uv":[1.39063,6.25,1.25,6.45313],"tintindex":0,"rotation":0,"texture":"#0"},"south":{"uv":[1.39063,6.25,1.25,6.45313],"tintindex":0,"rotation":0,"texture":"#0"},"north":{"uv":[1.39063,6.25,1.25,6.45313],"tintindex":0,"rotation":0,"texture":"#0"},"west":{"uv":[1.39063,6.25,1.25,6.45313],"tintindex":0,"rotation":0,"texture":"#0"},"up":{"uv":[1.39063,6.25,1.25,6.45313],"tintindex":0,"rotation":0,"texture":"#0"},"down":{"uv":[1.39063,6.25,1.25,6.45313],"tintindex":0,"rotation":0,"texture":"#0"}}},{"from":[4.355706,18.703201,20.169464],"to":[4.737139,19.466063,20.627182],"faces":{"east":{"uv":[1.39063,6.25,1.25,6.45313],"tintindex":0,"rotation":0,"texture":"#0"},"south":{"uv":[1.39063,6.25,1.25,6.45313],"tintindex":0,"rotation":0,"texture":"#0"},"north":{"uv":[1.39063,6.25,1.25,6.45313],"tintindex":0,"rotation":0,"texture":"#0"},"west":{"uv":[1.39063,6.25,1.25,6.45313],"tintindex":0,"rotation":0,"texture":"#0"},"up":{"uv":[1.39063,6.25,1.25,6.45313],"tintindex":0,"rotation":0,"texture":"#0"},"down":{"uv":[1.39063,6.25,1.25,6.45313],"tintindex":0,"rotation":0,"texture":"#0"}},"rotation":{"origin":[5.1185727,19.466063,20.295961],"angle":45.0,"axis":"z"}},{"from":[4.3214593,19.009323,20.169464],"to":[4.6628304,19.39075,20.627182],"faces":{"east":{"uv":[1.39063,6.25,1.25,6.45313],"tintindex":0,"rotation":0,"texture":"#0"},"south":{"uv":[1.39063,6.25,1.25,6.45313],"tintindex":0,"rotation":0,"texture":"#0"},"north":{"uv":[1.39063,6.25,1.25,6.45313],"tintindex":0,"rotation":0,"texture":"#0"},"west":{"uv":[1.39063,6.25,1.25,6.45313],"tintindex":0,"rotation":0,"texture":"#0"},"up":{"uv":[1.39063,6.25,1.25,6.45313],"tintindex":0,"rotation":0,"texture":"#0"},"down":{"uv":[1.39063,6.25,1.25,6.45313],"tintindex":0,"rotation":0,"texture":"#0"}}},{"from":[4.309431,18.980288,20.169464],"to":[5.072298,19.361721,20.627182],"faces":{"east":{"uv":[1.39063,6.25,1.25,6.45313],"tintindex":0,"rotation":0,"texture":"#0"},"south":{"uv":[1.39063,6.25,1.25,6.45313],"tintindex":0,"rotation":0,"texture":"#0"},"north":{"uv":[1.39063,6.25,1.25,6.45313],"tintindex":0,"rotation":0,"texture":"#0"},"west":{"uv":[1.39063,6.25,1.25,6.45313],"tintindex":0,"rotation":0,"texture":"#0"},"up":{"uv":[1.39063,6.25,1.25,6.45313],"tintindex":0,"rotation":0,"texture":"#0"},"down":{"uv":[1.39063,6.25,1.25,6.45313],"tintindex":0,"rotation":0,"texture":"#0"}},"rotation":{"origin":[4.309431,19.743149,20.37225],"angle":45.0,"axis":"z"}},{"from":[4.5375214,19.040749,20.169464],"to":[5.3003883,19.422182,20.627182],"faces":{"east":{"uv":[1.39063,6.25,1.25,6.45313],"tintindex":0,"rotation":0,"texture":"#0"},"south":{"uv":[1.39063,6.25,1.25,6.45313],"tintindex":0,"rotation":0,"texture":"#0"},"north":{"uv":[1.39063,6.25,1.25,6.45313],"tintindex":0,"rotation":0,"texture":"#0"},"west":{"uv":[1.39063,6.25,1.25,6.45313],"tintindex":0,"rotation":0,"texture":"#0"},"up":{"uv":[1.39063,6.25,1.25,6.45313],"tintindex":0,"rotation":0,"texture":"#0"},"down":{"uv":[1.39063,6.25,1.25,6.45313],"tintindex":0,"rotation":0,"texture":"#0"}},"rotation":{"origin":[4.5375214,19.80361,20.295961],"angle":22.5,"axis":"z"}},{"from":[4.7834144,18.980288,20.169464],"to":[5.546275,19.361721,20.627182],"faces":{"east":{"uv":[1.39063,6.25,1.25,6.45313],"tintindex":0,"rotation":0,"texture":"#0"},"south":{"uv":[1.39063,6.25,1.25,6.45313],"tintindex":0,"rotation":0,"texture":"#0"},"north":{"uv":[1.39063,6.25,1.25,6.45313],"tintindex":0,"rotation":0,"texture":"#0"},"west":{"uv":[1.39063,6.25,1.25,6.45313],"tintindex":0,"rotation":0,"texture":"#0"},"up":{"uv":[1.39063,6.25,1.25,6.45313],"tintindex":0,"rotation":0,"texture":"#0"},"down":{"uv":[1.39063,6.25,1.25,6.45313],"tintindex":0,"rotation":0,"texture":"#0"}},"rotation":{"origin":[5.546275,19.743149,20.90625],"angle":-45.0,"axis":"z"}},{"from":[4.975426,18.89079,20.169464],"to":[5.738287,19.272224,20.627182],"faces":{"east":{"uv":[1.39063,6.25,1.25,6.45313],"tintindex":0,"rotation":0,"texture":"#0"},"south":{"uv":[1.39063,6.25,1.25,6.45313],"tintindex":0,"rotation":0,"texture":"#0"},"north":{"uv":[1.39063,6.25,1.25,6.45313],"tintindex":0,"rotation":0,"texture":"#0"},"west":{"uv":[1.39063,6.25,1.25,6.45313],"tintindex":0,"rotation":0,"texture":"#0"},"up":{"uv":[1.39063,6.25,1.25,6.45313],"tintindex":0,"rotation":0,"texture":"#0"},"down":{"uv":[1.39063,6.25,1.25,6.45313],"tintindex":0,"rotation":0,"texture":"#0"}},"rotation":{"origin":[4.975426,19.653652,20.295961],"angle":-22.5,"axis":"z"}},{"from":[4.5553236,19.040749,20.169464],"to":[5.3181906,19.422182,20.627182],"faces":{"east":{"uv":[1.39063,6.25,1.25,6.45313],"tintindex":0,"rotation":0,"texture":"#0"},"south":{"uv":[1.39063,6.25,1.25,6.45313],"tintindex":0,"rotation":0,"texture":"#0"},"north":{"uv":[1.39063,6.25,1.25,6.45313],"tintindex":0,"rotation":0,"texture":"#0"},"west":{"uv":[1.39063,6.25,1.25,6.45313],"tintindex":0,"rotation":0,"texture":"#0"},"up":{"uv":[1.39063,6.25,1.25,6.45313],"tintindex":0,"rotation":0,"texture":"#0"},"down":{"uv":[1.39063,6.25,1.25,6.45313],"tintindex":0,"rotation":0,"texture":"#0"}},"rotation":{"origin":[5.3181906,19.80361,20.98254],"angle":-22.5,"axis":"z"}},{"from":[5.192876,19.009323,20.169464],"to":[5.5342526,19.39075,20.627182],"faces":{"east":{"uv":[1.39063,6.25,1.25,6.45313],"tintindex":0,"rotation":0,"texture":"#0"},"south":{"uv":[1.39063,6.25,1.25,6.45313],"tintindex":0,"rotation":0,"texture":"#0"},"north":{"uv":[1.39063,6.25,1.25,6.45313],"tintindex":0,"rotation":0,"texture":"#0"},"west":{"uv":[1.39063,6.25,1.25,6.45313],"tintindex":0,"rotation":0,"texture":"#0"},"up":{"uv":[1.39063,6.25,1.25,6.45313],"tintindex":0,"rotation":0,"texture":"#0"},"down":{"uv":[1.39063,6.25,1.25,6.45313],"tintindex":0,"rotation":0,"texture":"#0"}}},{"from":[4.117425,18.89079,20.169464],"to":[4.8802857,19.272224,20.627182],"faces":{"east":{"uv":[1.39063,6.25,1.25,6.45313],"tintindex":0,"rotation":0,"texture":"#0"},"south":{"uv":[1.39063,6.25,1.25,6.45313],"tintindex":0,"rotation":0,"texture":"#0"},"north":{"uv":[1.39063,6.25,1.25,6.45313],"tintindex":0,"rotation":0,"texture":"#0"},"west":{"uv":[1.39063,6.25,1.25,6.45313],"tintindex":0,"rotation":0,"texture":"#0"},"up":{"uv":[1.39063,6.25,1.25,6.45313],"tintindex":0,"rotation":0,"texture":"#0"},"down":{"uv":[1.39063,6.25,1.25,6.45313],"tintindex":0,"rotation":0,"texture":"#0"}},"rotation":{"origin":[4.8802857,19.653652,20.98254],"angle":22.5,"axis":"z"}},{"from":[4.737139,19.25,20.169464],"to":[5.1185727,20.01286,20.627182],"faces":{"east":{"uv":[1.39063,6.25,1.25,6.45313],"tintindex":0,"rotation":0,"texture":"#0"},"south":{"uv":[1.39063,6.25,1.25,6.45313],"tintindex":0,"rotation":0,"texture":"#0"},"north":{"uv":[1.39063,6.25,1.25,6.45313],"tintindex":0,"rotation":0,"texture":"#0"},"west":{"uv":[1.39063,6.25,1.25,6.45313],"tintindex":0,"rotation":0,"texture":"#0"},"up":{"uv":[1.39063,6.25,1.25,6.45313],"tintindex":0,"rotation":0,"texture":"#0"},"down":{"uv":[1.39063,6.25,1.25,6.45313],"tintindex":0,"rotation":0,"texture":"#0"}}},{"from":[5.1185727,18.703201,20.169464],"to":[5.5,19.466063,20.627182],"faces":{"east":{"uv":[1.39063,6.25,1.25,6.45313],"tintindex":0,"rotation":0,"texture":"#0"},"south":{"uv":[1.39063,6.25,1.25,6.45313],"tintindex":0,"rotation":0,"texture":"#0"},"north":{"uv":[1.39063,6.25,1.25,6.45313],"tintindex":0,"rotation":0,"texture":"#0"},"west":{"uv":[1.39063,6.25,1.25,6.45313],"tintindex":0,"rotation":0,"texture":"#0"},"up":{"uv":[1.39063,6.25,1.25,6.45313],"tintindex":0,"rotation":0,"texture":"#0"},"down":{"uv":[1.39063,6.25,1.25,6.45313],"tintindex":0,"rotation":0,"texture":"#0"}},"rotation":{"origin":[4.737139,19.466063,20.98254],"angle":-45.0,"axis":"z"}},{"from":[4.737139,18.387215,20.169464],"to":[5.1185727,19.150076,20.627182],"faces":{"east":{"uv":[1.39063,6.25,1.25,6.45313],"tintindex":0,"rotation":0,"texture":"#0"},"south":{"uv":[1.39063,6.25,1.25,6.45313],"tintindex":0,"rotation":0,"texture":"#0"},"north":{"uv":[1.39063,6.25,1.25,6.45313],"tintindex":0,"rotation":0,"texture":"#0"},"west":{"uv":[1.39063,6.25,1.25,6.45313],"tintindex":0,"rotation":0,"texture":"#0"},"up":{"uv":[1.39063,6.25,1.25,6.45313],"tintindex":0,"rotation":0,"texture":"#0"},"down":{"uv":[1.39063,6.25,1.25,6.45313],"tintindex":0,"rotation":0,"texture":"#0"}}}],"display":{"gui":{"rotation":[30,225,0]}}}