{"textures":{"0":"modelengine:entity/amarah","1":"wrath:wrath_texture/api","3":"wrath:wrath_texture/aninanu","5":"wrath:wrath_texture/glow"},"elements":[{"from":[6.88625,1.2360001,8.242562],"to":[9.11375,2.7547503,10.257438],"faces":{"east":{"uv":[2.375,3.625,2.875,4.03125],"tintindex":0,"rotation":0,"texture":"#0"},"south":{"uv":[3.625,1.5,4.17188,1.90625],"tintindex":0,"rotation":0,"texture":"#0"},"north":{"uv":[1.75,3.625,2.29688,4.03125],"tintindex":0,"rotation":0,"texture":"#0"},"west":{"uv":[3.625,2.5,4.125,2.90625],"tintindex":0,"rotation":0,"texture":"#0"},"up":{"uv":[3.5,2.54688,3.0,2.0],"tintindex":0,"rotation":90,"texture":"#0"},"down":{"uv":[3.0,3.0,2.5,3.54688],"tintindex":0,"rotation":270,"texture":"#0"}}},{"from":[8.0103,9.969357,9.040937],"to":[8.7653,10.799981,9.477188],"faces":{"east":{"uv":[2.14063,6.625,2.0,6.79688],"tintindex":0,"rotation":0,"texture":"#0"},"south":{"uv":[3.65625,6.375,3.5,6.54688],"tintindex":0,"rotation":0,"texture":"#0"},"north":{"uv":[3.5,6.375,3.65625,6.54688],"tintindex":0,"rotation":0,"texture":"#0"},"west":{"uv":[1.89063,6.625,1.75,6.79688],"tintindex":0,"rotation":0,"texture":"#0"},"up":{"uv":[2.64063,6.875,2.5,7.03125],"tintindex":0,"rotation":90,"texture":"#0"},"down":{"uv":[7.01563,2.65625,6.875,2.5],"tintindex":0,"rotation":270,"texture":"#0"}},"rotation":{"origin":[8.0,4.3328753,9.321563],"angle":22.5,"axis":"z"}},{"from":[2.3960376,9.612406,9.040937],"to":[3.6804123,10.367406,9.477188],"faces":{"east":{"uv":[3.39063,6.625,3.25,6.78125],"tintindex":0,"rotation":0,"texture":"#0"},"south":{"uv":[5.875,3.125,5.625,3.28125],"tintindex":0,"rotation":0,"texture":"#0"},"north":{"uv":[5.625,3.125,5.875,3.28125],"tintindex":0,"rotation":0,"texture":"#0"},"west":{"uv":[6.76563,3.0,6.625,3.15625],"tintindex":0,"rotation":0,"texture":"#0"},"up":{"uv":[6.01563,2.125,5.875,2.375],"tintindex":0,"rotation":90,"texture":"#0"},"down":{"uv":[2.39063,6.125,2.25,5.875],"tintindex":0,"rotation":270,"texture":"#0"}},"rotation":{"origin":[8.0,4.3328753,9.321563],"angle":-22.5,"axis":"z"}},{"from":[5.10935,11.561431,9.040313],"to":[6.3193502,12.6958065,9.477813],"faces":{"east":{"uv":[5.14063,5.875,5.0,6.10938],"tintindex":0,"rotation":0,"texture":"#0"},"south":{"uv":[5.23438,4.375,5.0,4.60938],"tintindex":0,"rotation":0,"texture":"#0"},"north":{"uv":[5.0,4.375,5.23438,4.60938],"tintindex":0,"rotation":0,"texture":"#0"},"west":{"uv":[6.01563,4.625,5.875,4.85938],"tintindex":0,"rotation":0,"texture":"#0"},"up":{"uv":[6.01563,5.0,5.875,5.23438],"tintindex":0,"rotation":90,"texture":"#0"},"down":{"uv":[5.39063,6.10938,5.25,5.875],"tintindex":0,"rotation":270,"texture":"#0"}}},{"from":[4.67785,1.9118629,8.671562],"to":[5.49035,3.5368629,9.909062],"faces":{"east":{"uv":[4.875,3.5,4.625,3.82813],"tintindex":0,"rotation":0,"texture":"#0"},"south":{"uv":[5.53125,1.125,5.375,1.45313],"tintindex":0,"rotation":0,"texture":"#0"},"north":{"uv":[5.375,1.125,5.53125,1.45313],"tintindex":0,"rotation":0,"texture":"#0"},"west":{"uv":[4.875,3.125,4.625,3.45313],"tintindex":0,"rotation":0,"texture":"#0"},"up":{"uv":[5.875,3.875,5.625,4.03125],"tintindex":0,"rotation":90,"texture":"#0"},"down":{"uv":[5.875,4.53125,5.625,4.375],"tintindex":0,"rotation":270,"texture":"#0"}},"rotation":{"origin":[8.0,4.3328753,9.321563],"angle":22.5,"axis":"z"}},{"from":[5.7996435,-0.039087296,8.702812],"to":[6.6121435,1.3359127,9.877812],"faces":{"east":{"uv":[4.10938,4.875,3.875,5.15625],"tintindex":0,"rotation":0,"texture":"#0"},"south":{"uv":[5.15625,5.5,5.0,5.78125],"tintindex":0,"rotation":0,"texture":"#0"},"north":{"uv":[5.0,5.5,5.15625,5.78125],"tintindex":0,"rotation":0,"texture":"#0"},"west":{"uv":[3.85938,4.875,3.625,5.15625],"tintindex":0,"rotation":0,"texture":"#0"},"up":{"uv":[5.98438,2.875,5.75,3.03125],"tintindex":0,"rotation":90,"texture":"#0"},"down":{"uv":[0.23438,6.03125,0.0,5.875],"tintindex":0,"rotation":270,"texture":"#0"}},"rotation":{"origin":[8.0,4.3328753,9.321563],"angle":-22.5,"axis":"z"}},{"from":[6.11755,16.237843,9.112249],"to":[6.790706,17.274,9.462125],"faces":{"east":{"uv":[4.25,6.875,4.35938,7.0625],"tintindex":0,"rotation":0,"texture":"#0"},"south":{"uv":[4.35938,6.875,4.25,7.0625],"tintindex":0,"rotation":0,"texture":"#0"},"north":{"uv":[4.25,6.875,4.35938,7.0625],"tintindex":0,"rotation":0,"texture":"#0"},"west":{"uv":[4.35938,6.875,4.25,7.0625],"tintindex":0,"rotation":0,"texture":"#0"},"up":{"uv":[1.15625,7.125,1.0,7.23438],"tintindex":0,"rotation":90,"texture":"#0"},"down":{"uv":[7.28125,1.10938,7.125,1.0],"tintindex":0,"rotation":270,"texture":"#0"}}},{"from":[6.4192314,4.0312567,9.6208315],"to":[6.8368874,4.615975,10.094175],"faces":{"east":{"uv":[7.23438,2.5,7.125,2.64063],"tintindex":0,"rotation":0,"texture":"#0"},"south":{"uv":[2.60938,7.125,2.5,7.26563],"tintindex":0,"rotation":0,"texture":"#0"},"north":{"uv":[2.73438,7.125,2.625,7.26563],"tintindex":0,"rotation":0,"texture":"#0"},"west":{"uv":[7.23438,2.25,7.125,2.39063],"tintindex":0,"rotation":0,"texture":"#0"},"up":{"uv":[4.73438,3.875,4.625,3.98438],"tintindex":0,"rotation":90,"texture":"#0"},"down":{"uv":[4.85938,1.85938,4.75,1.75],"tintindex":0,"rotation":270,"texture":"#0"}}},{"from":[6.600875,3.2997003,8.328625],"to":[7.3526564,3.7452002,8.956375],"faces":{"east":{"uv":[1.25,7.125,1.40625,7.23438],"tintindex":0,"rotation":0,"texture":"#0"},"south":{"uv":[6.875,4.75,7.0625,4.85938],"tintindex":0,"rotation":0,"texture":"#0"},"north":{"uv":[4.5,6.875,4.6875,6.98438],"tintindex":0,"rotation":0,"texture":"#0"},"west":{"uv":[7.125,1.125,7.28125,1.23438],"tintindex":0,"rotation":0,"texture":"#0"},"up":{"uv":[4.625,6.125,4.78125,6.3125],"tintindex":0,"rotation":90,"texture":"#0"},"down":{"uv":[6.125,4.8125,6.28125,4.625],"tintindex":0,"rotation":270,"texture":"#0"}}},{"from":[0.17184353,13.829163,9.112187],"to":[1.9191127,14.796713,9.462188],"faces":{"east":{"uv":[4.5,6.375,4.65625,6.53125],"tintindex":0,"rotation":0,"texture":"#0"},"south":{"uv":[0.25,5.25,0.57813,5.40625],"tintindex":0,"rotation":0,"texture":"#0"},"north":{"uv":[0.57813,5.25,0.25,5.40625],"tintindex":0,"rotation":0,"texture":"#0"},"west":{"uv":[6.375,4.625,6.53125,4.78125],"tintindex":0,"rotation":0,"texture":"#0"},"up":{"uv":[3.65625,5.57813,3.5,5.25],"tintindex":0,"rotation":90,"texture":"#0"},"down":{"uv":[3.90625,5.25,3.75,5.57813],"tintindex":0,"rotation":270,"texture":"#0"}},"rotation":{"origin":[8.0,4.3328753,9.321563],"angle":-45.0,"axis":"z"}},{"from":[8.903362,3.5230565,8.391907],"to":[9.1818,4.149544,8.893093],"faces":{"east":{"uv":[7.125,2.25,7.0,2.40625],"tintindex":0,"rotation":0,"texture":"#0"},"south":{"uv":[7.3125,4.25,7.25,4.40625],"tintindex":0,"rotation":0,"texture":"#0"},"north":{"uv":[7.3125,4.0,7.25,4.15625],"tintindex":0,"rotation":0,"texture":"#0"},"west":{"uv":[7.125,2.75,7.0,2.90625],"tintindex":0,"rotation":0,"texture":"#0"},"up":{"uv":[1.25,6.1875,1.375,6.125],"tintindex":0,"rotation":90,"texture":"#0"},"down":{"uv":[6.125,5.125,6.25,5.1875],"tintindex":0,"rotation":270,"texture":"#0"}},"rotation":{"origin":[8.0,4.3357687,9.25],"angle":22.5,"axis":"z"}},{"from":[7.6012497,-6.9115,8.760313],"to":[8.39875,1.3572502,9.682813],"faces":{"east":{"uv":[3.625,3.0,3.78125,4.29688],"tintindex":0,"rotation":0,"texture":"#0"},"south":{"uv":[3.78125,3.0,3.625,4.29688],"tintindex":0,"rotation":0,"texture":"#0"},"north":{"uv":[3.78125,3.0,3.625,4.29688],"tintindex":0,"rotation":0,"texture":"#0"},"west":{"uv":[3.625,3.0,3.78125,4.29688],"tintindex":0,"rotation":0,"texture":"#0"},"up":{"uv":[5.0625,6.28125,4.875,6.125],"tintindex":0,"rotation":90,"texture":"#0"},"down":{"uv":[6.3125,4.875,6.125,5.03125],"tintindex":0,"rotation":270,"texture":"#0"}}},{"from":[8.75625,2.6766253,9.040313],"to":[9.436874,4.037875,9.477813],"faces":{"east":{"uv":[4.0,5.75,4.14063,6.01563],"tintindex":0,"rotation":0,"texture":"#0"},"south":{"uv":[4.25,5.75,4.39063,6.01563],"tintindex":0,"rotation":0,"texture":"#0"},"north":{"uv":[4.75,5.75,4.89063,6.01563],"tintindex":0,"rotation":0,"texture":"#0"},"west":{"uv":[4.5,5.75,4.64063,6.01563],"tintindex":0,"rotation":0,"texture":"#0"},"up":{"uv":[0.14063,7.14063,0.0,7.0],"tintindex":0,"rotation":90,"texture":"#0"},"down":{"uv":[0.64063,7.0,0.5,7.14063],"tintindex":0,"rotation":270,"texture":"#0"}}},{"from":[5.2996435,-0.8515873,8.718437],"to":[5.7996435,1.3359127,9.862187],"faces":{"east":{"uv":[4.60938,3.0,4.375,3.4375],"tintindex":0,"rotation":0,"texture":"#0"},"south":{"uv":[2.84375,4.125,2.75,4.5625],"tintindex":0,"rotation":0,"texture":"#0"},"north":{"uv":[2.75,4.125,2.84375,4.5625],"tintindex":0,"rotation":0,"texture":"#0"},"west":{"uv":[1.23438,4.0,1.0,4.4375],"tintindex":0,"rotation":0,"texture":"#0"},"up":{"uv":[6.73438,6.125,6.5,6.21875],"tintindex":0,"rotation":90,"texture":"#0"},"down":{"uv":[6.85938,4.59375,6.625,4.5],"tintindex":0,"rotation":270,"texture":"#0"}},"rotation":{"origin":[8.0,4.3328753,9.321563],"angle":-22.5,"axis":"z"}},{"from":[5.5952253,2.094338,8.640312],"to":[6.470225,3.781838,9.940312],"faces":{"east":{"uv":[4.64063,4.375,4.375,4.71875],"tintindex":0,"rotation":0,"texture":"#0"},"south":{"uv":[5.17188,0.875,5.0,1.21875],"tintindex":0,"rotation":0,"texture":"#0"},"north":{"uv":[5.0,0.875,5.17188,1.21875],"tintindex":0,"rotation":0,"texture":"#0"},"west":{"uv":[4.64063,4.0,4.375,4.34375],"tintindex":0,"rotation":0,"texture":"#0"},"up":{"uv":[5.76563,0.0,5.5,0.17188],"tintindex":0,"rotation":90,"texture":"#0"},"down":{"uv":[5.76563,0.54688,5.5,0.375],"tintindex":0,"rotation":270,"texture":"#0"}},"rotation":{"origin":[8.0,4.3328753,9.321563],"angle":22.5,"axis":"z"}},{"from":[6.8182,3.5230565,9.606906],"to":[7.0966377,4.149544,10.108093],"faces":{"east":{"uv":[7.125,2.75,7.0,2.90625],"tintindex":0,"rotation":0,"texture":"#0"},"south":{"uv":[7.3125,4.0,7.25,4.15625],"tintindex":0,"rotation":0,"texture":"#0"},"north":{"uv":[7.3125,4.25,7.25,4.40625],"tintindex":0,"rotation":0,"texture":"#0"},"west":{"uv":[7.125,2.25,7.0,2.40625],"tintindex":0,"rotation":0,"texture":"#0"},"up":{"uv":[1.375,6.125,1.25,6.1875],"tintindex":0,"rotation":90,"texture":"#0"},"down":{"uv":[6.25,5.1875,6.125,5.125],"tintindex":0,"rotation":270,"texture":"#0"}},"rotation":{"origin":[8.0,4.3357687,9.25],"angle":-22.5,"axis":"z"}},{"from":[7.29125,1.9447503,10.287812],"to":[9.974375,4.37475,10.287812],"faces":{"south":{"uv":[6.125,0.0,0.0,6.0],"tintindex":0,"rotation":0,"texture":"#3"},"north":{"uv":[6.0,6.0,0.0,12.0],"tintindex":0,"rotation":0,"texture":"#3"}},"rotation":{"origin":[6.936875,0.8310003,11.300312],"angle":-22.5,"axis":"z"}},{"from":[6.1502,4.0053625,8.303312],"to":[6.957669,4.2838,8.981688],"faces":{"east":{"uv":[2.25,7.25,2.42188,7.3125],"tintindex":0,"rotation":0,"texture":"#0"},"south":{"uv":[7.125,6.25,7.32813,6.3125],"tintindex":0,"rotation":0,"texture":"#0"},"north":{"uv":[6.125,7.125,6.32813,7.1875],"tintindex":0,"rotation":0,"texture":"#0"},"west":{"uv":[2.0,7.25,2.17188,7.3125],"tintindex":0,"rotation":0,"texture":"#0"},"up":{"uv":[3.5,5.875,3.67188,6.07813],"tintindex":0,"rotation":90,"texture":"#0"},"down":{"uv":[5.875,3.82813,6.04688,3.625],"tintindex":0,"rotation":270,"texture":"#0"}},"rotation":{"origin":[8.0,4.3357687,9.25],"angle":45.0,"axis":"z"}},{"from":[10.50965,1.9118629,8.671562],"to":[11.32215,3.5368629,9.909062],"faces":{"east":{"uv":[4.625,3.125,4.875,3.45313],"tintindex":0,"rotation":0,"texture":"#0"},"south":{"uv":[5.375,1.125,5.53125,1.45313],"tintindex":0,"rotation":0,"texture":"#0"},"north":{"uv":[5.53125,1.125,5.375,1.45313],"tintindex":0,"rotation":0,"texture":"#0"},"west":{"uv":[4.625,3.5,4.875,3.82813],"tintindex":0,"rotation":0,"texture":"#0"},"up":{"uv":[5.875,4.03125,5.625,3.875],"tintindex":0,"rotation":90,"texture":"#0"},"down":{"uv":[5.875,4.375,5.625,4.53125],"tintindex":0,"rotation":270,"texture":"#0"}},"rotation":{"origin":[8.0,4.3328753,9.321563],"angle":-22.5,"axis":"z"}},{"from":[8.663906,4.3071814,8.366594],"to":[9.332156,4.585619,8.9184065],"faces":{"east":{"uv":[7.39063,5.0,7.25,5.0625],"tintindex":0,"rotation":0,"texture":"#0"},"south":{"uv":[7.42188,2.625,7.25,2.6875],"tintindex":0,"rotation":0,"texture":"#0"},"north":{"uv":[7.42188,2.5,7.25,2.5625],"tintindex":0,"rotation":0,"texture":"#0"},"west":{"uv":[7.39063,5.125,7.25,5.1875],"tintindex":0,"rotation":0,"texture":"#0"},"up":{"uv":[6.625,0.42188,6.76563,0.25],"tintindex":0,"rotation":90,"texture":"#0"},"down":{"uv":[6.625,0.5,6.76563,0.67188],"tintindex":0,"rotation":270,"texture":"#0"}},"rotation":{"origin":[8.0,4.3357687,9.25],"angle":-22.5,"axis":"z"}},{"from":[6.4321127,4.349675,9.04025],"to":[7.1884875,4.9547997,9.477875],"faces":{"east":{"uv":[6.26563,7.0,6.125,7.125],"tintindex":0,"rotation":0,"texture":"#0"},"south":{"uv":[7.15625,4.375,7.0,4.5],"tintindex":0,"rotation":0,"texture":"#0"},"north":{"uv":[4.65625,7.0,4.5,7.125],"tintindex":0,"rotation":0,"texture":"#0"},"west":{"uv":[7.14063,6.0,7.0,6.125],"tintindex":0,"rotation":0,"texture":"#0"},"up":{"uv":[4.89063,6.75,4.75,6.90625],"tintindex":0,"rotation":90,"texture":"#0"},"down":{"uv":[5.14063,6.90625,5.0,6.75],"tintindex":0,"rotation":270,"texture":"#0"}},"rotation":{"origin":[8.0,4.3328753,9.321563],"angle":22.5,"axis":"z"}},{"from":[5.75,1.34975,9.321563],"to":[10.25,12.5997505,9.321563],"faces":{"south":{"uv":[0.0,0.0,6.0,13.0],"tintindex":0,"rotation":0,"texture":"#1"},"north":{"uv":[6.0,0.0,0.0,13.0],"tintindex":0,"rotation":0,"texture":"#1"}}},{"from":[7.29125,1.9447503,8.212188],"to":[9.974375,4.37475,8.212188],"faces":{"south":{"uv":[0.0,6.0,6.0,12.0],"tintindex":0,"rotation":0,"texture":"#3"},"north":{"uv":[0.0,0.0,6.125,6.0],"tintindex":0,"rotation":0,"texture":"#3"}},"rotation":{"origin":[6.936875,0.8310003,7.1996875],"angle":-22.5,"axis":"z"}},{"from":[13.563619,13.843981,9.112187],"to":[14.0551815,14.988357,9.462188],"faces":{"east":{"uv":[2.40625,6.375,2.25,6.54688],"tintindex":0,"rotation":0,"texture":"#0"},"south":{"uv":[1.84375,7.125,1.75,7.29688],"tintindex":0,"rotation":0,"texture":"#0"},"north":{"uv":[1.75,7.125,1.84375,7.29688],"tintindex":0,"rotation":0,"texture":"#0"},"west":{"uv":[6.53125,2.0,6.375,2.17188],"tintindex":0,"rotation":0,"texture":"#0"},"up":{"uv":[7.28125,4.75,7.125,4.84375],"tintindex":0,"rotation":90,"texture":"#0"},"down":{"uv":[7.28125,4.96875,7.125,4.875],"tintindex":0,"rotation":270,"texture":"#0"}},"rotation":{"origin":[8.0,4.3328753,9.321563],"angle":45.0,"axis":"z"}},{"from":[1.944819,13.843981,9.112187],"to":[2.4363813,14.988357,9.462188],"faces":{"east":{"uv":[6.375,2.0,6.53125,2.17188],"tintindex":0,"rotation":0,"texture":"#0"},"south":{"uv":[1.75,7.125,1.84375,7.29688],"tintindex":0,"rotation":0,"texture":"#0"},"north":{"uv":[1.84375,7.125,1.75,7.29688],"tintindex":0,"rotation":0,"texture":"#0"},"west":{"uv":[2.25,6.375,2.40625,6.54688],"tintindex":0,"rotation":0,"texture":"#0"},"up":{"uv":[7.28125,4.84375,7.125,4.75],"tintindex":0,"rotation":90,"texture":"#0"},"down":{"uv":[7.28125,4.875,7.125,4.96875],"tintindex":0,"rotation":270,"texture":"#0"}},"rotation":{"origin":[8.0,4.3328753,9.321563],"angle":-45.0,"axis":"z"}},{"from":[9.3878565,-0.039087296,8.702812],"to":[10.2003565,1.3359127,9.877812],"faces":{"east":{"uv":[3.625,4.875,3.85938,5.15625],"tintindex":0,"rotation":0,"texture":"#0"},"south":{"uv":[5.0,5.5,5.15625,5.78125],"tintindex":0,"rotation":0,"texture":"#0"},"north":{"uv":[5.15625,5.5,5.0,5.78125],"tintindex":0,"rotation":0,"texture":"#0"},"west":{"uv":[3.875,4.875,4.10938,5.15625],"tintindex":0,"rotation":0,"texture":"#0"},"up":{"uv":[5.98438,3.03125,5.75,2.875],"tintindex":0,"rotation":90,"texture":"#0"},"down":{"uv":[0.23438,5.875,0.0,6.03125],"tintindex":0,"rotation":270,"texture":"#0"}},"rotation":{"origin":[8.0,4.3328753,9.321563],"angle":22.5,"axis":"z"}},{"from":[7.33175,0.5525627,8.409625],"to":[8.66825,1.2208128,10.090375],"faces":{"east":{"uv":[4.875,1.75,5.29688,1.92188],"tintindex":0,"rotation":0,"texture":"#0"},"south":{"uv":[5.0,3.875,5.32813,4.04688],"tintindex":0,"rotation":0,"texture":"#0"},"north":{"uv":[5.0,4.125,5.32813,4.29688],"tintindex":0,"rotation":0,"texture":"#0"},"west":{"uv":[4.875,2.0,5.29688,2.17188],"tintindex":0,"rotation":0,"texture":"#0"},"up":{"uv":[3.54688,4.45313,3.125,4.125],"tintindex":0,"rotation":90,"texture":"#0"},"down":{"uv":[4.67188,0.0,4.25,0.32813],"tintindex":0,"rotation":270,"texture":"#0"}}},{"from":[9.042332,4.0053625,9.518312],"to":[9.8498,4.2838,10.196688],"faces":{"east":{"uv":[2.0,7.25,2.17188,7.3125],"tintindex":0,"rotation":0,"texture":"#0"},"south":{"uv":[6.125,7.125,6.32813,7.1875],"tintindex":0,"rotation":0,"texture":"#0"},"north":{"uv":[7.125,6.25,7.32813,6.3125],"tintindex":0,"rotation":0,"texture":"#0"},"west":{"uv":[2.25,7.25,2.42188,7.3125],"tintindex":0,"rotation":0,"texture":"#0"},"up":{"uv":[3.67188,6.07813,3.5,5.875],"tintindex":0,"rotation":90,"texture":"#0"},"down":{"uv":[6.04688,3.625,5.875,3.82813],"tintindex":0,"rotation":270,"texture":"#0"}},"rotation":{"origin":[8.0,4.3357687,9.25],"angle":-45.0,"axis":"z"}},{"from":[9.042332,4.0053625,8.303312],"to":[9.8498,4.2838,8.981688],"faces":{"east":{"uv":[2.17188,7.25,2.0,7.3125],"tintindex":0,"rotation":0,"texture":"#0"},"south":{"uv":[7.32813,6.25,7.125,6.3125],"tintindex":0,"rotation":0,"texture":"#0"},"north":{"uv":[6.32813,7.125,6.125,7.1875],"tintindex":0,"rotation":0,"texture":"#0"},"west":{"uv":[2.42188,7.25,2.25,7.3125],"tintindex":0,"rotation":0,"texture":"#0"},"up":{"uv":[3.5,6.07813,3.67188,5.875],"tintindex":0,"rotation":90,"texture":"#0"},"down":{"uv":[5.875,3.625,6.04688,3.82813],"tintindex":0,"rotation":270,"texture":"#0"}},"rotation":{"origin":[8.0,4.3357687,9.25],"angle":-45.0,"axis":"z"}},{"from":[6.310894,3.5798688,8.3159685],"to":[7.1183624,3.9139938,8.969031],"faces":{"east":{"uv":[0.75,7.25,0.90625,7.32813],"tintindex":0,"rotation":0,"texture":"#0"},"south":{"uv":[7.125,2.0,7.32813,2.07813],"tintindex":0,"rotation":0,"texture":"#0"},"north":{"uv":[2.0,7.125,2.20313,7.20313],"tintindex":0,"rotation":0,"texture":"#0"},"west":{"uv":[0.5,7.25,0.65625,7.32813],"tintindex":0,"rotation":0,"texture":"#0"},"up":{"uv":[1.875,6.125,2.03125,6.32813],"tintindex":0,"rotation":90,"texture":"#0"},"down":{"uv":[6.125,2.20313,6.28125,2.0],"tintindex":0,"rotation":270,"texture":"#0"}},"rotation":{"origin":[8.0,4.3357687,9.25],"angle":22.5,"axis":"z"}},{"from":[4.899987,5.297188,9.040375],"to":[5.6561127,6.2045627,9.47775],"faces":{"east":{"uv":[6.51563,4.125,6.375,4.3125],"tintindex":0,"rotation":0,"texture":"#0"},"south":{"uv":[3.53125,6.125,3.375,6.3125],"tintindex":0,"rotation":0,"texture":"#0"},"north":{"uv":[3.375,6.125,3.53125,6.3125],"tintindex":0,"rotation":0,"texture":"#0"},"west":{"uv":[4.14063,6.375,4.0,6.5625],"tintindex":0,"rotation":0,"texture":"#0"},"up":{"uv":[2.64063,6.625,2.5,6.78125],"tintindex":0,"rotation":90,"texture":"#0"},"down":{"uv":[6.76563,2.65625,6.625,2.5],"tintindex":0,"rotation":270,"texture":"#0"}},"rotation":{"origin":[8.0,4.3328753,9.321563],"angle":-22.5,"axis":"z"}},{"from":[12.319588,9.612406,9.040937],"to":[13.603962,10.367406,9.477188],"faces":{"east":{"uv":[6.625,3.0,6.76563,3.15625],"tintindex":0,"rotation":0,"texture":"#0"},"south":{"uv":[5.625,3.125,5.875,3.28125],"tintindex":0,"rotation":0,"texture":"#0"},"north":{"uv":[5.875,3.125,5.625,3.28125],"tintindex":0,"rotation":0,"texture":"#0"},"west":{"uv":[3.25,6.625,3.39063,6.78125],"tintindex":0,"rotation":0,"texture":"#0"},"up":{"uv":[6.01563,2.375,5.875,2.125],"tintindex":0,"rotation":90,"texture":"#0"},"down":{"uv":[2.39063,5.875,2.25,6.125],"tintindex":0,"rotation":270,"texture":"#0"}},"rotation":{"origin":[8.0,4.3328753,9.321563],"angle":22.5,"axis":"z"}},{"from":[10.142788,0.8248129,8.687187],"to":[10.955288,2.324813,9.893437],"faces":{"east":{"uv":[0.375,4.875,0.60938,5.17188],"tintindex":0,"rotation":0,"texture":"#0"},"south":{"uv":[5.375,3.875,5.53125,4.17188],"tintindex":0,"rotation":0,"texture":"#0"},"north":{"uv":[5.53125,3.875,5.375,4.17188],"tintindex":0,"rotation":0,"texture":"#0"},"west":{"uv":[4.875,2.25,5.10938,2.54688],"tintindex":0,"rotation":0,"texture":"#0"},"up":{"uv":[6.10938,0.15625,5.875,0.0],"tintindex":0,"rotation":90,"texture":"#0"},"down":{"uv":[6.10938,0.25,5.875,0.40625],"tintindex":0,"rotation":270,"texture":"#0"}}},{"from":[8.517756,4.8206625,9.59425],"to":[9.186007,5.0991,10.12075],"faces":{"east":{"uv":[6.0,2.0,6.125,2.0625],"tintindex":0,"rotation":0,"texture":"#0"},"south":{"uv":[7.25,2.75,7.42188,2.8125],"tintindex":0,"rotation":0,"texture":"#0"},"north":{"uv":[7.25,2.875,7.42188,2.9375],"tintindex":0,"rotation":0,"texture":"#0"},"west":{"uv":[6.0,4.875,6.125,4.9375],"tintindex":0,"rotation":0,"texture":"#0"},"up":{"uv":[3.625,7.04688,3.5,6.875],"tintindex":0,"rotation":90,"texture":"#0"},"down":{"uv":[3.75,6.875,3.625,7.04688],"tintindex":0,"rotation":270,"texture":"#0"}},"rotation":{"origin":[8.0,4.3357687,9.25],"angle":-45.0,"axis":"z"}},{"from":[6.563125,2.6766253,9.040313],"to":[7.24375,4.037875,9.477813],"faces":{"east":{"uv":[4.64063,5.75,4.5,6.01563],"tintindex":0,"rotation":0,"texture":"#0"},"south":{"uv":[4.39063,5.75,4.25,6.01563],"tintindex":0,"rotation":0,"texture":"#0"},"north":{"uv":[4.89063,5.75,4.75,6.01563],"tintindex":0,"rotation":0,"texture":"#0"},"west":{"uv":[4.14063,5.75,4.0,6.01563],"tintindex":0,"rotation":0,"texture":"#0"},"up":{"uv":[0.14063,7.0,0.0,7.14063],"tintindex":0,"rotation":90,"texture":"#0"},"down":{"uv":[0.64063,7.14063,0.5,7.0],"tintindex":0,"rotation":270,"texture":"#0"}}},{"from":[12.539619,13.5903,9.112249],"to":[13.308763,14.796938,9.462125],"faces":{"east":{"uv":[2.90625,6.375,2.75,6.54688],"tintindex":0,"rotation":0,"texture":"#0"},"south":{"uv":[6.64063,5.875,6.5,6.04688],"tintindex":0,"rotation":0,"texture":"#0"},"north":{"uv":[6.64063,5.875,6.5,6.04688],"tintindex":0,"rotation":0,"texture":"#0"},"west":{"uv":[6.53125,2.5,6.375,2.67188],"tintindex":0,"rotation":0,"texture":"#0"},"up":{"uv":[6.78125,3.75,6.625,3.89063],"tintindex":0,"rotation":90,"texture":"#0"},"down":{"uv":[4.15625,6.76563,4.0,6.625],"tintindex":0,"rotation":270,"texture":"#0"}},"rotation":{"origin":[8.0,4.3328753,9.321563],"angle":45.0,"axis":"z"}},{"from":[6.7318687,5.217906,9.04025],"to":[7.488244,5.9742813,9.477875],"faces":{"east":{"uv":[7.14063,5.875,7.0,6.0],"tintindex":0,"rotation":0,"texture":"#0"},"south":{"uv":[1.40625,6.5,1.25,6.65625],"tintindex":0,"rotation":0,"texture":"#0"},"north":{"uv":[1.25,6.5,1.40625,6.65625],"tintindex":0,"rotation":0,"texture":"#0"},"west":{"uv":[6.89063,1.5,6.75,1.65625],"tintindex":0,"rotation":0,"texture":"#0"},"up":{"uv":[6.89063,2.25,6.75,2.40625],"tintindex":0,"rotation":90,"texture":"#0"},"down":{"uv":[6.89063,2.90625,6.75,2.75],"tintindex":0,"rotation":270,"texture":"#0"}},"rotation":{"origin":[8.0,4.3328753,9.321563],"angle":45.0,"axis":"z"}},{"from":[8.663906,4.3071814,9.5815935],"to":[9.332156,4.585619,10.133406],"faces":{"east":{"uv":[7.25,5.0,7.39063,5.0625],"tintindex":0,"rotation":0,"texture":"#0"},"south":{"uv":[7.25,2.5,7.42188,2.5625],"tintindex":0,"rotation":0,"texture":"#0"},"north":{"uv":[7.25,2.625,7.42188,2.6875],"tintindex":0,"rotation":0,"texture":"#0"},"west":{"uv":[7.25,5.125,7.39063,5.1875],"tintindex":0,"rotation":0,"texture":"#0"},"up":{"uv":[6.76563,0.42188,6.625,0.25],"tintindex":0,"rotation":90,"texture":"#0"},"down":{"uv":[6.76563,0.5,6.625,0.67188],"tintindex":0,"rotation":270,"texture":"#0"}},"rotation":{"origin":[8.0,4.3357687,9.25],"angle":-22.5,"axis":"z"}},{"from":[7.9370375,14.9123125,9.034062],"to":[8.5396,15.837938,9.493438],"faces":{"east":{"uv":[6.28125,4.125,6.125,4.3125],"tintindex":0,"rotation":0,"texture":"#0"},"south":{"uv":[0.75,4.875,0.625,5.0625],"tintindex":0,"rotation":0,"texture":"#0"},"north":{"uv":[0.625,4.875,0.75,5.0625],"tintindex":0,"rotation":0,"texture":"#0"},"west":{"uv":[4.28125,6.125,4.125,6.3125],"tintindex":0,"rotation":0,"texture":"#0"},"up":{"uv":[1.65625,7.0,1.5,7.125],"tintindex":0,"rotation":90,"texture":"#0"},"down":{"uv":[7.15625,1.625,7.0,1.5],"tintindex":0,"rotation":270,"texture":"#0"}},"rotation":{"origin":[8.0,4.3328753,9.321563],"angle":22.5,"axis":"z"}},{"from":[9.68065,11.561431,9.040313],"to":[10.89065,12.6958065,9.477813],"faces":{"east":{"uv":[5.875,4.625,6.01563,4.85938],"tintindex":0,"rotation":0,"texture":"#0"},"south":{"uv":[5.0,4.375,5.23438,4.60938],"tintindex":0,"rotation":0,"texture":"#0"},"north":{"uv":[5.23438,4.375,5.0,4.60938],"tintindex":0,"rotation":0,"texture":"#0"},"west":{"uv":[5.0,5.875,5.14063,6.10938],"tintindex":0,"rotation":0,"texture":"#0"},"up":{"uv":[6.01563,5.23438,5.875,5.0],"tintindex":0,"rotation":90,"texture":"#0"},"down":{"uv":[5.39063,5.875,5.25,6.10938],"tintindex":0,"rotation":270,"texture":"#0"}}},{"from":[8.647344,3.2997003,9.543625],"to":[9.399125,3.7452002,10.171375],"faces":{"east":{"uv":[7.125,1.125,7.28125,1.23438],"tintindex":0,"rotation":0,"texture":"#0"},"south":{"uv":[4.5,6.875,4.6875,6.98438],"tintindex":0,"rotation":0,"texture":"#0"},"north":{"uv":[6.875,4.75,7.0625,4.85938],"tintindex":0,"rotation":0,"texture":"#0"},"west":{"uv":[1.25,7.125,1.40625,7.23438],"tintindex":0,"rotation":0,"texture":"#0"},"up":{"uv":[4.78125,6.3125,4.625,6.125],"tintindex":0,"rotation":90,"texture":"#0"},"down":{"uv":[6.28125,4.625,6.125,4.8125],"tintindex":0,"rotation":270,"texture":"#0"}}},{"from":[8.602425,3.7768564,8.353937],"to":[9.326363,4.055294,8.931063],"faces":{"east":{"uv":[4.76563,7.25,4.625,7.3125],"tintindex":0,"rotation":0,"texture":"#0"},"south":{"uv":[7.42188,2.375,7.25,2.4375],"tintindex":0,"rotation":0,"texture":"#0"},"north":{"uv":[7.42188,2.25,7.25,2.3125],"tintindex":0,"rotation":0,"texture":"#0"},"west":{"uv":[5.01563,7.25,4.875,7.3125],"tintindex":0,"rotation":0,"texture":"#0"},"up":{"uv":[6.375,6.67188,6.51563,6.5],"tintindex":0,"rotation":90,"texture":"#0"},"down":{"uv":[6.625,0.0,6.76563,0.17188],"tintindex":0,"rotation":270,"texture":"#0"}}},{"from":[7.4760876,2.1784563,8.671562],"to":[9.163588,3.0534563,9.909062],"faces":{"east":{"uv":[5.875,1.125,5.625,1.29688],"tintindex":0,"rotation":180,"texture":"#0"},"south":{"uv":[2.67188,5.0,2.5,5.34375],"tintindex":0,"rotation":90,"texture":"#0"},"north":{"uv":[2.92188,5.0,2.75,5.34375],"tintindex":0,"rotation":270,"texture":"#0"},"west":{"uv":[5.875,1.54688,5.625,1.375],"tintindex":0,"rotation":0,"texture":"#0"},"up":{"uv":[4.875,2.25,4.625,2.59375],"tintindex":0,"rotation":90,"texture":"#0"},"down":{"uv":[2.75,4.625,2.5,4.96875],"tintindex":0,"rotation":90,"texture":"#0"}},"rotation":{"origin":[8.0,4.3328753,9.321563],"angle":22.5,"axis":"z"}},{"from":[6.6736374,3.7768564,9.568937],"to":[7.397575,4.055294,10.146063],"faces":{"east":{"uv":[5.01563,7.25,4.875,7.3125],"tintindex":0,"rotation":0,"texture":"#0"},"south":{"uv":[7.42188,2.25,7.25,2.3125],"tintindex":0,"rotation":0,"texture":"#0"},"north":{"uv":[7.42188,2.375,7.25,2.4375],"tintindex":0,"rotation":0,"texture":"#0"},"west":{"uv":[4.76563,7.25,4.625,7.3125],"tintindex":0,"rotation":0,"texture":"#0"},"up":{"uv":[6.51563,6.5,6.375,6.67188],"tintindex":0,"rotation":90,"texture":"#0"},"down":{"uv":[6.76563,0.17188,6.625,0.0],"tintindex":0,"rotation":270,"texture":"#0"}}},{"from":[7.5888186,1.0877814,8.655937],"to":[9.276319,1.9002814,9.924687],"faces":{"east":{"uv":[0.625,5.75,0.875,5.90625],"tintindex":0,"rotation":0,"texture":"#0"},"south":{"uv":[5.125,3.84375,5.28125,3.5],"tintindex":0,"rotation":90,"texture":"#0"},"north":{"uv":[5.125,3.5,5.28125,3.84375],"tintindex":0,"rotation":90,"texture":"#0"},"west":{"uv":[5.625,5.28125,5.875,5.125],"tintindex":0,"rotation":180,"texture":"#0"},"up":{"uv":[4.125,4.84375,4.375,4.5],"tintindex":0,"rotation":90,"texture":"#0"},"down":{"uv":[3.875,4.84375,4.125,4.5],"tintindex":0,"rotation":90,"texture":"#0"}},"rotation":{"origin":[8.0,4.3328753,9.321563],"angle":-45.0,"axis":"z"}},{"from":[6.1502,4.0053625,9.518312],"to":[6.957669,4.2838,10.196688],"faces":{"east":{"uv":[2.42188,7.25,2.25,7.3125],"tintindex":0,"rotation":0,"texture":"#0"},"south":{"uv":[6.32813,7.125,6.125,7.1875],"tintindex":0,"rotation":0,"texture":"#0"},"north":{"uv":[7.32813,6.25,7.125,6.3125],"tintindex":0,"rotation":0,"texture":"#0"},"west":{"uv":[2.17188,7.25,2.0,7.3125],"tintindex":0,"rotation":0,"texture":"#0"},"up":{"uv":[3.67188,5.875,3.5,6.07813],"tintindex":0,"rotation":90,"texture":"#0"},"down":{"uv":[6.04688,3.82813,5.875,3.625],"tintindex":0,"rotation":270,"texture":"#0"}},"rotation":{"origin":[8.0,4.3357687,9.25],"angle":45.0,"axis":"z"}},{"from":[6.352419,12.702432,9.040375],"to":[7.4866753,13.836681,9.47775],"faces":{"east":{"uv":[6.01563,4.625,5.875,4.85938],"tintindex":0,"rotation":0,"texture":"#0"},"south":{"uv":[5.0,4.875,5.23438,5.10938],"tintindex":0,"rotation":0,"texture":"#0"},"north":{"uv":[5.23438,4.875,5.0,5.10938],"tintindex":0,"rotation":0,"texture":"#0"},"west":{"uv":[0.5,6.0,0.64063,6.23438],"tintindex":0,"rotation":0,"texture":"#0"},"up":{"uv":[0.89063,6.23438,0.75,6.0],"tintindex":0,"rotation":90,"texture":"#0"},"down":{"uv":[1.51563,6.0,1.375,6.23438],"tintindex":0,"rotation":270,"texture":"#0"}},"rotation":{"origin":[8.0,4.3328753,9.321563],"angle":-22.5,"axis":"z"}},{"from":[6.70675,1.8757815,8.655937],"to":[8.39425,2.7507815,9.924687],"faces":{"east":{"uv":[5.875,0.875,5.625,1.04688],"tintindex":0,"rotation":180,"texture":"#0"},"south":{"uv":[2.17188,5.0,2.0,5.34375],"tintindex":0,"rotation":90,"texture":"#0"},"north":{"uv":[2.42188,5.0,2.25,5.34375],"tintindex":0,"rotation":270,"texture":"#0"},"west":{"uv":[1.375,5.79688,1.125,5.625],"tintindex":0,"rotation":0,"texture":"#0"},"up":{"uv":[2.25,4.625,2.0,4.96875],"tintindex":0,"rotation":90,"texture":"#0"},"down":{"uv":[2.5,4.625,2.25,4.96875],"tintindex":0,"rotation":90,"texture":"#0"}},"rotation":{"origin":[8.0,4.3328753,9.321563],"angle":45.0,"axis":"z"}},{"from":[9.209293,16.237843,9.112249],"to":[9.88245,17.274,9.462125],"faces":{"east":{"uv":[4.25,6.875,4.35938,7.0625],"tintindex":0,"rotation":0,"texture":"#0"},"south":{"uv":[4.25,6.875,4.35938,7.0625],"tintindex":0,"rotation":0,"texture":"#0"},"north":{"uv":[4.35938,6.875,4.25,7.0625],"tintindex":0,"rotation":0,"texture":"#0"},"west":{"uv":[4.35938,6.875,4.25,7.0625],"tintindex":0,"rotation":0,"texture":"#0"},"up":{"uv":[1.15625,7.23438,1.0,7.125],"tintindex":0,"rotation":90,"texture":"#0"},"down":{"uv":[7.28125,1.0,7.125,1.10938],"tintindex":0,"rotation":270,"texture":"#0"}}},{"from":[9.163113,4.0312567,8.405831],"to":[9.580763,4.615975,8.879175],"faces":{"east":{"uv":[7.23438,2.25,7.125,2.39063],"tintindex":0,"rotation":0,"texture":"#0"},"south":{"uv":[2.73438,7.125,2.625,7.26563],"tintindex":0,"rotation":0,"texture":"#0"},"north":{"uv":[2.60938,7.125,2.5,7.26563],"tintindex":0,"rotation":0,"texture":"#0"},"west":{"uv":[7.23438,2.5,7.125,2.64063],"tintindex":0,"rotation":0,"texture":"#0"},"up":{"uv":[4.625,3.98438,4.73438,3.875],"tintindex":0,"rotation":90,"texture":"#0"},"down":{"uv":[4.75,1.75,4.85938,1.85938],"tintindex":0,"rotation":270,"texture":"#0"}}},{"from":[2.8408065,12.482781,9.040313],"to":[3.8995562,13.617157,9.477813],"faces":{"east":{"uv":[6.01563,4.625,5.875,4.85938],"tintindex":0,"rotation":0,"texture":"#0"},"south":{"uv":[0.0,5.25,0.21875,5.48438],"tintindex":0,"rotation":0,"texture":"#0"},"north":{"uv":[0.21875,5.25,0.0,5.48438],"tintindex":0,"rotation":0,"texture":"#0"},"west":{"uv":[1.625,6.0,1.76563,6.23438],"tintindex":0,"rotation":0,"texture":"#0"},"up":{"uv":[2.51563,6.34375,2.375,6.125],"tintindex":0,"rotation":90,"texture":"#0"},"down":{"uv":[6.26563,2.5,6.125,2.71875],"tintindex":0,"rotation":270,"texture":"#0"}},"rotation":{"origin":[8.0,4.3328753,9.321563],"angle":-45.0,"axis":"z"}},{"from":[6.667844,4.3071814,9.5815935],"to":[7.336094,4.585619,10.133406],"faces":{"east":{"uv":[7.39063,5.125,7.25,5.1875],"tintindex":0,"rotation":0,"texture":"#0"},"south":{"uv":[7.42188,2.5,7.25,2.5625],"tintindex":0,"rotation":0,"texture":"#0"},"north":{"uv":[7.42188,2.625,7.25,2.6875],"tintindex":0,"rotation":0,"texture":"#0"},"west":{"uv":[7.39063,5.0,7.25,5.0625],"tintindex":0,"rotation":0,"texture":"#0"},"up":{"uv":[6.76563,0.25,6.625,0.42188],"tintindex":0,"rotation":90,"texture":"#0"},"down":{"uv":[6.76563,0.67188,6.625,0.5],"tintindex":0,"rotation":270,"texture":"#0"}},"rotation":{"origin":[8.0,4.3357687,9.25],"angle":22.5,"axis":"z"}},{"from":[8.986644,3.5041752,8.2552185],"to":[9.905487,4.0053625,10.2447815],"faces":{"east":{"uv":[5.0,0.375,5.48438,0.5],"tintindex":0,"rotation":0,"texture":"#0"},"south":{"uv":[4.25,1.875,4.48438,2.0],"tintindex":0,"rotation":0,"texture":"#0"},"north":{"uv":[5.625,4.125,5.85938,4.25],"tintindex":0,"rotation":0,"texture":"#0"},"west":{"uv":[5.0,0.5,5.48438,0.625],"tintindex":0,"rotation":0,"texture":"#0"},"up":{"uv":[4.73438,1.10938,4.25,0.875],"tintindex":0,"rotation":90,"texture":"#0"},"down":{"uv":[4.73438,1.125,4.25,1.35938],"tintindex":0,"rotation":270,"texture":"#0"}},"rotation":{"origin":[8.0,4.3357687,9.25],"angle":-45.0,"axis":"z"}},{"from":[5.984356,15.43335,9.112249],"to":[6.4833565,16.494411,9.462125],"faces":{"east":{"uv":[5.375,6.375,5.53125,6.53125],"tintindex":0,"rotation":0,"texture":"#0"},"south":{"uv":[7.125,3.5,7.21875,3.65625],"tintindex":0,"rotation":0,"texture":"#0"},"north":{"uv":[7.21875,3.5,7.125,3.65625],"tintindex":0,"rotation":0,"texture":"#0"},"west":{"uv":[5.625,6.375,5.78125,6.53125],"tintindex":0,"rotation":0,"texture":"#0"},"up":{"uv":[3.90625,7.21875,3.75,7.125],"tintindex":0,"rotation":90,"texture":"#0"},"down":{"uv":[4.15625,7.125,4.0,7.21875],"tintindex":0,"rotation":270,"texture":"#0"}},"rotation":{"origin":[8.0,4.3328753,9.321563],"angle":-22.5,"axis":"z"}},{"from":[7.60575,1.8757815,8.655937],"to":[9.29325,2.7507815,9.924687],"faces":{"east":{"uv":[1.125,5.79688,1.375,5.625],"tintindex":0,"rotation":0,"texture":"#0"},"south":{"uv":[2.17188,5.34375,2.0,5.0],"tintindex":0,"rotation":90,"texture":"#0"},"north":{"uv":[2.42188,5.34375,2.25,5.0],"tintindex":0,"rotation":270,"texture":"#0"},"west":{"uv":[5.625,0.875,5.875,1.04688],"tintindex":0,"rotation":180,"texture":"#0"},"up":{"uv":[2.25,4.96875,2.0,4.625],"tintindex":0,"rotation":90,"texture":"#0"},"down":{"uv":[2.5,4.96875,2.25,4.625],"tintindex":0,"rotation":90,"texture":"#0"}},"rotation":{"origin":[8.0,4.3328753,9.321563],"angle":-45.0,"axis":"z"}},{"from":[6.2120376,3.0964942,9.798018],"to":[6.629694,3.4027753,9.916987],"faces":{"east":{"uv":[0.15625,7.375,0.125,7.45313],"tintindex":0,"rotation":0,"texture":"#0"},"south":{"uv":[5.85938,5.0,5.75,5.07813],"tintindex":0,"rotation":0,"texture":"#0"},"north":{"uv":[5.98438,1.5,5.875,1.57813],"tintindex":0,"rotation":0,"texture":"#0"},"west":{"uv":[7.40625,0.0,7.375,0.07813],"tintindex":0,"rotation":0,"texture":"#0"},"up":{"uv":[7.03125,7.25,7.0,7.35938],"tintindex":0,"rotation":90,"texture":"#0"},"down":{"uv":[7.15625,7.35938,7.125,7.25],"tintindex":0,"rotation":270,"texture":"#0"}},"rotation":{"origin":[8.0,4.3357687,9.25],"angle":-45.0,"axis":"z"}},{"from":[2.6912374,13.5903,9.112249],"to":[3.460381,14.796938,9.462125],"faces":{"east":{"uv":[6.375,2.5,6.53125,2.67188],"tintindex":0,"rotation":0,"texture":"#0"},"south":{"uv":[6.5,5.875,6.64063,6.04688],"tintindex":0,"rotation":0,"texture":"#0"},"north":{"uv":[6.5,5.875,6.64063,6.04688],"tintindex":0,"rotation":0,"texture":"#0"},"west":{"uv":[2.75,6.375,2.90625,6.54688],"tintindex":0,"rotation":0,"texture":"#0"},"up":{"uv":[6.78125,3.89063,6.625,3.75],"tintindex":0,"rotation":90,"texture":"#0"},"down":{"uv":[4.15625,6.625,4.0,6.76563],"tintindex":0,"rotation":270,"texture":"#0"}},"rotation":{"origin":[8.0,4.3328753,9.321563],"angle":-45.0,"axis":"z"}},{"from":[0.2630248,11.669787,9.040937],"to":[1.3961563,12.651663,9.477188],"faces":{"east":{"uv":[1.64063,6.25,1.5,6.45313],"tintindex":0,"rotation":0,"texture":"#0"},"south":{"uv":[5.60938,3.125,5.375,3.32813],"tintindex":0,"rotation":0,"texture":"#0"},"north":{"uv":[5.375,3.125,5.60938,3.32813],"tintindex":0,"rotation":0,"texture":"#0"},"west":{"uv":[1.39063,6.25,1.25,6.45313],"tintindex":0,"rotation":0,"texture":"#0"},"up":{"uv":[6.14063,1.75,6.0,1.98438],"tintindex":0,"rotation":90,"texture":"#0"},"down":{"uv":[6.14063,3.10938,6.0,2.875],"tintindex":0,"rotation":270,"texture":"#0"}},"rotation":{"origin":[8.0,4.3328753,9.321563],"angle":-22.5,"axis":"z"}},{"from":[7.2347,9.969357,9.040937],"to":[7.9897003,10.799981,9.477188],"faces":{"east":{"uv":[1.75,6.625,1.89063,6.79688],"tintindex":0,"rotation":0,"texture":"#0"},"south":{"uv":[3.5,6.375,3.65625,6.54688],"tintindex":0,"rotation":0,"texture":"#0"},"north":{"uv":[3.65625,6.375,3.5,6.54688],"tintindex":0,"rotation":0,"texture":"#0"},"west":{"uv":[2.0,6.625,2.14063,6.79688],"tintindex":0,"rotation":0,"texture":"#0"},"up":{"uv":[2.64063,7.03125,2.5,6.875],"tintindex":0,"rotation":90,"texture":"#0"},"down":{"uv":[7.01563,2.5,6.875,2.65625],"tintindex":0,"rotation":270,"texture":"#0"}},"rotation":{"origin":[8.0,4.3328753,9.321563],"angle":-22.5,"axis":"z"}},{"from":[7.4075003,-7.0765,8.617813],"to":[8.5925,-6.20525,9.825313],"faces":{"east":{"uv":[5.625,2.125,5.85938,2.29688],"tintindex":0,"rotation":0,"texture":"#0"},"south":{"uv":[5.625,2.125,5.85938,2.29688],"tintindex":0,"rotation":0,"texture":"#0"},"north":{"uv":[5.625,2.125,5.85938,2.29688],"tintindex":0,"rotation":0,"texture":"#0"},"west":{"uv":[5.625,2.125,5.85938,2.29688],"tintindex":0,"rotation":0,"texture":"#0"},"up":{"uv":[5.35938,2.73438,5.125,2.5],"tintindex":0,"rotation":90,"texture":"#0"},"down":{"uv":[5.35938,2.75,5.125,2.98438],"tintindex":0,"rotation":270,"texture":"#0"}}},{"from":[6.374294,5.6335564,9.040313],"to":[7.1305437,6.2385564,9.477813],"faces":{"east":{"uv":[7.14063,5.875,7.0,6.0],"tintindex":0,"rotation":0,"texture":"#0"},"south":{"uv":[7.15625,3.875,7.0,4.0],"tintindex":0,"rotation":0,"texture":"#0"},"north":{"uv":[7.0,3.875,7.15625,4.0],"tintindex":0,"rotation":0,"texture":"#0"},"west":{"uv":[7.14063,5.625,7.0,5.75],"tintindex":0,"rotation":0,"texture":"#0"},"up":{"uv":[0.64063,6.75,0.5,6.90625],"tintindex":0,"rotation":90,"texture":"#0"},"down":{"uv":[0.89063,6.90625,0.75,6.75],"tintindex":0,"rotation":270,"texture":"#0"}},"rotation":{"origin":[8.0,4.3328753,9.321563],"angle":22.5,"axis":"z"}},{"from":[8.073368,6.4256,9.039688],"to":[8.830869,7.03185,9.478437],"faces":{"east":{"uv":[7.0,5.375,7.14063,5.5],"tintindex":0,"rotation":0,"texture":"#0"},"south":{"uv":[7.0,1.875,7.15625,2.0],"tintindex":0,"rotation":0,"texture":"#0"},"north":{"uv":[7.15625,1.875,7.0,2.0],"tintindex":0,"rotation":0,"texture":"#0"},"west":{"uv":[7.0,5.5,7.14063,5.625],"tintindex":0,"rotation":0,"texture":"#0"},"up":{"uv":[6.76563,6.65625,6.625,6.5],"tintindex":0,"rotation":90,"texture":"#0"},"down":{"uv":[0.14063,6.75,0.0,6.90625],"tintindex":0,"rotation":270,"texture":"#0"}},"rotation":{"origin":[8.0,4.3328753,9.321563],"angle":-45.0,"axis":"z"}},{"from":[6.8364124,2.1784563,8.671562],"to":[8.523912,3.0534563,9.909062],"faces":{"east":{"uv":[5.625,1.54688,5.875,1.375],"tintindex":0,"rotation":0,"texture":"#0"},"south":{"uv":[2.67188,5.34375,2.5,5.0],"tintindex":0,"rotation":90,"texture":"#0"},"north":{"uv":[2.92188,5.34375,2.75,5.0],"tintindex":0,"rotation":270,"texture":"#0"},"west":{"uv":[5.625,1.125,5.875,1.29688],"tintindex":0,"rotation":180,"texture":"#0"},"up":{"uv":[4.875,2.59375,4.625,2.25],"tintindex":0,"rotation":90,"texture":"#0"},"down":{"uv":[2.75,4.96875,2.5,4.625],"tintindex":0,"rotation":90,"texture":"#0"}},"rotation":{"origin":[8.0,4.3328753,9.321563],"angle":-22.5,"axis":"z"}},{"from":[14.509138,12.7817,9.112812],"to":[15.71465,13.550044,9.461563],"faces":{"east":{"uv":[6.625,3.5,6.78125,3.64063],"tintindex":0,"rotation":0,"texture":"#0"},"south":{"uv":[6.5,5.625,6.67188,5.76563],"tintindex":0,"rotation":0,"texture":"#0"},"north":{"uv":[6.67188,5.625,6.5,5.76563],"tintindex":0,"rotation":0,"texture":"#0"},"west":{"uv":[3.75,6.625,3.90625,6.76563],"tintindex":0,"rotation":0,"texture":"#0"},"up":{"uv":[6.53125,2.42188,6.375,2.25],"tintindex":0,"rotation":90,"texture":"#0"},"down":{"uv":[2.65625,6.375,2.5,6.54688],"tintindex":0,"rotation":270,"texture":"#0"}},"rotation":{"origin":[8.0,4.3328753,9.321563],"angle":22.5,"axis":"z"}},{"from":[5.6975,-6.274,9.409062],"to":[8.3025,-3.8452501,9.409062],"faces":{"south":{"uv":[3.0,3.10938,3.51563,2.625],"tintindex":0,"rotation":0,"texture":"#0"},"north":{"uv":[3.51563,3.10938,3.0,2.625],"tintindex":0,"rotation":0,"texture":"#0"}},"rotation":{"origin":[7.0,-5.0596247,9.409062],"angle":22.5,"axis":"z"}},{"from":[8.881638,3.5798688,9.530969],"to":[9.689106,3.9139938,10.1840315],"faces":{"east":{"uv":[0.5,7.25,0.65625,7.32813],"tintindex":0,"rotation":0,"texture":"#0"},"south":{"uv":[2.0,7.125,2.20313,7.20313],"tintindex":0,"rotation":0,"texture":"#0"},"north":{"uv":[7.125,2.0,7.32813,2.07813],"tintindex":0,"rotation":0,"texture":"#0"},"west":{"uv":[0.75,7.25,0.90625,7.32813],"tintindex":0,"rotation":0,"texture":"#0"},"up":{"uv":[2.03125,6.32813,1.875,6.125],"tintindex":0,"rotation":90,"texture":"#0"},"down":{"uv":[6.28125,2.0,6.125,2.20313],"tintindex":0,"rotation":270,"texture":"#0"}},"rotation":{"origin":[8.0,4.3357687,9.25],"angle":-22.5,"axis":"z"}},{"from":[7.4604,14.9123125,9.034062],"to":[8.062963,15.837938,9.493438],"faces":{"east":{"uv":[4.125,6.125,4.28125,6.3125],"tintindex":0,"rotation":0,"texture":"#0"},"south":{"uv":[0.625,4.875,0.75,5.0625],"tintindex":0,"rotation":0,"texture":"#0"},"north":{"uv":[0.75,4.875,0.625,5.0625],"tintindex":0,"rotation":0,"texture":"#0"},"west":{"uv":[6.125,4.125,6.28125,4.3125],"tintindex":0,"rotation":0,"texture":"#0"},"up":{"uv":[1.65625,7.125,1.5,7.0],"tintindex":0,"rotation":90,"texture":"#0"},"down":{"uv":[7.15625,1.5,7.0,1.625],"tintindex":0,"rotation":270,"texture":"#0"}},"rotation":{"origin":[8.0,4.3328753,9.321563],"angle":-22.5,"axis":"z"}},{"from":[6.7236814,1.0877814,8.655937],"to":[8.411181,1.9002814,9.924687],"faces":{"east":{"uv":[5.875,5.28125,5.625,5.125],"tintindex":0,"rotation":180,"texture":"#0"},"south":{"uv":[5.125,3.5,5.28125,3.84375],"tintindex":0,"rotation":90,"texture":"#0"},"north":{"uv":[5.125,3.84375,5.28125,3.5],"tintindex":0,"rotation":90,"texture":"#0"},"west":{"uv":[0.875,5.75,0.625,5.90625],"tintindex":0,"rotation":0,"texture":"#0"},"up":{"uv":[4.125,4.5,4.375,4.84375],"tintindex":0,"rotation":90,"texture":"#0"},"down":{"uv":[3.875,4.5,4.125,4.84375],"tintindex":0,"rotation":90,"texture":"#0"}},"rotation":{"origin":[8.0,4.3328753,9.321563],"angle":45.0,"axis":"z"}},{"from":[8.647344,3.2997003,8.328625],"to":[9.399125,3.7452002,8.956375],"faces":{"east":{"uv":[7.28125,1.125,7.125,1.23438],"tintindex":0,"rotation":0,"texture":"#0"},"south":{"uv":[7.0625,4.75,6.875,4.85938],"tintindex":0,"rotation":0,"texture":"#0"},"north":{"uv":[4.6875,6.875,4.5,6.98438],"tintindex":0,"rotation":0,"texture":"#0"},"west":{"uv":[1.40625,7.125,1.25,7.23438],"tintindex":0,"rotation":0,"texture":"#0"},"up":{"uv":[4.625,6.3125,4.78125,6.125],"tintindex":0,"rotation":90,"texture":"#0"},"down":{"uv":[6.125,4.625,6.28125,4.8125],"tintindex":0,"rotation":270,"texture":"#0"}}},{"from":[8.517756,4.8206625,8.37925],"to":[9.186007,5.0991,8.90575],"faces":{"east":{"uv":[6.125,2.0,6.0,2.0625],"tintindex":0,"rotation":0,"texture":"#0"},"south":{"uv":[7.42188,2.875,7.25,2.9375],"tintindex":0,"rotation":0,"texture":"#0"},"north":{"uv":[7.42188,2.75,7.25,2.8125],"tintindex":0,"rotation":0,"texture":"#0"},"west":{"uv":[6.125,4.875,6.0,4.9375],"tintindex":0,"rotation":0,"texture":"#0"},"up":{"uv":[3.5,7.04688,3.625,6.875],"tintindex":0,"rotation":90,"texture":"#0"},"down":{"uv":[3.625,6.875,3.75,7.04688],"tintindex":0,"rotation":270,"texture":"#0"}},"rotation":{"origin":[8.0,4.3357687,9.25],"angle":-45.0,"axis":"z"}},{"from":[7.4802938,10.800606,9.040313],"to":[8.765924,11.329981,9.477813],"faces":{"east":{"uv":[3.26563,7.125,3.125,7.23438],"tintindex":0,"rotation":0,"texture":"#0"},"south":{"uv":[6.5,6.125,6.25,6.23438],"tintindex":0,"rotation":0,"texture":"#0"},"north":{"uv":[6.25,6.125,6.5,6.23438],"tintindex":0,"rotation":0,"texture":"#0"},"west":{"uv":[7.26563,3.0,7.125,3.10938],"tintindex":0,"rotation":0,"texture":"#0"},"up":{"uv":[3.14063,5.875,3.0,6.125],"tintindex":0,"rotation":90,"texture":"#0"},"down":{"uv":[6.01563,3.375,5.875,3.125],"tintindex":0,"rotation":270,"texture":"#0"}},"rotation":{"origin":[8.0,4.3328753,9.321563],"angle":22.5,"axis":"z"}},{"from":[9.370306,3.0964942,8.583019],"to":[9.787962,3.4027753,8.701987],"faces":{"east":{"uv":[7.40625,0.0,7.375,0.07813],"tintindex":0,"rotation":0,"texture":"#0"},"south":{"uv":[5.98438,1.5,5.875,1.57813],"tintindex":0,"rotation":0,"texture":"#0"},"north":{"uv":[5.85938,5.0,5.75,5.07813],"tintindex":0,"rotation":0,"texture":"#0"},"west":{"uv":[0.15625,7.375,0.125,7.45313],"tintindex":0,"rotation":0,"texture":"#0"},"up":{"uv":[7.0,7.35938,7.03125,7.25],"tintindex":0,"rotation":90,"texture":"#0"},"down":{"uv":[7.125,7.25,7.15625,7.35938],"tintindex":0,"rotation":270,"texture":"#0"}},"rotation":{"origin":[8.0,4.3357687,9.25],"angle":45.0,"axis":"z"}},{"from":[6.025625,1.9447503,8.212188],"to":[8.70875,4.37475,8.212188],"faces":{"south":{"uv":[6.0,6.0,0.0,12.0],"tintindex":0,"rotation":0,"texture":"#3"},"north":{"uv":[6.125,0.0,0.0,6.0],"tintindex":0,"rotation":0,"texture":"#3"}},"rotation":{"origin":[9.063126,0.8310003,7.1996875],"angle":22.5,"axis":"z"}},{"from":[6.667844,4.3071814,8.366594],"to":[7.336094,4.585619,8.9184065],"faces":{"east":{"uv":[7.25,5.125,7.39063,5.1875],"tintindex":0,"rotation":0,"texture":"#0"},"south":{"uv":[7.25,2.625,7.42188,2.6875],"tintindex":0,"rotation":0,"texture":"#0"},"north":{"uv":[7.25,2.5,7.42188,2.5625],"tintindex":0,"rotation":0,"texture":"#0"},"west":{"uv":[7.25,5.0,7.39063,5.0625],"tintindex":0,"rotation":0,"texture":"#0"},"up":{"uv":[6.625,0.25,6.76563,0.42188],"tintindex":0,"rotation":90,"texture":"#0"},"down":{"uv":[6.625,0.67188,6.76563,0.5],"tintindex":0,"rotation":270,"texture":"#0"}},"rotation":{"origin":[8.0,4.3357687,9.25],"angle":22.5,"axis":"z"}},{"from":[9.872256,10.598543,9.040375],"to":[11.157757,11.354669,9.47775],"faces":{"east":{"uv":[2.75,6.625,2.89063,6.78125],"tintindex":0,"rotation":0,"texture":"#0"},"south":{"uv":[2.75,5.625,3.0,5.78125],"tintindex":0,"rotation":0,"texture":"#0"},"north":{"uv":[3.0,5.625,2.75,5.78125],"tintindex":0,"rotation":0,"texture":"#0"},"west":{"uv":[3.0,6.625,3.14063,6.78125],"tintindex":0,"rotation":0,"texture":"#0"},"up":{"uv":[6.01563,1.5,5.875,1.25],"tintindex":0,"rotation":90,"texture":"#0"},"down":{"uv":[2.14063,5.875,2.0,6.125],"tintindex":0,"rotation":270,"texture":"#0"}}},{"from":[6.933375,3.2547317,9.556281],"to":[7.6573124,3.5888567,10.158718],"faces":{"east":{"uv":[1.40625,7.25,1.25,7.32813],"tintindex":0,"rotation":0,"texture":"#0"},"south":{"uv":[5.17188,7.125,5.0,7.20313],"tintindex":0,"rotation":0,"texture":"#0"},"north":{"uv":[5.54688,7.125,5.375,7.20313],"tintindex":0,"rotation":0,"texture":"#0"},"west":{"uv":[1.15625,7.25,1.0,7.32813],"tintindex":0,"rotation":0,"texture":"#0"},"up":{"uv":[3.15625,6.375,3.0,6.54688],"tintindex":0,"rotation":90,"texture":"#0"},"down":{"uv":[6.53125,3.29688,6.375,3.125],"tintindex":0,"rotation":270,"texture":"#0"}},"rotation":{"origin":[8.0,4.3357687,9.25],"angle":-22.5,"axis":"z"}},{"from":[3.3544688,13.996931,9.040313],"to":[4.035094,14.980057,9.477813],"faces":{"east":{"uv":[6.39063,5.625,6.25,5.82813],"tintindex":0,"rotation":0,"texture":"#0"},"south":{"uv":[6.39063,5.375,6.25,5.57813],"tintindex":0,"rotation":0,"texture":"#0"},"north":{"uv":[6.25,5.375,6.39063,5.57813],"tintindex":0,"rotation":0,"texture":"#0"},"west":{"uv":[6.39063,5.125,6.25,5.32813],"tintindex":0,"rotation":0,"texture":"#0"},"up":{"uv":[7.01563,6.5,6.875,6.64063],"tintindex":0,"rotation":90,"texture":"#0"},"down":{"uv":[7.01563,6.89063,6.875,6.75],"tintindex":0,"rotation":270,"texture":"#0"}}},{"from":[4.8422437,10.598543,9.040375],"to":[6.1277437,11.354669,9.47775],"faces":{"east":{"uv":[3.14063,6.625,3.0,6.78125],"tintindex":0,"rotation":0,"texture":"#0"},"south":{"uv":[3.0,5.625,2.75,5.78125],"tintindex":0,"rotation":0,"texture":"#0"},"north":{"uv":[2.75,5.625,3.0,5.78125],"tintindex":0,"rotation":0,"texture":"#0"},"west":{"uv":[2.89063,6.625,2.75,6.78125],"tintindex":0,"rotation":0,"texture":"#0"},"up":{"uv":[6.01563,1.25,5.875,1.5],"tintindex":0,"rotation":90,"texture":"#0"},"down":{"uv":[2.14063,6.125,2.0,5.875],"tintindex":0,"rotation":270,"texture":"#0"}}},{"from":[7.6975,-1.3302498,9.409062],"to":[10.3025,1.0985003,9.409062],"faces":{"south":{"uv":[3.51563,2.625,3.0,3.10938],"tintindex":0,"rotation":0,"texture":"#0"},"north":{"uv":[3.0,2.625,3.51563,3.10938],"tintindex":0,"rotation":0,"texture":"#0"}},"rotation":{"origin":[9.0,-0.115875244,9.409062],"angle":22.5,"axis":"z"}},{"from":[9.529776,2.094338,8.640312],"to":[10.404775,3.781838,9.940312],"faces":{"east":{"uv":[4.375,4.0,4.64063,4.34375],"tintindex":0,"rotation":0,"texture":"#0"},"south":{"uv":[5.0,0.875,5.17188,1.21875],"tintindex":0,"rotation":0,"texture":"#0"},"north":{"uv":[5.17188,0.875,5.0,1.21875],"tintindex":0,"rotation":0,"texture":"#0"},"west":{"uv":[4.375,4.375,4.64063,4.71875],"tintindex":0,"rotation":0,"texture":"#0"},"up":{"uv":[5.76563,0.17188,5.5,0.0],"tintindex":0,"rotation":90,"texture":"#0"},"down":{"uv":[5.76563,0.375,5.5,0.54688],"tintindex":0,"rotation":270,"texture":"#0"}},"rotation":{"origin":[8.0,4.3328753,9.321563],"angle":-22.5,"axis":"z"}},{"from":[0.28534985,12.7817,9.112812],"to":[1.4908624,13.550044,9.461563],"faces":{"east":{"uv":[3.90625,6.625,3.75,6.76563],"tintindex":0,"rotation":0,"texture":"#0"},"south":{"uv":[6.67188,5.625,6.5,5.76563],"tintindex":0,"rotation":0,"texture":"#0"},"north":{"uv":[6.5,5.625,6.67188,5.76563],"tintindex":0,"rotation":0,"texture":"#0"},"west":{"uv":[6.78125,3.5,6.625,3.64063],"tintindex":0,"rotation":0,"texture":"#0"},"up":{"uv":[6.53125,2.25,6.375,2.42188],"tintindex":0,"rotation":90,"texture":"#0"},"down":{"uv":[2.65625,6.54688,2.5,6.375],"tintindex":0,"rotation":270,"texture":"#0"}},"rotation":{"origin":[8.0,4.3328753,9.321563],"angle":-22.5,"axis":"z"}},{"from":[7.4475,-5.5865,8.617813],"to":[8.5525,-4.40775,9.825313],"faces":{"east":{"uv":[1.875,5.60938,2.09375,5.375],"tintindex":0,"rotation":0,"texture":"#0"},"south":{"uv":[1.875,5.60938,2.09375,5.375],"tintindex":0,"rotation":0,"texture":"#0"},"north":{"uv":[1.875,5.60938,2.09375,5.375],"tintindex":0,"rotation":0,"texture":"#0"},"west":{"uv":[1.875,5.60938,2.09375,5.375],"tintindex":0,"rotation":0,"texture":"#0"},"up":{"uv":[5.60938,2.34375,5.375,2.125],"tintindex":0,"rotation":90,"texture":"#0"},"down":{"uv":[2.35938,5.375,2.125,5.59375],"tintindex":0,"rotation":270,"texture":"#0"}}},{"from":[9.301087,4.596881,9.040375],"to":[10.057213,5.2017565,9.47775],"faces":{"east":{"uv":[5.875,7.0,6.01563,7.125],"tintindex":0,"rotation":0,"texture":"#0"},"south":{"uv":[7.0,4.125,7.15625,4.25],"tintindex":0,"rotation":0,"texture":"#0"},"north":{"uv":[7.15625,4.125,7.0,4.25],"tintindex":0,"rotation":0,"texture":"#0"},"west":{"uv":[7.0,5.875,7.14063,6.0],"tintindex":0,"rotation":0,"texture":"#0"},"up":{"uv":[1.39063,6.90625,1.25,6.75],"tintindex":0,"rotation":90,"texture":"#0"},"down":{"uv":[1.64063,6.75,1.5,6.90625],"tintindex":0,"rotation":270,"texture":"#0"}}},{"from":[5.75,1.34975,9.196563],"to":[10.25,12.5997505,9.196563],"faces":{"south":{"uv":[0.0,0.0,6.0,13.0],"tintindex":0,"rotation":0,"texture":"#1"},"north":{"uv":[6.0,0.0,0.0,13.0],"tintindex":0,"rotation":0,"texture":"#1"}}},{"from":[6.600875,3.2997003,9.543625],"to":[7.3526564,3.7452002,10.171375],"faces":{"east":{"uv":[1.40625,7.125,1.25,7.23438],"tintindex":0,"rotation":0,"texture":"#0"},"south":{"uv":[4.6875,6.875,4.5,6.98438],"tintindex":0,"rotation":0,"texture":"#0"},"north":{"uv":[7.0625,4.75,6.875,4.85938],"tintindex":0,"rotation":0,"texture":"#0"},"west":{"uv":[7.28125,1.125,7.125,1.23438],"tintindex":0,"rotation":0,"texture":"#0"},"up":{"uv":[4.78125,6.125,4.625,6.3125],"tintindex":0,"rotation":90,"texture":"#0"},"down":{"uv":[6.28125,4.8125,6.125,4.625],"tintindex":0,"rotation":270,"texture":"#0"}}},{"from":[7.4475,-0.7052498,8.617813],"to":[8.5525,0.47350025,9.825313],"faces":{"east":{"uv":[1.875,5.375,2.09375,5.60938],"tintindex":0,"rotation":0,"texture":"#0"},"south":{"uv":[1.875,5.375,2.09375,5.60938],"tintindex":0,"rotation":0,"texture":"#0"},"north":{"uv":[1.875,5.375,2.09375,5.60938],"tintindex":0,"rotation":0,"texture":"#0"},"west":{"uv":[1.875,5.375,2.09375,5.60938],"tintindex":0,"rotation":0,"texture":"#0"},"up":{"uv":[2.35938,5.59375,2.125,5.375],"tintindex":0,"rotation":90,"texture":"#0"},"down":{"uv":[5.60938,2.125,5.375,2.34375],"tintindex":0,"rotation":270,"texture":"#0"}}},{"from":[10.2003565,-0.8515873,8.718437],"to":[10.7003565,1.3359127,9.862187],"faces":{"east":{"uv":[1.0,4.0,1.23438,4.4375],"tintindex":0,"rotation":0,"texture":"#0"},"south":{"uv":[2.75,4.125,2.84375,4.5625],"tintindex":0,"rotation":0,"texture":"#0"},"north":{"uv":[2.84375,4.125,2.75,4.5625],"tintindex":0,"rotation":0,"texture":"#0"},"west":{"uv":[4.375,3.0,4.60938,3.4375],"tintindex":0,"rotation":0,"texture":"#0"},"up":{"uv":[6.73438,6.21875,6.5,6.125],"tintindex":0,"rotation":90,"texture":"#0"},"down":{"uv":[6.85938,4.5,6.625,4.59375],"tintindex":0,"rotation":270,"texture":"#0"}},"rotation":{"origin":[8.0,4.3328753,9.321563],"angle":22.5,"axis":"z"}},{"from":[6.025625,1.9447503,10.287812],"to":[8.70875,4.37475,10.287812],"faces":{"south":{"uv":[0.0,0.0,6.125,6.0],"tintindex":0,"rotation":0,"texture":"#3"},"north":{"uv":[0.0,6.0,6.0,12.0],"tintindex":0,"rotation":0,"texture":"#3"}},"rotation":{"origin":[9.063126,0.8310003,11.300312],"angle":22.5,"axis":"z"}},{"from":[5.6975,-1.3302498,9.409062],"to":[8.3025,1.0985003,9.409062],"faces":{"south":{"uv":[3.0,2.625,3.51563,3.10938],"tintindex":0,"rotation":0,"texture":"#0"},"north":{"uv":[3.51563,2.625,3.0,3.10938],"tintindex":0,"rotation":0,"texture":"#0"}},"rotation":{"origin":[7.0,-0.115875244,9.409062],"angle":-22.5,"axis":"z"}},{"from":[8.903362,3.5230565,9.606906],"to":[9.1818,4.149544,10.108093],"faces":{"east":{"uv":[7.0,2.25,7.125,2.40625],"tintindex":0,"rotation":0,"texture":"#0"},"south":{"uv":[7.25,4.0,7.3125,4.15625],"tintindex":0,"rotation":0,"texture":"#0"},"north":{"uv":[7.25,4.25,7.3125,4.40625],"tintindex":0,"rotation":0,"texture":"#0"},"west":{"uv":[7.0,2.75,7.125,2.90625],"tintindex":0,"rotation":0,"texture":"#0"},"up":{"uv":[1.375,6.1875,1.25,6.125],"tintindex":0,"rotation":90,"texture":"#0"},"down":{"uv":[6.25,5.125,6.125,5.1875],"tintindex":0,"rotation":270,"texture":"#0"}},"rotation":{"origin":[8.0,4.3357687,9.25],"angle":22.5,"axis":"z"}},{"from":[7.234075,10.800606,9.040313],"to":[8.519707,11.329981,9.477813],"faces":{"east":{"uv":[7.125,3.0,7.26563,3.10938],"tintindex":0,"rotation":0,"texture":"#0"},"south":{"uv":[6.25,6.125,6.5,6.23438],"tintindex":0,"rotation":0,"texture":"#0"},"north":{"uv":[6.5,6.125,6.25,6.23438],"tintindex":0,"rotation":0,"texture":"#0"},"west":{"uv":[3.125,7.125,3.26563,7.23438],"tintindex":0,"rotation":0,"texture":"#0"},"up":{"uv":[3.14063,6.125,3.0,5.875],"tintindex":0,"rotation":90,"texture":"#0"},"down":{"uv":[6.01563,3.125,5.875,3.375],"tintindex":0,"rotation":270,"texture":"#0"}},"rotation":{"origin":[8.0,4.3328753,9.321563],"angle":-22.5,"axis":"z"}},{"from":[6.933375,3.2547317,8.341282],"to":[7.6573124,3.5888567,8.943719],"faces":{"east":{"uv":[1.25,7.25,1.40625,7.32813],"tintindex":0,"rotation":0,"texture":"#0"},"south":{"uv":[5.375,7.125,5.54688,7.20313],"tintindex":0,"rotation":0,"texture":"#0"},"north":{"uv":[5.0,7.125,5.17188,7.20313],"tintindex":0,"rotation":0,"texture":"#0"},"west":{"uv":[1.0,7.25,1.15625,7.32813],"tintindex":0,"rotation":0,"texture":"#0"},"up":{"uv":[3.0,6.375,3.15625,6.54688],"tintindex":0,"rotation":90,"texture":"#0"},"down":{"uv":[6.375,3.29688,6.53125,3.125],"tintindex":0,"rotation":270,"texture":"#0"}},"rotation":{"origin":[8.0,4.3357687,9.25],"angle":-22.5,"axis":"z"}},{"from":[2.1044688,13.371931,9.259063],"to":[4.035094,15.605057,9.259063],"faces":{"south":{"uv":[0.89063,4.0,0.5,4.45313],"tintindex":0,"rotation":0,"texture":"#0"},"north":{"uv":[0.5,4.0,0.89063,4.45313],"tintindex":0,"rotation":0,"texture":"#0"}}},{"from":[8.508412,-3.427412,9.290313],"to":[11.508412,1.2600875,9.290313],"faces":{"south":{"uv":[0.0,3.0,0.59375,3.9375],"tintindex":0,"rotation":0,"texture":"#0"},"north":{"uv":[0.59375,3.0,0.0,3.9375],"tintindex":0,"rotation":0,"texture":"#0"}},"rotation":{"origin":[8.0,4.3328753,9.321563],"angle":22.5,"axis":"z"}},{"from":[6.4192314,4.0312567,8.405831],"to":[6.8368874,4.615975,8.879175],"faces":{"east":{"uv":[7.125,2.5,7.23438,2.64063],"tintindex":0,"rotation":0,"texture":"#0"},"south":{"uv":[2.625,7.125,2.73438,7.26563],"tintindex":0,"rotation":0,"texture":"#0"},"north":{"uv":[2.5,7.125,2.60938,7.26563],"tintindex":0,"rotation":0,"texture":"#0"},"west":{"uv":[7.125,2.25,7.23438,2.39063],"tintindex":0,"rotation":0,"texture":"#0"},"up":{"uv":[4.625,3.875,4.73438,3.98438],"tintindex":0,"rotation":90,"texture":"#0"},"down":{"uv":[4.75,1.85938,4.85938,1.75],"tintindex":0,"rotation":270,"texture":"#0"}}},{"from":[12.100444,12.482781,9.040313],"to":[13.159193,13.617157,9.477813],"faces":{"east":{"uv":[1.76563,6.0,1.625,6.23438],"tintindex":0,"rotation":0,"texture":"#0"},"south":{"uv":[0.21875,5.25,0.0,5.48438],"tintindex":0,"rotation":0,"texture":"#0"},"north":{"uv":[0.0,5.25,0.21875,5.48438],"tintindex":0,"rotation":0,"texture":"#0"},"west":{"uv":[6.01563,4.625,5.875,4.85938],"tintindex":0,"rotation":0,"texture":"#0"},"up":{"uv":[2.51563,6.125,2.375,6.34375],"tintindex":0,"rotation":90,"texture":"#0"},"down":{"uv":[6.26563,2.71875,6.125,2.5],"tintindex":0,"rotation":270,"texture":"#0"}},"rotation":{"origin":[8.0,4.3328753,9.321563],"angle":45.0,"axis":"z"}},{"from":[8.342688,3.2547317,8.341282],"to":[9.066626,3.5888567,8.943719],"faces":{"east":{"uv":[1.15625,7.25,1.0,7.32813],"tintindex":0,"rotation":0,"texture":"#0"},"south":{"uv":[5.54688,7.125,5.375,7.20313],"tintindex":0,"rotation":0,"texture":"#0"},"north":{"uv":[5.17188,7.125,5.0,7.20313],"tintindex":0,"rotation":0,"texture":"#0"},"west":{"uv":[1.40625,7.25,1.25,7.32813],"tintindex":0,"rotation":0,"texture":"#0"},"up":{"uv":[3.0,6.54688,3.15625,6.375],"tintindex":0,"rotation":90,"texture":"#0"},"down":{"uv":[6.375,3.125,6.53125,3.29688],"tintindex":0,"rotation":270,"texture":"#0"}},"rotation":{"origin":[8.0,4.3357687,9.25],"angle":22.5,"axis":"z"}},{"from":[10.343887,5.297188,9.040375],"to":[11.100013,6.2045627,9.47775],"faces":{"east":{"uv":[4.0,6.375,4.14063,6.5625],"tintindex":0,"rotation":0,"texture":"#0"},"south":{"uv":[3.375,6.125,3.53125,6.3125],"tintindex":0,"rotation":0,"texture":"#0"},"north":{"uv":[3.53125,6.125,3.375,6.3125],"tintindex":0,"rotation":0,"texture":"#0"},"west":{"uv":[6.375,4.125,6.51563,4.3125],"tintindex":0,"rotation":0,"texture":"#0"},"up":{"uv":[2.64063,6.78125,2.5,6.625],"tintindex":0,"rotation":90,"texture":"#0"},"down":{"uv":[6.76563,2.5,6.625,2.65625],"tintindex":0,"rotation":270,"texture":"#0"}},"rotation":{"origin":[8.0,4.3328753,9.321563],"angle":22.5,"axis":"z"}},{"from":[8.342688,3.2547317,9.556281],"to":[9.066626,3.5888567,10.158718],"faces":{"east":{"uv":[1.0,7.25,1.15625,7.32813],"tintindex":0,"rotation":0,"texture":"#0"},"south":{"uv":[5.0,7.125,5.17188,7.20313],"tintindex":0,"rotation":0,"texture":"#0"},"north":{"uv":[5.375,7.125,5.54688,7.20313],"tintindex":0,"rotation":0,"texture":"#0"},"west":{"uv":[1.25,7.25,1.40625,7.32813],"tintindex":0,"rotation":0,"texture":"#0"},"up":{"uv":[3.15625,6.54688,3.0,6.375],"tintindex":0,"rotation":90,"texture":"#0"},"down":{"uv":[6.53125,3.125,6.375,3.29688],"tintindex":0,"rotation":270,"texture":"#0"}},"rotation":{"origin":[8.0,4.3357687,9.25],"angle":22.5,"axis":"z"}},{"from":[5.942787,4.596881,9.040375],"to":[6.6989126,5.2017565,9.47775],"faces":{"east":{"uv":[7.14063,5.875,7.0,6.0],"tintindex":0,"rotation":0,"texture":"#0"},"south":{"uv":[7.15625,4.125,7.0,4.25],"tintindex":0,"rotation":0,"texture":"#0"},"north":{"uv":[7.0,4.125,7.15625,4.25],"tintindex":0,"rotation":0,"texture":"#0"},"west":{"uv":[6.01563,7.0,5.875,7.125],"tintindex":0,"rotation":0,"texture":"#0"},"up":{"uv":[1.39063,6.75,1.25,6.90625],"tintindex":0,"rotation":90,"texture":"#0"},"down":{"uv":[1.64063,6.90625,1.5,6.75],"tintindex":0,"rotation":270,"texture":"#0"}}},{"from":[4.35775,1.3347063,9.259063],"to":[7.98775,16.082207,9.259063],"faces":{"east":{"uv":[0.39063,5.5,0.375,8.45313],"tintindex":0,"rotation":0,"texture":"#5"},"south":{"uv":[0.01563,0.0625,0.70313,3.01563],"tintindex":0,"rotation":0,"texture":"#5"},"north":{"uv":[0.70313,0.0625,0.01563,3.01563],"tintindex":0,"rotation":0,"texture":"#5"},"west":{"uv":[0.26563,5.5,0.25,8.45313],"tintindex":0,"rotation":0,"texture":"#5"},"up":{"uv":[5.26563,6.75,5.25,8.15625],"tintindex":0,"rotation":90,"texture":"#5"},"down":{"uv":[6.89063,4.65625,6.875,3.25],"tintindex":0,"rotation":270,"texture":"#5"}}},{"from":[6.2384377,3.5608816,9.732206],"to":[6.6560936,4.0342245,9.9828],"faces":{"east":{"uv":[6.6875,5.0,6.625,5.10938],"tintindex":0,"rotation":0,"texture":"#0"},"south":{"uv":[5.10938,1.25,5.0,1.35938],"tintindex":0,"rotation":0,"texture":"#0"},"north":{"uv":[3.10938,5.0,3.0,5.10938],"tintindex":0,"rotation":0,"texture":"#0"},"west":{"uv":[6.5625,3.0,6.5,3.10938],"tintindex":0,"rotation":0,"texture":"#0"},"up":{"uv":[5.1875,7.25,5.125,7.35938],"tintindex":0,"rotation":90,"texture":"#0"},"down":{"uv":[5.6875,7.35938,5.625,7.25],"tintindex":0,"rotation":270,"texture":"#0"}},"rotation":{"origin":[8.0,4.3357687,9.25],"angle":-22.5,"axis":"z"}},{"from":[6.8139935,4.8206625,9.59425],"to":[7.4822435,5.0991,10.12075],"faces":{"east":{"uv":[6.125,4.875,6.0,4.9375],"tintindex":0,"rotation":0,"texture":"#0"},"south":{"uv":[7.42188,2.75,7.25,2.8125],"tintindex":0,"rotation":0,"texture":"#0"},"north":{"uv":[7.42188,2.875,7.25,2.9375],"tintindex":0,"rotation":0,"texture":"#0"},"west":{"uv":[6.125,2.0,6.0,2.0625],"tintindex":0,"rotation":0,"texture":"#0"},"up":{"uv":[3.625,6.875,3.5,7.04688],"tintindex":0,"rotation":90,"texture":"#0"},"down":{"uv":[3.75,7.04688,3.625,6.875],"tintindex":0,"rotation":270,"texture":"#0"}},"rotation":{"origin":[8.0,4.3357687,9.25],"angle":45.0,"axis":"z"}},{"from":[5.7946253,6.959081,9.040313],"to":[6.5508747,9.832831,9.477813],"faces":{"east":{"uv":[4.89063,3.875,4.75,4.45313],"tintindex":0,"rotation":0,"texture":"#0"},"south":{"uv":[0.90625,4.5,0.75,5.07813],"tintindex":0,"rotation":0,"texture":"#0"},"north":{"uv":[0.75,4.5,0.90625,5.07813],"tintindex":0,"rotation":0,"texture":"#0"},"west":{"uv":[4.89063,0.75,4.75,1.32813],"tintindex":0,"rotation":0,"texture":"#0"},"up":{"uv":[7.01563,2.0,6.875,2.15625],"tintindex":0,"rotation":90,"texture":"#0"},"down":{"uv":[2.39063,7.03125,2.25,6.875],"tintindex":0,"rotation":270,"texture":"#0"}}},{"from":[7.1646876,1.0588126,8.29825],"to":[8.835312,1.5043125,10.20175],"faces":{"east":{"uv":[5.25,0.25,5.71875,0.35938],"tintindex":0,"rotation":0,"texture":"#0"},"south":{"uv":[5.375,4.25,5.78125,4.35938],"tintindex":0,"rotation":0,"texture":"#0"},"north":{"uv":[5.5,4.875,5.90625,4.98438],"tintindex":0,"rotation":0,"texture":"#0"},"west":{"uv":[5.25,5.0,5.71875,5.10938],"tintindex":0,"rotation":0,"texture":"#0"},"up":{"uv":[3.59375,4.03125,3.125,3.625],"tintindex":0,"rotation":90,"texture":"#0"},"down":{"uv":[4.34375,3.0,3.875,3.40625],"tintindex":0,"rotation":270,"texture":"#0"}}},{"from":[9.449125,6.959081,9.040313],"to":[10.205375,9.832831,9.477813],"faces":{"east":{"uv":[4.75,0.75,4.89063,1.32813],"tintindex":0,"rotation":0,"texture":"#0"},"south":{"uv":[0.75,4.5,0.90625,5.07813],"tintindex":0,"rotation":0,"texture":"#0"},"north":{"uv":[0.90625,4.5,0.75,5.07813],"tintindex":0,"rotation":0,"texture":"#0"},"west":{"uv":[4.75,3.875,4.89063,4.45313],"tintindex":0,"rotation":0,"texture":"#0"},"up":{"uv":[7.01563,2.15625,6.875,2.0],"tintindex":0,"rotation":90,"texture":"#0"},"down":{"uv":[2.39063,6.875,2.25,7.03125],"tintindex":0,"rotation":270,"texture":"#0"}}},{"from":[4.4915876,-3.427412,9.290313],"to":[7.4915876,1.2600875,9.290313],"faces":{"south":{"uv":[0.59375,3.0,0.0,3.9375],"tintindex":0,"rotation":0,"texture":"#0"},"north":{"uv":[0.0,3.0,0.59375,3.9375],"tintindex":0,"rotation":0,"texture":"#0"}},"rotation":{"origin":[8.0,4.3328753,9.321563],"angle":-22.5,"axis":"z"}},{"from":[6.2120376,3.0964942,8.583019],"to":[6.629694,3.4027753,8.701987],"faces":{"east":{"uv":[0.125,7.375,0.15625,7.45313],"tintindex":0,"rotation":0,"texture":"#0"},"south":{"uv":[5.875,1.5,5.98438,1.57813],"tintindex":0,"rotation":0,"texture":"#0"},"north":{"uv":[5.75,5.0,5.85938,5.07813],"tintindex":0,"rotation":0,"texture":"#0"},"west":{"uv":[7.375,0.0,7.40625,0.07813],"tintindex":0,"rotation":0,"texture":"#0"},"up":{"uv":[7.0,7.25,7.03125,7.35938],"tintindex":0,"rotation":90,"texture":"#0"},"down":{"uv":[7.125,7.35938,7.15625,7.25],"tintindex":0,"rotation":270,"texture":"#0"}},"rotation":{"origin":[8.0,4.3357687,9.25],"angle":-45.0,"axis":"z"}},{"from":[6.0945125,3.5041752,8.2552185],"to":[7.013356,4.0053625,10.2447815],"faces":{"east":{"uv":[5.0,0.625,5.48438,0.75],"tintindex":0,"rotation":0,"texture":"#0"},"south":{"uv":[6.125,2.75,6.35938,2.875],"tintindex":0,"rotation":0,"texture":"#0"},"north":{"uv":[6.125,2.75,6.35938,2.875],"tintindex":0,"rotation":0,"texture":"#0"},"west":{"uv":[5.0,0.75,5.48438,0.875],"tintindex":0,"rotation":0,"texture":"#0"},"up":{"uv":[4.73438,1.60938,4.25,1.375],"tintindex":0,"rotation":90,"texture":"#0"},"down":{"uv":[4.73438,1.625,4.25,1.85938],"tintindex":0,"rotation":270,"texture":"#0"}},"rotation":{"origin":[8.0,4.3357687,9.25],"angle":45.0,"axis":"z"}},{"from":[6.6975,-10.275251,9.221562],"to":[9.3025,-6.6202497,9.221562],"faces":{"south":{"uv":[1.25,3.0,1.76563,3.60938],"tintindex":0,"rotation":0,"texture":"#0"},"north":{"uv":[1.25,3.0,1.76563,3.60938],"tintindex":0,"rotation":0,"texture":"#0"}}},{"from":[7.526656,2.7408314,8.242562],"to":[8.473344,3.4090815,10.257438],"faces":{"east":{"uv":[4.625,2.625,5.125,2.79688],"tintindex":0,"rotation":0,"texture":"#0"},"south":{"uv":[2.5,5.625,2.73438,5.79688],"tintindex":0,"rotation":0,"texture":"#0"},"north":{"uv":[5.625,2.625,5.85938,2.79688],"tintindex":0,"rotation":0,"texture":"#0"},"west":{"uv":[4.625,2.875,5.125,3.04688],"tintindex":0,"rotation":0,"texture":"#0"},"up":{"uv":[4.75,0.60938,4.25,0.375],"tintindex":0,"rotation":90,"texture":"#0"},"down":{"uv":[4.75,0.625,4.25,0.85938],"tintindex":0,"rotation":270,"texture":"#0"}}},{"from":[9.163113,4.0312567,9.6208315],"to":[9.580763,4.615975,10.094175],"faces":{"east":{"uv":[7.125,2.25,7.23438,2.39063],"tintindex":0,"rotation":0,"texture":"#0"},"south":{"uv":[2.5,7.125,2.60938,7.26563],"tintindex":0,"rotation":0,"texture":"#0"},"north":{"uv":[2.625,7.125,2.73438,7.26563],"tintindex":0,"rotation":0,"texture":"#0"},"west":{"uv":[7.125,2.5,7.23438,2.64063],"tintindex":0,"rotation":0,"texture":"#0"},"up":{"uv":[4.73438,3.98438,4.625,3.875],"tintindex":0,"rotation":90,"texture":"#0"},"down":{"uv":[4.85938,1.75,4.75,1.85938],"tintindex":0,"rotation":270,"texture":"#0"}}},{"from":[6.6736374,3.7768564,8.353937],"to":[7.397575,4.055294,8.931063],"faces":{"east":{"uv":[4.875,7.25,5.01563,7.3125],"tintindex":0,"rotation":0,"texture":"#0"},"south":{"uv":[7.25,2.375,7.42188,2.4375],"tintindex":0,"rotation":0,"texture":"#0"},"north":{"uv":[7.25,2.25,7.42188,2.3125],"tintindex":0,"rotation":0,"texture":"#0"},"west":{"uv":[4.625,7.25,4.76563,7.3125],"tintindex":0,"rotation":0,"texture":"#0"},"up":{"uv":[6.375,6.5,6.51563,6.67188],"tintindex":0,"rotation":90,"texture":"#0"},"down":{"uv":[6.625,0.17188,6.76563,0.0],"tintindex":0,"rotation":270,"texture":"#0"}}},{"from":[8.869456,5.6335564,9.040313],"to":[9.625706,6.2385564,9.477813],"faces":{"east":{"uv":[7.0,5.625,7.14063,5.75],"tintindex":0,"rotation":0,"texture":"#0"},"south":{"uv":[7.0,3.875,7.15625,4.0],"tintindex":0,"rotation":0,"texture":"#0"},"north":{"uv":[7.15625,3.875,7.0,4.0],"tintindex":0,"rotation":0,"texture":"#0"},"west":{"uv":[7.0,5.75,7.14063,5.875],"tintindex":0,"rotation":0,"texture":"#0"},"up":{"uv":[0.64063,6.90625,0.5,6.75],"tintindex":0,"rotation":90,"texture":"#0"},"down":{"uv":[0.89063,6.75,0.75,6.90625],"tintindex":0,"rotation":270,"texture":"#0"}},"rotation":{"origin":[8.0,4.3328753,9.321563],"angle":-22.5,"axis":"z"}},{"from":[6.8182,3.5230565,8.391907],"to":[7.0966377,4.149544,8.893093],"faces":{"east":{"uv":[7.0,2.75,7.125,2.90625],"tintindex":0,"rotation":0,"texture":"#0"},"south":{"uv":[7.25,4.25,7.3125,4.40625],"tintindex":0,"rotation":0,"texture":"#0"},"north":{"uv":[7.25,4.0,7.3125,4.15625],"tintindex":0,"rotation":0,"texture":"#0"},"west":{"uv":[7.0,2.25,7.125,2.40625],"tintindex":0,"rotation":0,"texture":"#0"},"up":{"uv":[1.25,6.125,1.375,6.1875],"tintindex":0,"rotation":90,"texture":"#0"},"down":{"uv":[6.125,5.1875,6.25,5.125],"tintindex":0,"rotation":270,"texture":"#0"}},"rotation":{"origin":[8.0,4.3357687,9.25],"angle":-22.5,"axis":"z"}},{"from":[6.2384377,3.5608816,8.517206],"to":[6.6560936,4.0342245,8.767799],"faces":{"east":{"uv":[6.625,5.0,6.6875,5.10938],"tintindex":0,"rotation":0,"texture":"#0"},"south":{"uv":[3.0,5.0,3.10938,5.10938],"tintindex":0,"rotation":0,"texture":"#0"},"north":{"uv":[5.0,1.25,5.10938,1.35938],"tintindex":0,"rotation":0,"texture":"#0"},"west":{"uv":[6.5,3.0,6.5625,3.10938],"tintindex":0,"rotation":0,"texture":"#0"},"up":{"uv":[5.125,7.25,5.1875,7.35938],"tintindex":0,"rotation":90,"texture":"#0"},"down":{"uv":[5.625,7.35938,5.6875,7.25],"tintindex":0,"rotation":270,"texture":"#0"}},"rotation":{"origin":[8.0,4.3357687,9.25],"angle":-22.5,"axis":"z"}},{"from":[5.504906,5.653819,9.040313],"to":[6.261156,6.4100685,9.477813],"faces":{"east":{"uv":[5.51563,6.625,5.375,6.78125],"tintindex":0,"rotation":0,"texture":"#0"},"south":{"uv":[0.65625,6.5,0.5,6.65625],"tintindex":0,"rotation":0,"texture":"#0"},"north":{"uv":[0.5,6.5,0.65625,6.65625],"tintindex":0,"rotation":0,"texture":"#0"},"west":{"uv":[6.76563,4.75,6.625,4.90625],"tintindex":0,"rotation":0,"texture":"#0"},"up":{"uv":[5.76563,6.625,5.625,6.78125],"tintindex":0,"rotation":90,"texture":"#0"},"down":{"uv":[6.76563,6.40625,6.625,6.25],"tintindex":0,"rotation":270,"texture":"#0"}}},{"from":[14.080887,13.829163,9.112187],"to":[15.828156,14.796713,9.462188],"faces":{"east":{"uv":[6.53125,4.625,6.375,4.78125],"tintindex":0,"rotation":0,"texture":"#0"},"south":{"uv":[0.57813,5.25,0.25,5.40625],"tintindex":0,"rotation":0,"texture":"#0"},"north":{"uv":[0.25,5.25,0.57813,5.40625],"tintindex":0,"rotation":0,"texture":"#0"},"west":{"uv":[4.65625,6.375,4.5,6.53125],"tintindex":0,"rotation":0,"texture":"#0"},"up":{"uv":[3.65625,5.25,3.5,5.57813],"tintindex":0,"rotation":90,"texture":"#0"},"down":{"uv":[3.90625,5.57813,3.75,5.25],"tintindex":0,"rotation":270,"texture":"#0"}},"rotation":{"origin":[8.0,4.3328753,9.321563],"angle":45.0,"axis":"z"}},{"from":[8.881638,3.5798688,8.3159685],"to":[9.689106,3.9139938,8.969031],"faces":{"east":{"uv":[0.65625,7.25,0.5,7.32813],"tintindex":0,"rotation":0,"texture":"#0"},"south":{"uv":[7.32813,2.0,7.125,2.07813],"tintindex":0,"rotation":0,"texture":"#0"},"north":{"uv":[2.20313,7.125,2.0,7.20313],"tintindex":0,"rotation":0,"texture":"#0"},"west":{"uv":[0.90625,7.25,0.75,7.32813],"tintindex":0,"rotation":0,"texture":"#0"},"up":{"uv":[1.875,6.32813,2.03125,6.125],"tintindex":0,"rotation":90,"texture":"#0"},"down":{"uv":[6.125,2.0,6.28125,2.20313],"tintindex":0,"rotation":270,"texture":"#0"}},"rotation":{"origin":[8.0,4.3357687,9.25],"angle":-22.5,"axis":"z"}},{"from":[5.979469,15.996931,9.259063],"to":[8.160093,18.792557,9.259063],"faces":{"south":{"uv":[2.14063,4.125,1.75,4.57813],"tintindex":0,"rotation":0,"texture":"#0"},"north":{"uv":[1.75,4.125,2.14063,4.57813],"tintindex":0,"rotation":0,"texture":"#0"}}},{"from":[8.2120495,-0.86938095,8.734062],"to":[8.3995495,-0.05688095,9.846562],"faces":{"east":{"uv":[6.09375,4.125,5.875,4.28125],"tintindex":0,"rotation":180,"texture":"#0"},"south":{"uv":[6.65625,7.25,6.5,7.28125],"tintindex":0,"rotation":90,"texture":"#0"},"north":{"uv":[6.90625,7.25,6.75,7.28125],"tintindex":0,"rotation":270,"texture":"#0"},"west":{"uv":[6.09375,4.53125,5.875,4.375],"tintindex":0,"rotation":0,"texture":"#0"},"up":{"uv":[7.46875,5.625,7.25,5.65625],"tintindex":0,"rotation":90,"texture":"#0"},"down":{"uv":[5.96875,7.25,5.75,7.28125],"tintindex":0,"rotation":90,"texture":"#0"}},"rotation":{"origin":[8.0,4.3328753,9.321563],"angle":45.0,"axis":"z"}},{"from":[8.602425,3.7768564,9.568937],"to":[9.326363,4.055294,10.146063],"faces":{"east":{"uv":[4.625,7.25,4.76563,7.3125],"tintindex":0,"rotation":0,"texture":"#0"},"south":{"uv":[7.25,2.25,7.42188,2.3125],"tintindex":0,"rotation":0,"texture":"#0"},"north":{"uv":[7.25,2.375,7.42188,2.4375],"tintindex":0,"rotation":0,"texture":"#0"},"west":{"uv":[4.875,7.25,5.01563,7.3125],"tintindex":0,"rotation":0,"texture":"#0"},"up":{"uv":[6.51563,6.67188,6.375,6.5],"tintindex":0,"rotation":90,"texture":"#0"},"down":{"uv":[6.76563,0.0,6.625,0.17188],"tintindex":0,"rotation":270,"texture":"#0"}}},{"from":[7.839906,15.996931,9.259063],"to":[10.020531,18.792557,9.259063],"faces":{"south":{"uv":[1.75,4.125,2.14063,4.57813],"tintindex":0,"rotation":0,"texture":"#0"},"north":{"uv":[2.14063,4.125,1.75,4.57813],"tintindex":0,"rotation":0,"texture":"#0"}}},{"from":[8.511757,5.217906,9.04025],"to":[9.268131,5.9742813,9.477875],"faces":{"east":{"uv":[6.75,1.5,6.89063,1.65625],"tintindex":0,"rotation":0,"texture":"#0"},"south":{"uv":[1.25,6.5,1.40625,6.65625],"tintindex":0,"rotation":0,"texture":"#0"},"north":{"uv":[1.40625,6.5,1.25,6.65625],"tintindex":0,"rotation":0,"texture":"#0"},"west":{"uv":[6.125,7.0,6.26563,7.125],"tintindex":0,"rotation":0,"texture":"#0"},"up":{"uv":[6.89063,2.40625,6.75,2.25],"tintindex":0,"rotation":90,"texture":"#0"},"down":{"uv":[6.89063,2.75,6.75,2.90625],"tintindex":0,"rotation":270,"texture":"#0"}},"rotation":{"origin":[8.0,4.3328753,9.321563],"angle":-45.0,"axis":"z"}},{"from":[9.343906,3.5608816,9.732206],"to":[9.761562,4.0342245,9.9828],"faces":{"east":{"uv":[6.5,3.0,6.5625,3.10938],"tintindex":0,"rotation":0,"texture":"#0"},"south":{"uv":[5.0,1.25,5.10938,1.35938],"tintindex":0,"rotation":0,"texture":"#0"},"north":{"uv":[3.0,5.0,3.10938,5.10938],"tintindex":0,"rotation":0,"texture":"#0"},"west":{"uv":[6.625,5.0,6.6875,5.10938],"tintindex":0,"rotation":0,"texture":"#0"},"up":{"uv":[5.1875,7.35938,5.125,7.25],"tintindex":0,"rotation":90,"texture":"#0"},"down":{"uv":[5.6875,7.25,5.625,7.35938],"tintindex":0,"rotation":270,"texture":"#0"}},"rotation":{"origin":[8.0,4.3357687,9.25],"angle":22.5,"axis":"z"}},{"from":[7.1691313,6.4256,9.039688],"to":[7.926631,7.03185,9.478437],"faces":{"east":{"uv":[7.14063,5.5,7.0,5.625],"tintindex":0,"rotation":0,"texture":"#0"},"south":{"uv":[7.15625,1.875,7.0,2.0],"tintindex":0,"rotation":0,"texture":"#0"},"north":{"uv":[7.0,1.875,7.15625,2.0],"tintindex":0,"rotation":0,"texture":"#0"},"west":{"uv":[7.14063,5.375,7.0,5.5],"tintindex":0,"rotation":0,"texture":"#0"},"up":{"uv":[6.76563,6.5,6.625,6.65625],"tintindex":0,"rotation":90,"texture":"#0"},"down":{"uv":[0.14063,6.90625,0.0,6.75],"tintindex":0,"rotation":270,"texture":"#0"}},"rotation":{"origin":[8.0,4.3328753,9.321563],"angle":45.0,"axis":"z"}},{"from":[9.738844,5.653819,9.040313],"to":[10.495094,6.4100685,9.477813],"faces":{"east":{"uv":[6.625,4.75,6.76563,4.90625],"tintindex":0,"rotation":0,"texture":"#0"},"south":{"uv":[0.5,6.5,0.65625,6.65625],"tintindex":0,"rotation":0,"texture":"#0"},"north":{"uv":[0.65625,6.5,0.5,6.65625],"tintindex":0,"rotation":0,"texture":"#0"},"west":{"uv":[5.375,6.625,5.51563,6.78125],"tintindex":0,"rotation":0,"texture":"#0"},"up":{"uv":[5.76563,6.78125,5.625,6.625],"tintindex":0,"rotation":90,"texture":"#0"},"down":{"uv":[6.76563,6.25,6.625,6.40625],"tintindex":0,"rotation":270,"texture":"#0"}}},{"from":[6.8139935,4.8206625,8.37925],"to":[7.4822435,5.0991,8.90575],"faces":{"east":{"uv":[6.0,4.875,6.125,4.9375],"tintindex":0,"rotation":0,"texture":"#0"},"south":{"uv":[7.25,2.875,7.42188,2.9375],"tintindex":0,"rotation":0,"texture":"#0"},"north":{"uv":[7.25,2.75,7.42188,2.8125],"tintindex":0,"rotation":0,"texture":"#0"},"west":{"uv":[6.0,2.0,6.125,2.0625],"tintindex":0,"rotation":0,"texture":"#0"},"up":{"uv":[3.5,6.875,3.625,7.04688],"tintindex":0,"rotation":90,"texture":"#0"},"down":{"uv":[3.625,7.04688,3.75,6.875],"tintindex":0,"rotation":270,"texture":"#0"}},"rotation":{"origin":[8.0,4.3357687,9.25],"angle":45.0,"axis":"z"}},{"from":[9.343906,3.5608816,8.517206],"to":[9.761562,4.0342245,8.767799],"faces":{"east":{"uv":[6.5625,3.0,6.5,3.10938],"tintindex":0,"rotation":0,"texture":"#0"},"south":{"uv":[3.10938,5.0,3.0,5.10938],"tintindex":0,"rotation":0,"texture":"#0"},"north":{"uv":[5.10938,1.25,5.0,1.35938],"tintindex":0,"rotation":0,"texture":"#0"},"west":{"uv":[6.6875,5.0,6.625,5.10938],"tintindex":0,"rotation":0,"texture":"#0"},"up":{"uv":[5.125,7.35938,5.1875,7.25],"tintindex":0,"rotation":90,"texture":"#0"},"down":{"uv":[5.625,7.25,5.6875,7.35938],"tintindex":0,"rotation":270,"texture":"#0"}},"rotation":{"origin":[8.0,4.3357687,9.25],"angle":22.5,"axis":"z"}},{"from":[7.6975,-6.274,9.409062],"to":[10.3025,-3.8452501,9.409062],"faces":{"south":{"uv":[3.51563,3.10938,3.0,2.625],"tintindex":0,"rotation":0,"texture":"#0"},"north":{"uv":[3.0,3.10938,3.51563,2.625],"tintindex":0,"rotation":0,"texture":"#0"}},"rotation":{"origin":[9.0,-5.0596247,9.409062],"angle":-22.5,"axis":"z"}},{"from":[11.964907,13.371931,9.259063],"to":[13.895531,15.605057,9.259063],"faces":{"south":{"uv":[0.5,4.0,0.89063,4.45313],"tintindex":0,"rotation":0,"texture":"#0"},"north":{"uv":[0.89063,4.0,0.5,4.45313],"tintindex":0,"rotation":0,"texture":"#0"}}},{"from":[8.513325,12.702432,9.040375],"to":[9.647581,13.836681,9.47775],"faces":{"east":{"uv":[0.64063,6.0,0.5,6.23438],"tintindex":0,"rotation":0,"texture":"#0"},"south":{"uv":[5.23438,4.875,5.0,5.10938],"tintindex":0,"rotation":0,"texture":"#0"},"north":{"uv":[5.0,4.875,5.23438,5.10938],"tintindex":0,"rotation":0,"texture":"#0"},"west":{"uv":[6.01563,4.625,5.875,4.85938],"tintindex":0,"rotation":0,"texture":"#0"},"up":{"uv":[0.89063,6.0,0.75,6.23438],"tintindex":0,"rotation":90,"texture":"#0"},"down":{"uv":[1.51563,6.23438,1.375,6.0],"tintindex":0,"rotation":270,"texture":"#0"}},"rotation":{"origin":[8.0,4.3328753,9.321563],"angle":22.5,"axis":"z"}},{"from":[9.516644,15.43335,9.112249],"to":[10.015644,16.494411,9.462125],"faces":{"east":{"uv":[5.78125,6.375,5.625,6.53125],"tintindex":0,"rotation":0,"texture":"#0"},"south":{"uv":[7.21875,3.5,7.125,3.65625],"tintindex":0,"rotation":0,"texture":"#0"},"north":{"uv":[7.125,3.5,7.21875,3.65625],"tintindex":0,"rotation":0,"texture":"#0"},"west":{"uv":[5.53125,6.375,5.375,6.53125],"tintindex":0,"rotation":0,"texture":"#0"},"up":{"uv":[3.90625,7.125,3.75,7.21875],"tintindex":0,"rotation":90,"texture":"#0"},"down":{"uv":[4.15625,7.21875,4.0,7.125],"tintindex":0,"rotation":270,"texture":"#0"}},"rotation":{"origin":[8.0,4.3328753,9.321563],"angle":22.5,"axis":"z"}},{"from":[11.964907,13.996931,9.040313],"to":[12.645531,14.980057,9.477813],"faces":{"east":{"uv":[6.25,5.125,6.39063,5.32813],"tintindex":0,"rotation":0,"texture":"#0"},"south":{"uv":[6.25,5.375,6.39063,5.57813],"tintindex":0,"rotation":0,"texture":"#0"},"north":{"uv":[6.39063,5.375,6.25,5.57813],"tintindex":0,"rotation":0,"texture":"#0"},"west":{"uv":[6.25,5.625,6.39063,5.82813],"tintindex":0,"rotation":0,"texture":"#0"},"up":{"uv":[7.01563,6.64063,6.875,6.5],"tintindex":0,"rotation":90,"texture":"#0"},"down":{"uv":[7.01563,6.75,6.875,6.89063],"tintindex":0,"rotation":270,"texture":"#0"}}},{"from":[5.0447125,0.8248129,8.687187],"to":[5.8572125,2.324813,9.893437],"faces":{"east":{"uv":[5.10938,2.25,4.875,2.54688],"tintindex":0,"rotation":0,"texture":"#0"},"south":{"uv":[5.53125,3.875,5.375,4.17188],"tintindex":0,"rotation":0,"texture":"#0"},"north":{"uv":[5.375,3.875,5.53125,4.17188],"tintindex":0,"rotation":0,"texture":"#0"},"west":{"uv":[0.60938,4.875,0.375,5.17188],"tintindex":0,"rotation":0,"texture":"#0"},"up":{"uv":[6.10938,0.0,5.875,0.15625],"tintindex":0,"rotation":90,"texture":"#0"},"down":{"uv":[6.10938,0.40625,5.875,0.25],"tintindex":0,"rotation":270,"texture":"#0"}}},{"from":[14.603844,11.669787,9.040937],"to":[15.736975,12.651663,9.477188],"faces":{"east":{"uv":[1.25,6.25,1.39063,6.45313],"tintindex":0,"rotation":0,"texture":"#0"},"south":{"uv":[5.375,3.125,5.60938,3.32813],"tintindex":0,"rotation":0,"texture":"#0"},"north":{"uv":[5.60938,3.125,5.375,3.32813],"tintindex":0,"rotation":0,"texture":"#0"},"west":{"uv":[1.5,6.25,1.64063,6.45313],"tintindex":0,"rotation":0,"texture":"#0"},"up":{"uv":[6.14063,1.98438,6.0,1.75],"tintindex":0,"rotation":90,"texture":"#0"},"down":{"uv":[6.14063,2.875,6.0,3.10938],"tintindex":0,"rotation":270,"texture":"#0"}},"rotation":{"origin":[8.0,4.3328753,9.321563],"angle":22.5,"axis":"z"}},{"from":[7.94975,1.3347063,9.259063],"to":[11.57975,16.082207,9.259063],"faces":{"east":{"uv":[0.25,5.5,0.26563,8.45313],"tintindex":0,"rotation":0,"texture":"#5"},"south":{"uv":[0.70313,0.0625,0.01563,3.01563],"tintindex":0,"rotation":0,"texture":"#5"},"north":{"uv":[0.01563,0.0625,0.70313,3.01563],"tintindex":0,"rotation":0,"texture":"#5"},"west":{"uv":[0.375,5.5,0.39063,8.45313],"tintindex":0,"rotation":0,"texture":"#5"},"up":{"uv":[5.26563,8.15625,5.25,6.75],"tintindex":0,"rotation":90,"texture":"#5"},"down":{"uv":[6.89063,3.25,6.875,4.65625],"tintindex":0,"rotation":270,"texture":"#5"}}},{"from":[7.2825003,0.17350006,8.555313],"to":[8.7175,1.0447502,9.887813],"faces":{"east":{"uv":[2.875,5.375,3.15625,5.54688],"tintindex":0,"rotation":0,"texture":"#0"},"south":{"uv":[2.875,5.375,3.15625,5.54688],"tintindex":0,"rotation":0,"texture":"#0"},"north":{"uv":[2.875,5.375,3.15625,5.54688],"tintindex":0,"rotation":0,"texture":"#0"},"west":{"uv":[2.875,5.375,3.15625,5.54688],"tintindex":0,"rotation":0,"texture":"#0"},"up":{"uv":[5.01563,1.65625,4.75,1.375],"tintindex":0,"rotation":90,"texture":"#0"},"down":{"uv":[0.26563,4.875,0.0,5.15625],"tintindex":0,"rotation":270,"texture":"#0"}}},{"from":[6.310894,3.5798688,9.530969],"to":[7.1183624,3.9139938,10.1840315],"faces":{"east":{"uv":[0.90625,7.25,0.75,7.32813],"tintindex":0,"rotation":0,"texture":"#0"},"south":{"uv":[2.20313,7.125,2.0,7.20313],"tintindex":0,"rotation":0,"texture":"#0"},"north":{"uv":[7.32813,2.0,7.125,2.07813],"tintindex":0,"rotation":0,"texture":"#0"},"west":{"uv":[0.65625,7.25,0.5,7.32813],"tintindex":0,"rotation":0,"texture":"#0"},"up":{"uv":[2.03125,6.125,1.875,6.32813],"tintindex":0,"rotation":90,"texture":"#0"},"down":{"uv":[6.28125,2.20313,6.125,2.0],"tintindex":0,"rotation":270,"texture":"#0"}},"rotation":{"origin":[8.0,4.3357687,9.25],"angle":22.5,"axis":"z"}},{"from":[8.811512,4.349675,9.04025],"to":[9.567887,4.9547997,9.477875],"faces":{"east":{"uv":[7.0,6.0,7.14063,6.125],"tintindex":0,"rotation":0,"texture":"#0"},"south":{"uv":[7.0,4.375,7.15625,4.5],"tintindex":0,"rotation":0,"texture":"#0"},"north":{"uv":[4.5,7.0,4.65625,7.125],"tintindex":0,"rotation":0,"texture":"#0"},"west":{"uv":[6.125,7.0,6.26563,7.125],"tintindex":0,"rotation":0,"texture":"#0"},"up":{"uv":[4.89063,6.90625,4.75,6.75],"tintindex":0,"rotation":90,"texture":"#0"},"down":{"uv":[5.14063,6.75,5.0,6.90625],"tintindex":0,"rotation":270,"texture":"#0"}},"rotation":{"origin":[8.0,4.3328753,9.321563],"angle":-22.5,"axis":"z"}},{"from":[9.370306,3.0964942,9.798018],"to":[9.787962,3.4027753,9.916987],"faces":{"east":{"uv":[7.375,0.0,7.40625,0.07813],"tintindex":0,"rotation":0,"texture":"#0"},"south":{"uv":[5.75,5.0,5.85938,5.07813],"tintindex":0,"rotation":0,"texture":"#0"},"north":{"uv":[5.875,1.5,5.98438,1.57813],"tintindex":0,"rotation":0,"texture":"#0"},"west":{"uv":[0.125,7.375,0.15625,7.45313],"tintindex":0,"rotation":0,"texture":"#0"},"up":{"uv":[7.03125,7.35938,7.0,7.25],"tintindex":0,"rotation":90,"texture":"#0"},"down":{"uv":[7.15625,7.25,7.125,7.35938],"tintindex":0,"rotation":270,"texture":"#0"}},"rotation":{"origin":[8.0,4.3357687,9.25],"angle":45.0,"axis":"z"}}],"display":{"gui":{"rotation":[30,225,0]}}}