{"textures":{"0":"modelengine:entity/cetus_dragon"},"elements":[{"from":[9.5,9.166667,8.0],"to":[6.5,6.1666665,-11.333332],"faces":{"east":{"uv":[0.0,0.0,3.625,0.5625],"tintindex":0,"rotation":0,"texture":"#0"},"south":{"uv":[5.5625,1.4375,6.125,2.0],"tintindex":0,"rotation":0,"texture":"#0"},"north":{"uv":[3.25,5.375,3.8125,5.9375],"tintindex":0,"rotation":0,"texture":"#0"},"west":{"uv":[0.0,0.5625,3.625,1.125],"tintindex":0,"rotation":0,"texture":"#0"},"up":{"uv":[0.5625,4.75,0.0,1.125],"tintindex":0,"rotation":0,"texture":"#0"},"down":{"uv":[1.125,1.125,0.5625,4.75],"tintindex":0,"rotation":0,"texture":"#0"}}},{"from":[6.6666665,6.333333,-11.166666],"to":[9.333333,9.0,7.8333335],"faces":{"east":{"uv":[1.125,1.125,4.6875,1.625],"tintindex":0,"rotation":0,"texture":"#0"},"south":{"uv":[6.0,2.875,6.5,3.375],"tintindex":0,"rotation":0,"texture":"#0"},"north":{"uv":[1.375,6.0,1.875,6.5],"tintindex":0,"rotation":0,"texture":"#0"},"west":{"uv":[1.125,1.625,4.6875,2.125],"tintindex":0,"rotation":0,"texture":"#0"},"up":{"uv":[1.625,5.6875,1.125,2.125],"tintindex":0,"rotation":0,"texture":"#0"},"down":{"uv":[2.125,2.125,1.625,5.6875],"tintindex":0,"rotation":0,"texture":"#0"}}}],"display":{"gui":{"rotation":[30,225,0]}}}