{"textures":{"0":"modelengine:entity/cetus_dragon"},"elements":[{"from":[6.63,6.45,8.0],"to":[9.37,9.55,22.000002],"faces":{"east":{"uv":[3.125,2.125,4.875,2.5],"tintindex":0,"rotation":0,"texture":"#0"},"south":{"uv":[0.4375,7.3125,0.75,7.6875],"tintindex":0,"rotation":0,"texture":"#0"},"north":{"uv":[7.25,6.8125,7.5625,7.1875],"tintindex":0,"rotation":0,"texture":"#0"},"west":{"uv":[3.125,2.5,4.875,2.875],"tintindex":0,"rotation":0,"texture":"#0"},"up":{"uv":[3.4375,4.625,3.125,2.875],"tintindex":0,"rotation":0,"texture":"#0"},"down":{"uv":[3.75,2.875,3.4375,4.625],"tintindex":0,"rotation":0,"texture":"#0"}}},{"from":[8.0,9.55,8.0],"to":[8.0,12.07,15.500002],"faces":{"east":{"uv":[1.0,5.6875,1.9375,6.0],"tintindex":0,"rotation":0,"texture":"#0"},"west":{"uv":[5.6875,3.75,6.625,4.0625],"tintindex":0,"rotation":0,"texture":"#0"}}}],"display":{"gui":{"rotation":[30,225,0]}}}