{"textures":{"0":"modelengine:entity/cetus_dragon"},"elements":[{"from":[8.0,13.0,8.0],"to":[8.0,20.0,20.5],"faces":{"east":{"uv":[4.875,4.8125,5.6875,5.25],"tintindex":0,"rotation":0,"texture":"#0"},"west":{"uv":[3.375,4.9375,4.1875,5.375],"tintindex":0,"rotation":0,"texture":"#0"}}},{"from":[3.5,3.0,8.0],"to":[12.5,13.0,20.5],"faces":{"east":{"uv":[3.75,2.875,4.5625,3.5],"tintindex":0,"rotation":0,"texture":"#0"},"south":{"uv":[4.75,5.25,5.3125,5.875],"tintindex":0,"rotation":0,"texture":"#0"},"north":{"uv":[2.6875,5.1875,3.25,5.8125],"tintindex":0,"rotation":0,"texture":"#0"},"west":{"uv":[3.75,3.5,4.5625,4.125],"tintindex":0,"rotation":0,"texture":"#0"},"up":{"uv":[4.875,4.9375,4.3125,4.125],"tintindex":0,"rotation":0,"texture":"#0"},"down":{"uv":[5.0,0.0,4.4375,0.8125],"tintindex":0,"rotation":0,"texture":"#0"}}}],"display":{"gui":{"rotation":[30,225,0]}}}