{"textures":{"0":"modelengine:entity/cetus_dragon"},"elements":[{"from":[8.0,14.0,1.5],"to":[8.0,21.0,13.999999],"faces":{"east":{"uv":[4.875,3.9375,5.6875,4.375],"tintindex":0,"rotation":0,"texture":"#0"},"west":{"uv":[4.875,4.375,5.6875,4.8125],"tintindex":0,"rotation":0,"texture":"#0"}}},{"from":[3.5,4.0,1.5],"to":[12.5,14.0,13.999999],"faces":{"east":{"uv":[2.125,3.5,2.9375,4.125],"tintindex":0,"rotation":0,"texture":"#0"},"south":{"uv":[4.1875,4.9375,4.75,5.5625],"tintindex":0,"rotation":0,"texture":"#0"},"north":{"uv":[2.125,4.9375,2.6875,5.5625],"tintindex":0,"rotation":0,"texture":"#0"},"west":{"uv":[3.625,0.0,4.4375,0.625],"tintindex":0,"rotation":0,"texture":"#0"},"up":{"uv":[2.6875,4.9375,2.125,4.125],"tintindex":0,"rotation":0,"texture":"#0"},"down":{"uv":[4.3125,4.125,3.75,4.9375],"tintindex":0,"rotation":0,"texture":"#0"}}}],"display":{"gui":{"rotation":[30,225,0]}}}