{"textures":{"0":"modelengine:entity/cetus_dragon"},"elements":[{"from":[4.4,4.0,8.0],"to":[11.6,12.0,17.999998],"faces":{"east":{"uv":[5.375,2.875,6.0,3.375],"tintindex":0,"rotation":0,"texture":"#0"},"south":{"uv":[0.6875,4.75,1.125,5.25],"tintindex":0,"rotation":0,"texture":"#0"},"north":{"uv":[2.6875,4.125,3.125,4.625],"tintindex":0,"rotation":0,"texture":"#0"},"west":{"uv":[5.5625,2.0,6.1875,2.5],"tintindex":0,"rotation":0,"texture":"#0"},"up":{"uv":[6.25,5.4375,5.8125,4.8125],"tintindex":0,"rotation":0,"texture":"#0"},"down":{"uv":[6.25,5.4375,5.8125,6.0625],"tintindex":0,"rotation":0,"texture":"#0"}}},{"from":[8.0,12.0,8.0],"to":[8.0,17.599998,17.999998],"faces":{"east":{"uv":[6.3125,5.8125,6.9375,6.1875],"tintindex":0,"rotation":0,"texture":"#0"},"west":{"uv":[6.3125,6.1875,6.9375,6.5625],"tintindex":0,"rotation":0,"texture":"#0"}}}],"display":{"gui":{"rotation":[30,225,0]}}}