{"textures":{"0":"modelengine:entity/cetus_dragon"},"elements":[{"from":[4.76,4.3999996,8.0],"to":[11.24,11.6,17.0],"faces":{"east":{"uv":[5.75,6.0625,6.3125,6.5],"tintindex":0,"rotation":0,"texture":"#0"},"south":{"uv":[7.125,2.625,7.5,3.0625],"tintindex":0,"rotation":0,"texture":"#0"},"north":{"uv":[7.125,2.1875,7.5,2.625],"tintindex":0,"rotation":0,"texture":"#0"},"west":{"uv":[6.125,1.4375,6.6875,1.875],"tintindex":0,"rotation":0,"texture":"#0"},"up":{"uv":[2.5625,6.9375,2.1875,6.375],"tintindex":0,"rotation":0,"texture":"#0"},"down":{"uv":[2.9375,6.375,2.5625,6.9375],"tintindex":0,"rotation":0,"texture":"#0"}}},{"from":[8.0,11.6,8.0],"to":[8.0,16.64,17.0],"faces":{"east":{"uv":[6.6875,6.875,7.25,7.1875],"tintindex":0,"rotation":0,"texture":"#0"},"west":{"uv":[6.9375,0.0,7.5,0.3125],"tintindex":0,"rotation":0,"texture":"#0"}}}],"display":{"gui":{"rotation":[30,225,0]}}}