{"textures":{"0":"modelengine:entity/cetus_dragon"},"elements":[{"from":[8.0,12.5,8.0],"to":[8.0,18.8,19.25],"faces":{"east":{"uv":[0.0,6.0,0.6875,6.375],"tintindex":0,"rotation":0,"texture":"#0"},"west":{"uv":[0.6875,6.0,1.375,6.375],"tintindex":0,"rotation":0,"texture":"#0"}}},{"from":[3.9499998,3.5,8.0],"to":[12.05,12.5,19.25],"faces":{"east":{"uv":[0.0,4.75,0.6875,5.3125],"tintindex":0,"rotation":0,"texture":"#0"},"south":{"uv":[2.5,5.8125,3.0,6.375],"tintindex":0,"rotation":0,"texture":"#0"},"north":{"uv":[4.1875,5.5625,4.6875,6.125],"tintindex":0,"rotation":0,"texture":"#0"},"west":{"uv":[4.875,1.9375,5.5625,2.5],"tintindex":0,"rotation":0,"texture":"#0"},"up":{"uv":[5.8125,5.9375,5.3125,5.25],"tintindex":0,"rotation":0,"texture":"#0"},"down":{"uv":[5.875,0.75,5.375,1.4375],"tintindex":0,"rotation":0,"texture":"#0"}}}],"display":{"gui":{"rotation":[30,225,0]}}}