{"textures":{"0":"modelengine:entity/cetus_dragon"},"elements":[{"from":[10.22205,8.526167,7.189394],"to":[14.22205,9.526167,8.189394],"faces":{"east":{"uv":[5.5,1.8125,5.5625,1.875],"tintindex":0,"rotation":0,"texture":"#0"},"south":{"uv":[1.875,6.3125,2.125,6.375],"tintindex":0,"rotation":0,"texture":"#0"},"north":{"uv":[5.9375,0.6875,6.1875,0.75],"tintindex":0,"rotation":0,"texture":"#0"},"west":{"uv":[5.5,1.875,5.5625,1.9375],"tintindex":0,"rotation":0,"texture":"#0"},"up":{"uv":[6.3125,6.5625,6.0625,6.5],"tintindex":0,"rotation":0,"texture":"#0"},"down":{"uv":[7.125,3.3125,6.875,3.375],"tintindex":0,"rotation":0,"texture":"#0"}}},{"from":[7.7220497,7.526167,6.939394],"to":[12.22205,9.026167,8.439394],"faces":{"east":{"uv":[3.9375,7.9375,4.0625,8.0625],"tintindex":0,"rotation":0,"texture":"#0"},"south":{"uv":[7.875,3.6875,8.1875,3.8125],"tintindex":0,"rotation":0,"texture":"#0"},"north":{"uv":[7.875,3.5625,8.1875,3.6875],"tintindex":0,"rotation":0,"texture":"#0"},"west":{"uv":[4.0625,7.9375,4.1875,8.0625],"tintindex":0,"rotation":0,"texture":"#0"},"up":{"uv":[8.1875,3.9375,7.875,3.8125],"tintindex":0,"rotation":0,"texture":"#0"},"down":{"uv":[8.1875,3.9375,7.875,4.0625],"tintindex":0,"rotation":0,"texture":"#0"}}}],"display":{"gui":{"rotation":[30,225,0]}}}