{"textures":{"0":"modelengine:entity/cetus_dragon"},"elements":[{"from":[2.1985245,8.777819,6.8340607],"to":[6.1985245,9.777819,7.8340607],"faces":{"east":{"uv":[1.875,6.125,1.9375,6.1875],"tintindex":0,"rotation":0,"texture":"#0"},"south":{"uv":[2.375,8.0,2.625,8.0625],"tintindex":0,"rotation":0,"texture":"#0"},"north":{"uv":[8.0,1.25,8.25,1.3125],"tintindex":0,"rotation":0,"texture":"#0"},"west":{"uv":[6.125,1.875,6.1875,1.9375],"tintindex":0,"rotation":0,"texture":"#0"},"up":{"uv":[3.0625,8.0625,2.8125,8.0],"tintindex":0,"rotation":0,"texture":"#0"},"down":{"uv":[4.8125,8.0,4.5625,8.0625],"tintindex":0,"rotation":0,"texture":"#0"}}},{"from":[4.1985245,7.7778187,6.5840607],"to":[8.698524,9.277819,8.084061],"faces":{"east":{"uv":[3.0625,8.0,3.1875,8.125],"tintindex":0,"rotation":0,"texture":"#0"},"south":{"uv":[7.875,7.6875,8.1875,7.8125],"tintindex":0,"rotation":0,"texture":"#0"},"north":{"uv":[7.875,7.5625,8.1875,7.6875],"tintindex":0,"rotation":0,"texture":"#0"},"west":{"uv":[3.625,8.0,3.75,8.125],"tintindex":0,"rotation":0,"texture":"#0"},"up":{"uv":[8.1875,7.9375,7.875,7.8125],"tintindex":0,"rotation":0,"texture":"#0"},"down":{"uv":[0.5625,7.9375,0.25,8.0625],"tintindex":0,"rotation":0,"texture":"#0"}}}],"display":{"gui":{"rotation":[30,225,0]}}}