{"textures":{"0":"modelengine:entity/cetus_dragon"},"elements":[{"from":[7.7719345,7.5718784,6.9427853],"to":[12.2719345,9.071878,8.442785],"faces":{"east":{"uv":[1.9375,7.9375,2.0625,8.0625],"tintindex":0,"rotation":0,"texture":"#0"},"south":{"uv":[6.1875,2.375,6.5,2.5],"tintindex":0,"rotation":0,"texture":"#0"},"north":{"uv":[4.5625,3.9375,4.875,4.0625],"tintindex":0,"rotation":0,"texture":"#0"},"west":{"uv":[3.1875,7.9375,3.3125,8.0625],"tintindex":0,"rotation":0,"texture":"#0"},"up":{"uv":[2.125,7.9375,1.8125,7.8125],"tintindex":0,"rotation":0,"texture":"#0"},"down":{"uv":[4.625,7.8125,4.3125,7.9375],"tintindex":0,"rotation":0,"texture":"#0"}}},{"from":[10.2719345,8.571878,7.1927853],"to":[14.2719345,9.571878,8.192785],"faces":{"east":{"uv":[5.375,1.875,5.4375,1.9375],"tintindex":0,"rotation":0,"texture":"#0"},"south":{"uv":[4.5625,4.0625,4.8125,4.125],"tintindex":0,"rotation":0,"texture":"#0"},"north":{"uv":[4.4375,1.0625,4.6875,1.125],"tintindex":0,"rotation":0,"texture":"#0"},"west":{"uv":[5.4375,1.875,5.5,1.9375],"tintindex":0,"rotation":0,"texture":"#0"},"up":{"uv":[0.9375,5.3125,0.6875,5.25],"tintindex":0,"rotation":0,"texture":"#0"},"down":{"uv":[5.3125,5.875,5.0625,5.9375],"tintindex":0,"rotation":0,"texture":"#0"}}}],"display":{"gui":{"rotation":[30,225,0]}}}