{"textures":{"0":"modelengine:entity/cetus_dragon"},"elements":[{"from":[2.790371,8.111063,6.5666695],"to":[9.290371,9.611063,8.066669],"faces":{"east":{"uv":[5.875,7.9375,6.0,8.0625],"tintindex":0,"rotation":0,"texture":"#0"},"south":{"uv":[7.8125,4.875,8.25,5.0],"tintindex":0,"rotation":0,"texture":"#0"},"north":{"uv":[2.9375,7.8125,3.375,7.9375],"tintindex":0,"rotation":0,"texture":"#0"},"west":{"uv":[7.3125,7.9375,7.4375,8.0625],"tintindex":0,"rotation":0,"texture":"#0"},"up":{"uv":[8.25,5.125,7.8125,5.0],"tintindex":0,"rotation":0,"texture":"#0"},"down":{"uv":[8.25,5.125,7.8125,5.25],"tintindex":0,"rotation":0,"texture":"#0"}}}],"display":{"gui":{"rotation":[30,225,0]}}}