{"textures":{"0":"modelengine:entity/cetus_dragon"},"elements":[{"from":[6.7993126,7.6413918,6.9427853],"to":[13.299313,9.141392,8.442785],"faces":{"east":{"uv":[0.5625,7.9375,0.6875,8.0625],"tintindex":0,"rotation":0,"texture":"#0"},"south":{"uv":[6.625,3.9375,7.0625,4.0625],"tintindex":0,"rotation":0,"texture":"#0"},"north":{"uv":[6.1875,3.625,6.625,3.75],"tintindex":0,"rotation":0,"texture":"#0"},"west":{"uv":[1.8125,7.9375,1.9375,8.0625],"tintindex":0,"rotation":0,"texture":"#0"},"up":{"uv":[7.125,1.875,6.6875,1.75],"tintindex":0,"rotation":0,"texture":"#0"},"down":{"uv":[7.375,0.5625,6.9375,0.6875],"tintindex":0,"rotation":0,"texture":"#0"}}}],"display":{"gui":{"rotation":[30,225,0]}}}