{"textures":{"0":"modelengine:entity/cetus_dragon"},"elements":[{"from":[6.7316513,7.6413918,6.939394],"to":[13.231651,9.141392,8.439394],"faces":{"east":{"uv":[3.3125,7.9375,3.4375,8.0625],"tintindex":0,"rotation":0,"texture":"#0"},"south":{"uv":[7.8125,1.6875,8.25,1.8125],"tintindex":0,"rotation":0,"texture":"#0"},"north":{"uv":[0.8125,7.8125,1.25,7.9375],"tintindex":0,"rotation":0,"texture":"#0"},"west":{"uv":[3.8125,7.9375,3.9375,8.0625],"tintindex":0,"rotation":0,"texture":"#0"},"up":{"uv":[8.25,1.9375,7.8125,1.8125],"tintindex":0,"rotation":0,"texture":"#0"},"down":{"uv":[8.25,1.9375,7.8125,2.0625],"tintindex":0,"rotation":0,"texture":"#0"}}}],"display":{"gui":{"rotation":[30,225,0]}}}