{"textures":{"0":"modelengine:entity/cetus_dragon"},"elements":[{"from":[4.111492,7.8575687,6.5666695],"to":[8.611492,9.357569,8.066669],"faces":{"east":{"uv":[0.8125,8.0,0.9375,8.125],"tintindex":0,"rotation":0,"texture":"#0"},"south":{"uv":[7.875,6.5,8.1875,6.625],"tintindex":0,"rotation":0,"texture":"#0"},"north":{"uv":[7.875,6.375,8.1875,6.5],"tintindex":0,"rotation":0,"texture":"#0"},"west":{"uv":[0.9375,8.0,1.0625,8.125],"tintindex":0,"rotation":0,"texture":"#0"},"up":{"uv":[6.9375,8.0,6.625,7.875],"tintindex":0,"rotation":0,"texture":"#0"},"down":{"uv":[8.1875,6.625,7.875,6.75],"tintindex":0,"rotation":0,"texture":"#0"}}},{"from":[2.1114922,8.857569,6.8166695],"to":[6.111492,9.857569,7.8166695],"faces":{"east":{"uv":[5.75,6.0,5.8125,6.0625],"tintindex":0,"rotation":0,"texture":"#0"},"south":{"uv":[8.0,1.0625,8.25,1.125],"tintindex":0,"rotation":0,"texture":"#0"},"north":{"uv":[8.0,1.0,8.25,1.0625],"tintindex":0,"rotation":0,"texture":"#0"},"west":{"uv":[1.875,6.0625,1.9375,6.125],"tintindex":0,"rotation":0,"texture":"#0"},"up":{"uv":[8.25,1.1875,8.0,1.125],"tintindex":0,"rotation":0,"texture":"#0"},"down":{"uv":[8.25,1.1875,8.0,1.25],"tintindex":0,"rotation":0,"texture":"#0"}}}],"display":{"gui":{"rotation":[30,225,0]}}}