{"textures":{"0":"modelengine:entity/cetus_dragon"},"elements":[{"from":[2.9084167,8.111063,6.5840607],"to":[9.408417,9.611063,8.084061],"faces":{"east":{"uv":[1.0625,8.0,1.1875,8.125],"tintindex":0,"rotation":0,"texture":"#0"},"south":{"uv":[7.8125,5.375,8.25,5.5],"tintindex":0,"rotation":0,"texture":"#0"},"north":{"uv":[7.8125,5.25,8.25,5.375],"tintindex":0,"rotation":0,"texture":"#0"},"west":{"uv":[2.25,8.0,2.375,8.125],"tintindex":0,"rotation":0,"texture":"#0"},"up":{"uv":[8.25,5.625,7.8125,5.5],"tintindex":0,"rotation":0,"texture":"#0"},"down":{"uv":[8.25,5.625,7.8125,5.75],"tintindex":0,"rotation":0,"texture":"#0"}}}],"display":{"gui":{"rotation":[30,225,0]}}}