{"textures":{"0":"modelengine:entity/cetus_dragon"},"elements":[{"from":[6.677994,7.6413918,6.9473],"to":[13.177994,9.141392,8.4473],"faces":{"east":{"uv":[4.1875,7.9375,4.3125,8.0625],"tintindex":0,"rotation":0,"texture":"#0"},"south":{"uv":[7.8125,2.1875,8.25,2.3125],"tintindex":0,"rotation":0,"texture":"#0"},"north":{"uv":[7.8125,2.0625,8.25,2.1875],"tintindex":0,"rotation":0,"texture":"#0"},"west":{"uv":[4.3125,7.9375,4.4375,8.0625],"tintindex":0,"rotation":0,"texture":"#0"},"up":{"uv":[2.6875,7.9375,2.25,7.8125],"tintindex":0,"rotation":0,"texture":"#0"},"down":{"uv":[8.25,2.3125,7.8125,2.4375],"tintindex":0,"rotation":0,"texture":"#0"}}}],"display":{"gui":{"rotation":[30,225,0]}}}