{"textures":{"0":"modelengine:entity/cetus_dragon"},"elements":[{"from":[2.6415138,8.111063,6.574129],"to":[9.141514,9.611063,8.074129],"faces":{"east":{"uv":[5.375,7.9375,5.5,8.0625],"tintindex":0,"rotation":0,"texture":"#0"},"south":{"uv":[7.8125,2.5625,8.25,2.6875],"tintindex":0,"rotation":0,"texture":"#0"},"north":{"uv":[7.8125,2.4375,8.25,2.5625],"tintindex":0,"rotation":0,"texture":"#0"},"west":{"uv":[5.5,7.9375,5.625,8.0625],"tintindex":0,"rotation":0,"texture":"#0"},"up":{"uv":[8.25,2.8125,7.8125,2.6875],"tintindex":0,"rotation":0,"texture":"#0"},"down":{"uv":[8.25,2.8125,7.8125,2.9375],"tintindex":0,"rotation":0,"texture":"#0"}}}],"display":{"gui":{"rotation":[30,225,0]}}}