{"textures":{"0":"modelengine:entity/cetus_dragon"},"elements":[{"from":[7.6824913,7.4899178,6.9473],"to":[12.182491,8.989918,8.4473],"faces":{"east":{"uv":[4.4375,7.9375,4.5625,8.0625],"tintindex":0,"rotation":0,"texture":"#0"},"south":{"uv":[7.875,4.1875,8.1875,4.3125],"tintindex":0,"rotation":0,"texture":"#0"},"north":{"uv":[7.875,4.0625,8.1875,4.1875],"tintindex":0,"rotation":0,"texture":"#0"},"west":{"uv":[5.0,7.9375,5.125,8.0625],"tintindex":0,"rotation":0,"texture":"#0"},"up":{"uv":[8.1875,4.4375,7.875,4.3125],"tintindex":0,"rotation":0,"texture":"#0"},"down":{"uv":[8.1875,4.4375,7.875,4.5625],"tintindex":0,"rotation":0,"texture":"#0"}}},{"from":[10.182491,8.489918,7.1973],"to":[14.182491,9.489918,8.1973],"faces":{"east":{"uv":[4.6875,5.75,4.75,5.8125],"tintindex":0,"rotation":0,"texture":"#0"},"south":{"uv":[0.9375,7.0625,1.1875,7.125],"tintindex":0,"rotation":0,"texture":"#0"},"north":{"uv":[6.9375,6.5,7.1875,6.5625],"tintindex":0,"rotation":0,"texture":"#0"},"west":{"uv":[4.6875,5.8125,4.75,5.875],"tintindex":0,"rotation":0,"texture":"#0"},"up":{"uv":[6.625,7.1875,6.375,7.125],"tintindex":0,"rotation":0,"texture":"#0"},"down":{"uv":[7.5,1.6875,7.25,1.75],"tintindex":0,"rotation":0,"texture":"#0"}}}],"display":{"gui":{"rotation":[30,225,0]}}}