{"textures":{"0":"modelengine:entity/cetus_dragon"},"elements":[{"from":[2.0017433,8.958134,6.824129],"to":[6.0017433,9.958134,7.824129],"faces":{"east":{"uv":[5.75,5.9375,5.8125,6.0],"tintindex":0,"rotation":0,"texture":"#0"},"south":{"uv":[7.0625,7.9375,7.3125,8.0],"tintindex":0,"rotation":0,"texture":"#0"},"north":{"uv":[7.9375,3.5,8.1875,3.5625],"tintindex":0,"rotation":0,"texture":"#0"},"west":{"uv":[1.875,6.0,1.9375,6.0625],"tintindex":0,"rotation":0,"texture":"#0"},"up":{"uv":[8.125,8.0,7.875,7.9375],"tintindex":0,"rotation":0,"texture":"#0"},"down":{"uv":[0.25,8.0,0.0,8.0625],"tintindex":0,"rotation":0,"texture":"#0"}}},{"from":[4.0017433,7.9581337,6.574129],"to":[8.501743,9.458134,8.074129],"faces":{"east":{"uv":[5.625,7.9375,5.75,8.0625],"tintindex":0,"rotation":0,"texture":"#0"},"south":{"uv":[7.875,4.6875,8.1875,4.8125],"tintindex":0,"rotation":0,"texture":"#0"},"north":{"uv":[7.875,4.5625,8.1875,4.6875],"tintindex":0,"rotation":0,"texture":"#0"},"west":{"uv":[5.75,7.9375,5.875,8.0625],"tintindex":0,"rotation":0,"texture":"#0"},"up":{"uv":[6.3125,8.0,6.0,7.875],"tintindex":0,"rotation":0,"texture":"#0"},"down":{"uv":[6.625,7.875,6.3125,8.0],"tintindex":0,"rotation":0,"texture":"#0"}}}],"display":{"gui":{"rotation":[30,225,0]}}}