{"textures":{"0":"modelengine:entity/cetus_dragon"},"elements":[{"from":[4.872392,4.751383,-4.579506],"to":[10.372393,12.951384,8.070492],"faces":{"east":{"uv":[3.625,0.625,4.4375,1.125],"tintindex":0,"rotation":0,"texture":"#0"},"south":{"uv":[4.625,6.5625,5.0,7.0625],"tintindex":0,"rotation":0,"texture":"#0"},"north":{"uv":[5.6875,6.5,6.0625,7.0],"tintindex":0,"rotation":0,"texture":"#0"},"west":{"uv":[4.5625,2.875,5.375,3.375],"tintindex":0,"rotation":0,"texture":"#0"},"up":{"uv":[4.1875,6.1875,3.8125,5.375],"tintindex":0,"rotation":0,"texture":"#0"},"down":{"uv":[2.5,5.5625,2.125,6.375],"tintindex":0,"rotation":0,"texture":"#0"}}},{"from":[8.447392,3.7013836,-2.6545067],"to":[13.397392,12.501383,8.345493],"faces":{"east":{"uv":[4.6875,0.8125,5.375,1.375],"tintindex":0,"rotation":0,"texture":"#0"},"south":{"uv":[2.9375,6.625,3.25,7.1875],"tintindex":0,"rotation":0,"texture":"#0"},"north":{"uv":[6.375,6.5625,6.6875,7.125],"tintindex":0,"rotation":0,"texture":"#0"},"west":{"uv":[4.6875,1.375,5.375,1.9375],"tintindex":0,"rotation":0,"texture":"#0"},"up":{"uv":[1.25,7.0625,0.9375,6.375],"tintindex":0,"rotation":0,"texture":"#0"},"down":{"uv":[2.1875,6.375,1.875,7.0625],"tintindex":0,"rotation":0,"texture":"#0"}},"rotation":{"origin":[10.922392,8.101383,2.8454933],"angle":22.5,"axis":"y"}},{"from":[9.697392,3.7013836,-8.154507],"to":[13.9473915,9.751383,-2.6545067],"faces":{"east":{"uv":[7.1875,4.9375,7.5625,5.3125],"tintindex":0,"rotation":0,"texture":"#0"},"south":{"uv":[4.625,7.5,4.875,7.875],"tintindex":0,"rotation":0,"texture":"#0"},"north":{"uv":[7.125,7.4375,7.375,7.8125],"tintindex":0,"rotation":0,"texture":"#0"},"west":{"uv":[7.1875,5.3125,7.5625,5.6875],"tintindex":0,"rotation":0,"texture":"#0"},"up":{"uv":[7.8125,5.3125,7.5625,4.9375],"tintindex":0,"rotation":0,"texture":"#0"},"down":{"uv":[7.8125,5.3125,7.5625,5.6875],"tintindex":0,"rotation":0,"texture":"#0"}},"rotation":{"origin":[12.022392,8.101383,2.8454933],"angle":22.5,"axis":"y"}},{"from":[4.872392,12.501383,-2.379509],"to":[4.872392,18.001385,8.345493],"faces":{"east":{"uv":[5.8125,2.5,6.5,2.875],"tintindex":0,"rotation":0,"texture":"#0"},"west":{"uv":[5.0625,5.9375,5.75,6.3125],"tintindex":0,"rotation":0,"texture":"#0"}},"rotation":{"origin":[4.872392,8.101383,2.8454933],"angle":-22.5,"axis":"y"}},{"from":[1.552608,3.7013836,-8.154507],"to":[5.802608,9.751383,-2.6545067],"faces":{"east":{"uv":[7.1875,5.6875,7.5625,6.0625],"tintindex":0,"rotation":0,"texture":"#0"},"south":{"uv":[7.5625,6.0625,7.8125,6.4375],"tintindex":0,"rotation":0,"texture":"#0"},"north":{"uv":[7.5625,5.6875,7.8125,6.0625],"tintindex":0,"rotation":0,"texture":"#0"},"west":{"uv":[7.1875,6.0625,7.5625,6.4375],"tintindex":0,"rotation":0,"texture":"#0"},"up":{"uv":[7.8125,7.1875,7.5625,6.8125],"tintindex":0,"rotation":0,"texture":"#0"},"down":{"uv":[7.875,0.1875,7.625,0.5625],"tintindex":0,"rotation":0,"texture":"#0"}},"rotation":{"origin":[3.4776077,8.101383,2.8454933],"angle":-22.5,"axis":"y"}},{"from":[10.752607,12.501383,-2.379509],"to":[10.752607,18.001385,8.345493],"faces":{"east":{"uv":[5.8125,2.5,6.5,2.875],"tintindex":0,"rotation":0,"texture":"#0"},"west":{"uv":[5.0625,5.9375,5.75,6.3125],"tintindex":0,"rotation":0,"texture":"#0"}},"rotation":{"origin":[10.752607,8.101383,2.8454933],"angle":22.5,"axis":"y"}},{"from":[2.9776077,3.7013836,-2.6545067],"to":[7.927608,12.501383,8.345493],"faces":{"east":{"uv":[4.5625,3.375,5.25,3.9375],"tintindex":0,"rotation":0,"texture":"#0"},"south":{"uv":[6.0625,6.5625,6.375,7.125],"tintindex":0,"rotation":0,"texture":"#0"},"north":{"uv":[4.0,6.4375,4.3125,7.0],"tintindex":0,"rotation":0,"texture":"#0"},"west":{"uv":[2.6875,4.625,3.375,5.1875],"tintindex":0,"rotation":0,"texture":"#0"},"up":{"uv":[0.625,7.0625,0.3125,6.375],"tintindex":0,"rotation":0,"texture":"#0"},"down":{"uv":[0.9375,6.375,0.625,7.0625],"tintindex":0,"rotation":0,"texture":"#0"}},"rotation":{"origin":[5.452608,8.101383,2.8454933],"angle":-22.5,"axis":"y"}},{"from":[9.697392,3.7013836,-8.154507],"to":[13.9473915,9.751383,-2.6545067],"faces":{"east":{"uv":[7.1875,4.9375,7.5625,5.3125],"tintindex":0,"rotation":0,"texture":"#0"},"south":{"uv":[4.625,7.5,4.875,7.875],"tintindex":0,"rotation":0,"texture":"#0"},"north":{"uv":[7.125,7.4375,7.375,7.8125],"tintindex":0,"rotation":0,"texture":"#0"},"west":{"uv":[7.1875,5.3125,7.5625,5.6875],"tintindex":0,"rotation":0,"texture":"#0"},"up":{"uv":[7.8125,5.3125,7.5625,4.9375],"tintindex":0,"rotation":0,"texture":"#0"},"down":{"uv":[7.8125,5.3125,7.5625,5.6875],"tintindex":0,"rotation":0,"texture":"#0"}},"rotation":{"origin":[12.022392,8.101383,2.8454933],"angle":22.5,"axis":"y"}}],"display":{"gui":{"rotation":[30,225,0]}}}