{"textures":{"0":"modelengine:entity/cetus_dragon"},"elements":[{"from":[12.010611,12.750972,10.08985],"to":[15.03561,18.195972,10.08985],"faces":{"south":{"uv":[5.875,0.75,6.25,1.4375],"tintindex":0,"rotation":0,"texture":"#0"},"north":{"uv":[4.6875,5.875,5.0625,6.5625],"tintindex":0,"rotation":0,"texture":"#0"}},"rotation":{"origin":[11.40561,13.960971,10.08985],"angle":45.0,"axis":"x"}},{"from":[10.80061,12.750972,9.18235],"to":[12.010611,18.195972,10.99735],"faces":{"east":{"uv":[5.75,7.0,6.0,7.6875],"tintindex":0,"rotation":0,"texture":"#0"},"south":{"uv":[2.125,7.625,2.25,8.3125],"tintindex":0,"rotation":0,"texture":"#0"},"north":{"uv":[4.875,7.5,5.0,8.1875],"tintindex":0,"rotation":0,"texture":"#0"},"west":{"uv":[0.0,7.0625,0.25,7.75],"tintindex":0,"rotation":0,"texture":"#0"},"up":{"uv":[3.25,7.4375,3.125,7.1875],"tintindex":0,"rotation":0,"texture":"#0"},"down":{"uv":[2.8125,7.875,2.6875,8.125],"tintindex":0,"rotation":0,"texture":"#0"}},"rotation":{"origin":[11.40561,13.960971,10.08985],"angle":45.0,"axis":"x"}},{"from":[8.233812,9.719674,8.290051],"to":[10.048813,15.164674,10.105051],"faces":{"east":{"uv":[5.0,7.0,5.25,7.6875],"tintindex":0,"rotation":0,"texture":"#0"},"south":{"uv":[5.25,7.0,5.5,7.6875],"tintindex":0,"rotation":0,"texture":"#0"},"north":{"uv":[4.0625,7.0,4.3125,7.6875],"tintindex":0,"rotation":0,"texture":"#0"},"west":{"uv":[5.5,7.0,5.75,7.6875],"tintindex":0,"rotation":0,"texture":"#0"},"up":{"uv":[4.3125,7.9375,4.0625,7.6875],"tintindex":0,"rotation":0,"texture":"#0"},"down":{"uv":[5.25,7.6875,5.0,7.9375],"tintindex":0,"rotation":0,"texture":"#0"}},"rotation":{"origin":[8.838813,10.929675,9.197552],"angle":-45.0,"axis":"z"}},{"from":[11.011642,15.874478,11.911146],"to":[11.616642,21.924477,13.423647],"faces":{"east":{"uv":[6.0,7.125,6.1875,7.875],"tintindex":0,"rotation":0,"texture":"#0"},"south":{"uv":[1.375,7.8125,1.4375,8.5625],"tintindex":0,"rotation":0,"texture":"#0"},"north":{"uv":[1.3125,7.8125,1.375,8.5625],"tintindex":0,"rotation":0,"texture":"#0"},"west":{"uv":[6.1875,7.125,6.375,7.875],"tintindex":0,"rotation":0,"texture":"#0"},"up":{"uv":[5.5625,1.8125,5.5,1.625],"tintindex":0,"rotation":0,"texture":"#0"},"down":{"uv":[4.75,5.5625,4.6875,5.75],"tintindex":0,"rotation":0,"texture":"#0"}},"rotation":{"origin":[10.709143,17.084476,12.818646],"angle":22.5,"axis":"z"}},{"from":[7.727621,7.109395,7.7270136],"to":[9.542622,10.739396,9.542013],"faces":{"east":{"uv":[6.375,7.4375,6.625,7.875],"tintindex":0,"rotation":0,"texture":"#0"},"south":{"uv":[6.625,7.4375,6.875,7.875],"tintindex":0,"rotation":0,"texture":"#0"},"north":{"uv":[7.4375,0.5625,7.6875,1.0],"tintindex":0,"rotation":0,"texture":"#0"},"west":{"uv":[6.875,7.4375,7.125,7.875],"tintindex":0,"rotation":0,"texture":"#0"},"up":{"uv":[7.9375,3.5625,7.6875,3.3125],"tintindex":0,"rotation":0,"texture":"#0"},"down":{"uv":[4.0625,7.6875,3.8125,7.9375],"tintindex":0,"rotation":0,"texture":"#0"}},"rotation":{"origin":[8.160414,8.613372,8.340537],"angle":22.5,"axis":"x"}},{"from":[9.196642,15.874478,12.667397],"to":[13.431643,26.76448,12.667397],"faces":{"south":{"uv":[2.125,2.125,2.625,3.5],"tintindex":0,"rotation":0,"texture":"#0"},"north":{"uv":[2.625,2.125,3.125,3.5],"tintindex":0,"rotation":0,"texture":"#0"}},"rotation":{"origin":[10.709143,17.084476,12.818646],"angle":22.5,"axis":"z"}},{"from":[7.77561,12.750972,10.08985],"to":[10.80061,18.195972,10.08985],"faces":{"south":{"uv":[5.9375,0.0,6.3125,0.6875],"tintindex":0,"rotation":0,"texture":"#0"},"north":{"uv":[3.0,5.9375,3.375,6.625],"tintindex":0,"rotation":0,"texture":"#0"}},"rotation":{"origin":[7.17061,13.960971,10.08985],"angle":45.0,"axis":"x"}},{"from":[5.5113125,9.719674,9.197552],"to":[8.233812,15.164674,9.197552],"faces":{"south":{"uv":[4.3125,6.125,4.625,6.8125],"tintindex":0,"rotation":0,"texture":"#0"},"north":{"uv":[0.0,6.375,0.3125,7.0625],"tintindex":0,"rotation":0,"texture":"#0"}},"rotation":{"origin":[8.838813,10.929675,9.197552],"angle":-45.0,"axis":"z"}}],"display":{"gui":{"rotation":[30,225,0]}}}