{"textures":{"0":"modelengine:entity/cetus_dragon"},"elements":[{"from":[5.19939,12.750972,10.08985],"to":[8.22439,18.195972,10.08985],"faces":{"south":{"uv":[3.0,5.9375,3.375,6.625],"tintindex":0,"rotation":0,"texture":"#0"},"north":{"uv":[5.9375,0.0,6.3125,0.6875],"tintindex":0,"rotation":0,"texture":"#0"}},"rotation":{"origin":[8.82939,13.960971,10.08985],"angle":45.0,"axis":"x"}},{"from":[7.7661877,9.719674,9.197552],"to":[10.4886875,15.164674,9.197552],"faces":{"south":{"uv":[0.0,6.375,0.3125,7.0625],"tintindex":0,"rotation":0,"texture":"#0"},"north":{"uv":[4.3125,6.125,4.625,6.8125],"tintindex":0,"rotation":0,"texture":"#0"}},"rotation":{"origin":[7.161187,10.929675,9.197552],"angle":45.0,"axis":"z"}},{"from":[3.98939,12.750972,9.18235],"to":[5.19939,18.195972,10.99735],"faces":{"east":{"uv":[6.9375,5.8125,7.1875,6.5],"tintindex":0,"rotation":0,"texture":"#0"},"south":{"uv":[3.4375,7.5,3.5625,8.1875],"tintindex":0,"rotation":0,"texture":"#0"},"north":{"uv":[1.5,7.375,1.625,8.0625],"tintindex":0,"rotation":0,"texture":"#0"},"west":{"uv":[3.8125,7.0,4.0625,7.6875],"tintindex":0,"rotation":0,"texture":"#0"},"up":{"uv":[4.875,5.1875,4.75,4.9375],"tintindex":0,"rotation":0,"texture":"#0"},"down":{"uv":[5.6875,6.6875,5.5625,6.9375],"tintindex":0,"rotation":0,"texture":"#0"}},"rotation":{"origin":[4.59439,13.960971,10.08985],"angle":45.0,"axis":"x"}},{"from":[5.9511876,9.719674,8.290051],"to":[7.7661877,15.164674,10.105051],"faces":{"east":{"uv":[2.1875,6.9375,2.4375,7.625],"tintindex":0,"rotation":0,"texture":"#0"},"south":{"uv":[2.4375,6.9375,2.6875,7.625],"tintindex":0,"rotation":0,"texture":"#0"},"north":{"uv":[4.3125,6.8125,4.5625,7.5],"tintindex":0,"rotation":0,"texture":"#0"},"west":{"uv":[2.6875,6.9375,2.9375,7.625],"tintindex":0,"rotation":0,"texture":"#0"},"up":{"uv":[0.6875,7.9375,0.4375,7.6875],"tintindex":0,"rotation":0,"texture":"#0"},"down":{"uv":[7.9375,3.0625,7.6875,3.3125],"tintindex":0,"rotation":0,"texture":"#0"}},"rotation":{"origin":[7.161187,10.929675,9.197552],"angle":45.0,"axis":"z"}},{"from":[2.5683575,15.874478,12.667397],"to":[6.8033576,26.76448,12.667397],"faces":{"south":{"uv":[2.625,2.125,3.125,3.5],"tintindex":0,"rotation":0,"texture":"#0"},"north":{"uv":[2.125,2.125,2.625,3.5],"tintindex":0,"rotation":0,"texture":"#0"}},"rotation":{"origin":[5.2908573,17.084476,12.818646],"angle":-22.5,"axis":"z"}},{"from":[6.629586,7.403372,7.433037],"to":[8.444586,11.033372,9.248036],"faces":{"east":{"uv":[1.0,7.375,1.25,7.8125],"tintindex":0,"rotation":0,"texture":"#0"},"south":{"uv":[1.25,7.375,1.5,7.8125],"tintindex":0,"rotation":0,"texture":"#0"},"north":{"uv":[0.75,7.375,1.0,7.8125],"tintindex":0,"rotation":0,"texture":"#0"},"west":{"uv":[7.375,7.1875,7.625,7.625],"tintindex":0,"rotation":0,"texture":"#0"},"up":{"uv":[4.6875,1.0625,4.4375,0.8125],"tintindex":0,"rotation":0,"texture":"#0"},"down":{"uv":[2.9375,7.625,2.6875,7.875],"tintindex":0,"rotation":0,"texture":"#0"}},"rotation":{"origin":[7.8395863,8.613372,8.340537],"angle":22.5,"axis":"x"}},{"from":[0.9643898,12.750972,10.08985],"to":[3.98939,18.195972,10.08985],"faces":{"south":{"uv":[4.6875,5.875,5.0625,6.5625],"tintindex":0,"rotation":0,"texture":"#0"},"north":{"uv":[5.875,0.75,6.25,1.4375],"tintindex":0,"rotation":0,"texture":"#0"}},"rotation":{"origin":[4.59439,13.960971,10.08985],"angle":45.0,"axis":"x"}},{"from":[4.3833575,15.874478,11.911146],"to":[4.9883575,21.924477,13.423647],"faces":{"east":{"uv":[3.625,7.0625,3.8125,7.8125],"tintindex":0,"rotation":0,"texture":"#0"},"south":{"uv":[1.25,7.8125,1.3125,8.5625],"tintindex":0,"rotation":0,"texture":"#0"},"north":{"uv":[3.5625,7.5,3.625,8.25],"tintindex":0,"rotation":0,"texture":"#0"},"west":{"uv":[1.625,7.125,1.8125,7.875],"tintindex":0,"rotation":0,"texture":"#0"},"up":{"uv":[3.75,4.8125,3.6875,4.625],"tintindex":0,"rotation":0,"texture":"#0"},"down":{"uv":[5.5625,1.4375,5.5,1.625],"tintindex":0,"rotation":0,"texture":"#0"}},"rotation":{"origin":[5.2908573,17.084476,12.818646],"angle":-22.5,"axis":"z"}}],"display":{"gui":{"rotation":[30,225,0]}}}