{"textures":{"0":"modelengine:entity/cetus_dragon"},"elements":[{"from":[2.2526078,5.0037956,-6.77211],"to":[3.902608,11.603796,-5.1221123],"faces":{"east":{"uv":[7.75,4.4375,7.875,4.875],"tintindex":0,"rotation":0,"texture":"#0"},"south":{"uv":[7.75,7.5625,7.875,8.0],"tintindex":0,"rotation":0,"texture":"#0"},"north":{"uv":[7.75,4.0,7.875,4.4375],"tintindex":0,"rotation":0,"texture":"#0"},"west":{"uv":[0.6875,7.8125,0.8125,8.25],"tintindex":0,"rotation":0,"texture":"#0"},"up":{"uv":[3.25,5.9375,3.125,5.8125],"tintindex":0,"rotation":0,"texture":"#0"},"down":{"uv":[1.375,6.375,1.25,6.5],"tintindex":0,"rotation":0,"texture":"#0"}}},{"from":[11.472392,7.2037945,-4.02211],"to":[11.472392,11.053795,6.97789],"faces":{"east":{"uv":[6.9375,0.3125,7.625,0.5625],"tintindex":0,"rotation":0,"texture":"#0"},"west":{"uv":[0.25,7.0625,0.9375,7.3125],"tintindex":0,"rotation":0,"texture":"#0"}}},{"from":[7.622392,-2.146205,-5.1221123],"to":[7.622392,3.353796,6.97789],"faces":{"east":{"uv":[5.6875,4.0625,6.4375,4.4375],"tintindex":0,"rotation":0,"texture":"#0"},"west":{"uv":[5.6875,4.4375,6.4375,4.8125],"tintindex":0,"rotation":0,"texture":"#0"}}},{"from":[10.3026085,4.251156,-2.9221115],"to":[13.0526085,7.001156,6.97789],"faces":{"east":{"uv":[7.25,1.3125,7.875,1.5],"tintindex":0,"rotation":0,"texture":"#0"},"south":{"uv":[3.625,7.8125,3.8125,8.0],"tintindex":0,"rotation":0,"texture":"#0"},"north":{"uv":[4.6875,1.9375,4.875,2.125],"tintindex":0,"rotation":0,"texture":"#0"},"west":{"uv":[7.25,1.5,7.875,1.6875],"tintindex":0,"rotation":0,"texture":"#0"},"up":{"uv":[3.125,4.125,2.9375,3.5],"tintindex":0,"rotation":0,"texture":"#0"},"down":{"uv":[2.125,5.6875,1.9375,6.3125],"tintindex":0,"rotation":0,"texture":"#0"}},"rotation":{"origin":[12.227608,6.176157,2.5778885],"angle":45.0,"axis":"z"}},{"from":[3.7723923,7.2037945,-4.02211],"to":[3.7723923,11.053795,6.97789],"faces":{"east":{"uv":[7.0625,3.9375,7.75,4.1875],"tintindex":0,"rotation":0,"texture":"#0"},"west":{"uv":[7.0625,4.1875,7.75,4.4375],"tintindex":0,"rotation":0,"texture":"#0"}}},{"from":[3.7723923,3.4537945,-2.9221115],"to":[11.472392,7.303795,8.0778885],"faces":{"east":{"uv":[7.0625,4.4375,7.75,4.6875],"tintindex":0,"rotation":0,"texture":"#0"},"south":{"uv":[6.875,7.1875,7.375,7.4375],"tintindex":0,"rotation":0,"texture":"#0"},"north":{"uv":[6.375,7.1875,6.875,7.4375],"tintindex":0,"rotation":0,"texture":"#0"},"west":{"uv":[0.9375,7.125,1.625,7.375],"tintindex":0,"rotation":0,"texture":"#0"},"up":{"uv":[0.5,6.0,0.0,5.3125],"tintindex":0,"rotation":0,"texture":"#0"},"down":{"uv":[1.0,5.3125,0.5,6.0],"tintindex":0,"rotation":0,"texture":"#0"}}},{"from":[3.222392,7.2037945,-5.6721115],"to":[12.022392,11.053795,-5.6721115],"faces":{"south":{"uv":[7.125,3.3125,7.6875,3.5625],"tintindex":0,"rotation":0,"texture":"#0"},"north":{"uv":[7.125,3.0625,7.6875,3.3125],"tintindex":0,"rotation":0,"texture":"#0"}}},{"from":[3.222392,3.4537945,-6.2221107],"to":[12.022392,7.303795,-2.9221115],"faces":{"east":{"uv":[2.5,5.5625,2.6875,5.8125],"tintindex":0,"rotation":0,"texture":"#0"},"south":{"uv":[7.1875,4.6875,7.75,4.9375],"tintindex":0,"rotation":0,"texture":"#0"},"north":{"uv":[7.1875,3.5625,7.75,3.8125],"tintindex":0,"rotation":0,"texture":"#0"},"west":{"uv":[3.8125,6.75,4.0,7.0],"tintindex":0,"rotation":0,"texture":"#0"},"up":{"uv":[8.0,1.1875,7.4375,1.0],"tintindex":0,"rotation":0,"texture":"#0"},"down":{"uv":[8.0625,0.0,7.5,0.1875],"tintindex":0,"rotation":0,"texture":"#0"}}},{"from":[11.472392,5.0037956,-6.77211],"to":[13.122393,11.603796,-5.1221123],"faces":{"east":{"uv":[5.375,1.4375,5.5,1.875],"tintindex":0,"rotation":0,"texture":"#0"},"south":{"uv":[5.6875,4.8125,5.8125,5.25],"tintindex":0,"rotation":0,"texture":"#0"},"north":{"uv":[1.0,5.25,1.125,5.6875],"tintindex":0,"rotation":0,"texture":"#0"},"west":{"uv":[7.75,3.5625,7.875,4.0],"tintindex":0,"rotation":0,"texture":"#0"},"up":{"uv":[3.375,5.3125,3.25,5.1875],"tintindex":0,"rotation":0,"texture":"#0"},"down":{"uv":[3.125,5.8125,3.0,5.9375],"tintindex":0,"rotation":0,"texture":"#0"}}},{"from":[2.947392,4.251156,-2.9221115],"to":[5.697392,7.001156,6.97789],"faces":{"east":{"uv":[7.25,6.4375,7.875,6.625],"tintindex":0,"rotation":0,"texture":"#0"},"south":{"uv":[1.625,7.875,1.8125,8.0625],"tintindex":0,"rotation":0,"texture":"#0"},"north":{"uv":[7.5,7.8125,7.6875,8.0],"tintindex":0,"rotation":0,"texture":"#0"},"west":{"uv":[7.25,6.625,7.875,6.8125],"tintindex":0,"rotation":0,"texture":"#0"},"up":{"uv":[3.125,7.8125,2.9375,7.1875],"tintindex":0,"rotation":0,"texture":"#0"},"down":{"uv":[0.4375,7.3125,0.25,7.9375],"tintindex":0,"rotation":0,"texture":"#0"}},"rotation":{"origin":[3.7723923,6.176157,2.5778885],"angle":-45.0,"axis":"z"}}],"display":{"gui":{"rotation":[30,225,0]}}}