{"textures":{"0":"modelengine:entity/cetus_dragon"},"elements":[{"from":[1.107729,7.1982822,6.2914925],"to":[6.607729,7.7482834,6.8414917],"faces":{"east":{"uv":[3.6875,4.875,3.75,4.9375],"tintindex":0,"rotation":0,"texture":"#0"},"south":{"uv":[7.875,6.75,8.25,6.8125],"tintindex":0,"rotation":0,"texture":"#0"},"north":{"uv":[7.875,4.8125,8.25,4.875],"tintindex":0,"rotation":0,"texture":"#0"},"west":{"uv":[4.75,5.1875,4.8125,5.25],"tintindex":0,"rotation":0,"texture":"#0"},"up":{"uv":[1.1875,8.0,0.8125,7.9375],"tintindex":0,"rotation":0,"texture":"#0"},"down":{"uv":[2.625,7.9375,2.25,8.0],"tintindex":0,"rotation":0,"texture":"#0"}}},{"from":[-5.217272,7.473284,5.741493],"to":[3.3077288,7.473284,7.3914948],"faces":{"up":{"uv":[7.0,4.8125,6.4375,4.6875],"tintindex":0,"rotation":0,"texture":"#0"},"down":{"uv":[7.75,3.8125,7.1875,3.9375],"tintindex":0,"rotation":0,"texture":"#0"}}}],"display":{"gui":{"rotation":[30,225,0]}}}