{"textures":{"0":"modelengine:entity/cetus_dragon"},"elements":[{"from":[6.5,4.75,7.0],"to":[12.0,7.0,9.0],"faces":{"east":{"uv":[5.125,7.9375,5.25,8.0625],"tintindex":0,"rotation":0,"texture":"#0"},"south":{"uv":[7.875,1.3125,8.25,1.4375],"tintindex":0,"rotation":0,"texture":"#0"},"north":{"uv":[7.875,0.4375,8.25,0.5625],"tintindex":0,"rotation":0,"texture":"#0"},"west":{"uv":[5.25,7.9375,5.375,8.0625],"tintindex":0,"rotation":0,"texture":"#0"},"up":{"uv":[8.25,1.5625,7.875,1.4375],"tintindex":0,"rotation":0,"texture":"#0"},"down":{"uv":[8.25,1.5625,7.875,1.6875],"tintindex":0,"rotation":0,"texture":"#0"}},"rotation":{"origin":[9.25,5.75,8.0],"angle":-45.0,"axis":"z"}},{"from":[2.761856,7.3212757,4.0666695],"to":[8.761856,10.321276,10.566669],"faces":{"east":{"uv":[2.25,7.625,2.6875,7.8125],"tintindex":0,"rotation":0,"texture":"#0"},"south":{"uv":[7.6875,0.75,8.0625,0.9375],"tintindex":0,"rotation":0,"texture":"#0"},"north":{"uv":[7.6875,0.5625,8.0625,0.75],"tintindex":0,"rotation":0,"texture":"#0"},"west":{"uv":[7.625,7.1875,8.0625,7.375],"tintindex":0,"rotation":0,"texture":"#0"},"up":{"uv":[4.9375,7.5,4.5625,7.0625],"tintindex":0,"rotation":0,"texture":"#0"},"down":{"uv":[7.5,1.75,7.125,2.1875],"tintindex":0,"rotation":0,"texture":"#0"}}}],"display":{"gui":{"rotation":[30,225,0]}}}