{"textures":{"0":"modelengine:entity/cetus_dragon"},"elements":[{"from":[1.8919029,6.32205,6.04438],"to":[7.3919024,7.9720516,7.6943817],"faces":{"east":{"uv":[3.25,6.625,3.375,6.75],"tintindex":0,"rotation":0,"texture":"#0"},"south":{"uv":[7.8125,5.75,8.1875,5.875],"tintindex":0,"rotation":0,"texture":"#0"},"north":{"uv":[6.875,1.3125,7.25,1.4375],"tintindex":0,"rotation":0,"texture":"#0"},"west":{"uv":[7.0,4.6875,7.125,4.8125],"tintindex":0,"rotation":0,"texture":"#0"},"up":{"uv":[8.1875,6.0,7.8125,5.875],"tintindex":0,"rotation":0,"texture":"#0"},"down":{"uv":[8.1875,6.0,7.8125,6.125],"tintindex":0,"rotation":0,"texture":"#0"}}}],"display":{"gui":{"rotation":[30,225,0]}}}