{"textures":{"0":"modelengine:entity/cetus_dragon"},"elements":[{"from":[1.5754371,6.880377,6.0693817],"to":[7.6254377,7.9803753,7.16938],"faces":{"east":{"uv":[3.6875,4.8125,3.75,4.875],"tintindex":0,"rotation":0,"texture":"#0"},"south":{"uv":[3.375,6.125,3.75,6.1875],"tintindex":0,"rotation":0,"texture":"#0"},"north":{"uv":[5.0,0.75,5.375,0.8125],"tintindex":0,"rotation":0,"texture":"#0"},"west":{"uv":[4.8125,4.0625,4.875,4.125],"tintindex":0,"rotation":0,"texture":"#0"},"up":{"uv":[6.875,3.375,6.5,3.3125],"tintindex":0,"rotation":0,"texture":"#0"},"down":{"uv":[8.0625,0.9375,7.6875,1.0],"tintindex":0,"rotation":0,"texture":"#0"}}}],"display":{"gui":{"rotation":[30,225,0]}}}