{"textures":{"0":"modelengine:entity/cetus_dragon"},"elements":[{"from":[-1.0,5.5,5.75],"to":[8.0,10.5,10.25],"faces":{"east":{"uv":[7.5,2.3125,7.8125,2.625],"tintindex":0,"rotation":0,"texture":"#0"},"south":{"uv":[1.25,6.8125,1.8125,7.125],"tintindex":0,"rotation":0,"texture":"#0"},"north":{"uv":[3.25,6.75,3.8125,7.0625],"tintindex":0,"rotation":0,"texture":"#0"},"west":{"uv":[7.5,2.625,7.8125,2.9375],"tintindex":0,"rotation":0,"texture":"#0"},"up":{"uv":[7.4375,1.0,6.875,0.6875],"tintindex":0,"rotation":0,"texture":"#0"},"down":{"uv":[7.4375,1.0,6.875,1.3125],"tintindex":0,"rotation":0,"texture":"#0"}}}],"display":{"gui":{"rotation":[30,225,0]}}}