{"textures":{"0":"modelengine:entity/cetus_dragon"},"elements":[{"from":[-6.0,10.0,8.25],"to":[9.0,16.0,8.25],"faces":{"south":{"uv":[5.25,3.375,6.1875,3.75],"tintindex":0,"rotation":0,"texture":"#0"},"north":{"uv":[5.0,0.375,5.9375,0.75],"tintindex":0,"rotation":0,"texture":"#0"}}},{"from":[-5.5,6.0,6.25],"to":[9.5,10.0,9.75],"faces":{"east":{"uv":[5.75,7.6875,6.0,7.9375],"tintindex":0,"rotation":0,"texture":"#0"},"south":{"uv":[6.25,5.0625,7.1875,5.3125],"tintindex":0,"rotation":0,"texture":"#0"},"north":{"uv":[6.25,4.8125,7.1875,5.0625],"tintindex":0,"rotation":0,"texture":"#0"},"west":{"uv":[0.0,7.75,0.25,8.0],"tintindex":0,"rotation":0,"texture":"#0"},"up":{"uv":[7.1875,5.5625,6.25,5.3125],"tintindex":0,"rotation":0,"texture":"#0"},"down":{"uv":[7.1875,5.5625,6.25,5.8125],"tintindex":0,"rotation":0,"texture":"#0"}}}],"display":{"gui":{"rotation":[30,225,0]}}}