{"textures":{"0":"modelengine:entity/cetus_dragon"},"elements":[{"from":[-6.5,7.0,8.5],"to":[3.5,12.0,13.0],"faces":{"east":{"uv":[3.125,7.5,3.4375,7.8125],"tintindex":0,"rotation":0,"texture":"#0"},"south":{"uv":[6.5,2.375,7.125,2.6875],"tintindex":0,"rotation":0,"texture":"#0"},"north":{"uv":[1.25,6.5,1.875,6.8125],"tintindex":0,"rotation":0,"texture":"#0"},"west":{"uv":[4.3125,7.5,4.625,7.8125],"tintindex":0,"rotation":0,"texture":"#0"},"up":{"uv":[7.125,3.0,6.5,2.6875],"tintindex":0,"rotation":0,"texture":"#0"},"down":{"uv":[7.125,3.0,6.5,3.3125],"tintindex":0,"rotation":0,"texture":"#0"}}},{"from":[-6.5,12.0,10.75],"to":[3.5,18.0,10.75],"faces":{"south":{"uv":[5.0625,6.3125,5.6875,6.6875],"tintindex":0,"rotation":0,"texture":"#0"},"north":{"uv":[6.3125,0.0,6.9375,0.375],"tintindex":0,"rotation":0,"texture":"#0"}}}],"display":{"gui":{"rotation":[30,225,0]}}}