{"textures":{"0":"modelengine:entity/cetus_dragon"},"elements":[{"from":[8.0,5.5,5.75],"to":[17.0,10.5,10.25],"faces":{"east":{"uv":[3.375,4.625,3.6875,4.9375],"tintindex":0,"rotation":0,"texture":"#0"},"south":{"uv":[6.6875,1.4375,7.25,1.75],"tintindex":0,"rotation":0,"texture":"#0"},"north":{"uv":[6.625,3.625,7.1875,3.9375],"tintindex":0,"rotation":0,"texture":"#0"},"west":{"uv":[7.5,1.6875,7.8125,2.0],"tintindex":0,"rotation":0,"texture":"#0"},"up":{"uv":[5.5625,7.0,5.0,6.6875],"tintindex":0,"rotation":0,"texture":"#0"},"down":{"uv":[7.25,6.5625,6.6875,6.875],"tintindex":0,"rotation":0,"texture":"#0"}}}],"display":{"gui":{"rotation":[30,225,0]}}}