{"textures":{"0":"modelengine:entity/cetus_dragon"},"elements":[{"from":[7.0,10.0,8.25],"to":[22.0,16.0,8.25],"faces":{"south":{"uv":[5.0,0.0,5.9375,0.375],"tintindex":0,"rotation":0,"texture":"#0"},"north":{"uv":[4.875,2.5,5.8125,2.875],"tintindex":0,"rotation":0,"texture":"#0"}}},{"from":[6.5,6.0,6.25],"to":[21.5,10.0,9.75],"faces":{"east":{"uv":[5.25,7.6875,5.5,7.9375],"tintindex":0,"rotation":0,"texture":"#0"},"south":{"uv":[6.1875,2.125,7.125,2.375],"tintindex":0,"rotation":0,"texture":"#0"},"north":{"uv":[6.1875,1.875,7.125,2.125],"tintindex":0,"rotation":0,"texture":"#0"},"west":{"uv":[5.5,7.6875,5.75,7.9375],"tintindex":0,"rotation":0,"texture":"#0"},"up":{"uv":[4.3125,6.4375,3.375,6.1875],"tintindex":0,"rotation":0,"texture":"#0"},"down":{"uv":[7.125,3.375,6.1875,3.625],"tintindex":0,"rotation":0,"texture":"#0"}}}],"display":{"gui":{"rotation":[30,225,0]}}}