{"textures":{"0":"modelengine:entity/cetus_dragon"},"elements":[{"from":[9.543372,6.995182,6.130501],"to":[15.043373,7.545183,6.6805],"faces":{"east":{"uv":[3.25,5.3125,3.3125,5.375],"tintindex":0,"rotation":0,"texture":"#0"},"south":{"uv":[7.9375,3.3125,8.3125,3.375],"tintindex":0,"rotation":0,"texture":"#0"},"north":{"uv":[7.9375,3.25,8.3125,3.3125],"tintindex":0,"rotation":0,"texture":"#0"},"west":{"uv":[3.3125,5.3125,3.375,5.375],"tintindex":0,"rotation":0,"texture":"#0"},"up":{"uv":[8.3125,3.4375,7.9375,3.375],"tintindex":0,"rotation":0,"texture":"#0"},"down":{"uv":[8.3125,3.4375,7.9375,3.5],"tintindex":0,"rotation":0,"texture":"#0"}}},{"from":[12.843372,7.2701817,5.5805016],"to":[21.368372,7.2701817,7.2304993],"faces":{"up":{"uv":[8.0,1.3125,7.4375,1.1875],"tintindex":0,"rotation":0,"texture":"#0"},"down":{"uv":[8.0625,2.9375,7.5,3.0625],"tintindex":0,"rotation":0,"texture":"#0"}}}],"display":{"gui":{"rotation":[30,225,0]}}}