{"textures":{"0":"modelengine:entity/cetus_dragon"},"elements":[{"from":[8.625025,6.042717,5.9362755],"to":[14.125025,7.6927185,7.586277],"faces":{"east":{"uv":[7.5,0.1875,7.625,0.3125],"tintindex":0,"rotation":0,"texture":"#0"},"south":{"uv":[7.8125,6.25,8.1875,6.375],"tintindex":0,"rotation":0,"texture":"#0"},"north":{"uv":[7.8125,6.125,8.1875,6.25],"tintindex":0,"rotation":0,"texture":"#0"},"west":{"uv":[4.625,7.875,4.75,8.0],"tintindex":0,"rotation":0,"texture":"#0"},"up":{"uv":[8.1875,6.9375,7.8125,6.8125],"tintindex":0,"rotation":0,"texture":"#0"},"down":{"uv":[8.1875,6.9375,7.8125,7.0625],"tintindex":0,"rotation":0,"texture":"#0"}}}],"display":{"gui":{"rotation":[30,225,0]}}}