{"textures":{"0":"modelengine:entity/cetus_dragon"},"elements":[{"from":[8.507956,6.634369,5.961277],"to":[14.557955,7.7343674,7.0612755],"faces":{"east":{"uv":[4.8125,5.1875,4.875,5.25],"tintindex":0,"rotation":0,"texture":"#0"},"south":{"uv":[7.9375,3.0625,8.3125,3.125],"tintindex":0,"rotation":0,"texture":"#0"},"north":{"uv":[2.8125,7.9375,3.1875,8.0],"tintindex":0,"rotation":0,"texture":"#0"},"west":{"uv":[0.9375,5.25,1.0,5.3125],"tintindex":0,"rotation":0,"texture":"#0"},"up":{"uv":[8.3125,3.1875,7.9375,3.125],"tintindex":0,"rotation":0,"texture":"#0"},"down":{"uv":[8.3125,3.1875,7.9375,3.25],"tintindex":0,"rotation":0,"texture":"#0"}}}],"display":{"gui":{"rotation":[30,225,0]}}}