{"textures":{"0":"modelengine:entity/cetus_dragon"},"elements":[{"from":[12.5,12.0,10.75],"to":[22.5,18.0,10.75],"faces":{"south":{"uv":[6.25,1.0625,6.875,1.4375],"tintindex":0,"rotation":0,"texture":"#0"},"north":{"uv":[6.25,0.6875,6.875,1.0625],"tintindex":0,"rotation":0,"texture":"#0"}}},{"from":[12.5,7.0,8.5],"to":[22.5,12.0,13.0],"faces":{"east":{"uv":[1.8125,7.5,2.125,7.8125],"tintindex":0,"rotation":0,"texture":"#0"},"south":{"uv":[3.375,6.4375,4.0,6.75],"tintindex":0,"rotation":0,"texture":"#0"},"north":{"uv":[6.3125,0.375,6.9375,0.6875],"tintindex":0,"rotation":0,"texture":"#0"},"west":{"uv":[7.5,2.0,7.8125,2.3125],"tintindex":0,"rotation":0,"texture":"#0"},"up":{"uv":[7.0625,4.375,6.4375,4.0625],"tintindex":0,"rotation":0,"texture":"#0"},"down":{"uv":[7.0625,4.375,6.4375,4.6875],"tintindex":0,"rotation":0,"texture":"#0"}}}],"display":{"gui":{"rotation":[30,225,0]}}}