{"textures":{"0":"modelengine:entity/cetus_dragon"},"elements":[{"from":[4.0,4.75,7.0],"to":[9.5,7.0,9.0],"faces":{"east":{"uv":[4.75,7.875,4.875,8.0],"tintindex":0,"rotation":0,"texture":"#0"},"south":{"uv":[7.125,7.8125,7.5,7.9375],"tintindex":0,"rotation":0,"texture":"#0"},"north":{"uv":[7.8125,7.0625,8.1875,7.1875],"tintindex":0,"rotation":0,"texture":"#0"},"west":{"uv":[6.9375,7.875,7.0625,8.0],"tintindex":0,"rotation":0,"texture":"#0"},"up":{"uv":[8.25,0.3125,7.875,0.1875],"tintindex":0,"rotation":0,"texture":"#0"},"down":{"uv":[8.25,0.3125,7.875,0.4375],"tintindex":0,"rotation":0,"texture":"#0"}},"rotation":{"origin":[6.75,5.75,8.0],"angle":45.0,"axis":"z"}},{"from":[7.5,6.5,4.75],"to":[13.5,9.5,11.25],"faces":{"east":{"uv":[5.25,3.75,5.6875,3.9375],"tintindex":0,"rotation":0,"texture":"#0"},"south":{"uv":[7.625,7.375,8.0,7.5625],"tintindex":0,"rotation":0,"texture":"#0"},"north":{"uv":[7.375,7.625,7.75,7.8125],"tintindex":0,"rotation":0,"texture":"#0"},"west":{"uv":[3.375,5.9375,3.8125,6.125],"tintindex":0,"rotation":0,"texture":"#0"},"up":{"uv":[2.1875,7.5,1.8125,7.0625],"tintindex":0,"rotation":0,"texture":"#0"},"down":{"uv":[3.625,7.0625,3.25,7.5],"tintindex":0,"rotation":0,"texture":"#0"}}}],"display":{"gui":{"rotation":[30,225,0]}}}