{"textures":{"0":"modelengine:entity/1000078280"},"elements":[{"from":[7.247403,8.185803,11.530617],"to":[6.8757963,7.8141966,10.849337],"faces":{"east":{"uv":[5.875,0.75,6.125,0.875],"tintindex":0,"rotation":90,"texture":"#0"},"south":{"uv":[5.0,5.625,4.75,5.875],"tintindex":0,"rotation":0,"texture":"#0"},"north":{"uv":[4.75,5.875,4.5,5.625],"tintindex":0,"rotation":180,"texture":"#0"},"west":{"uv":[5.875,0.75,6.125,0.875],"tintindex":0,"rotation":270,"texture":"#0"},"up":{"uv":[5.875,0.75,6.125,0.875],"tintindex":0,"rotation":0,"texture":"#0"},"down":{"uv":[5.875,0.75,6.125,0.875],"tintindex":0,"rotation":180,"texture":"#0"}}},{"from":[7.27837,8.21677,-2.993],"to":[6.84483,7.7832303,-2.1878538],"faces":{"east":{"uv":[1.25,5.625,1.5,6.75],"tintindex":0,"rotation":90,"texture":"#0"},"south":{"uv":[2.0,5.625,1.75,5.875],"tintindex":0,"rotation":0,"texture":"#0"},"north":{"uv":[1.75,5.875,1.5,5.625],"tintindex":0,"rotation":180,"texture":"#0"},"west":{"uv":[1.25,5.625,1.5,6.75],"tintindex":0,"rotation":270,"texture":"#0"},"up":{"uv":[1.25,5.625,1.5,6.75],"tintindex":0,"rotation":0,"texture":"#0"},"down":{"uv":[1.25,5.625,1.5,6.75],"tintindex":0,"rotation":180,"texture":"#0"}}},{"from":[7.3093367,8.247737,-1.7233467],"to":[6.8138633,7.7522635,-2.2188206],"faces":{"east":{"uv":[5.875,0.75,6.125,0.875],"tintindex":0,"rotation":90,"texture":"#0"},"south":{"uv":[5.0,5.625,4.75,5.875],"tintindex":0,"rotation":0,"texture":"#0"},"north":{"uv":[4.75,5.875,4.5,5.625],"tintindex":0,"rotation":180,"texture":"#0"},"west":{"uv":[5.875,0.75,6.125,0.875],"tintindex":0,"rotation":270,"texture":"#0"},"up":{"uv":[5.875,0.75,6.125,0.875],"tintindex":0,"rotation":0,"texture":"#0"},"down":{"uv":[5.875,0.75,6.125,0.875],"tintindex":0,"rotation":180,"texture":"#0"}}},{"from":[7.40224,8.34064,-3.3955746],"to":[6.7209597,7.65936,-2.8381634],"faces":{"east":{"uv":[5.875,1.125,6.125,1.0],"tintindex":0,"rotation":90,"texture":"#0"},"south":{"uv":[5.46094,5.64063,5.21094,5.89063],"tintindex":0,"rotation":0,"texture":"#0"},"north":{"uv":[5.625,6.02344,5.375,5.77344],"tintindex":0,"rotation":180,"texture":"#0"},"west":{"uv":[5.875,1.125,6.125,1.0],"tintindex":0,"rotation":270,"texture":"#0"},"up":{"uv":[6.16406,0.96094,6.41406,0.83594],"tintindex":0,"rotation":0,"texture":"#0"},"down":{"uv":[6.16406,0.96094,6.41406,0.83594],"tintindex":0,"rotation":180,"texture":"#0"}}},{"from":[7.0616,7.938067,-1.9710836],"to":[10.15832,7.938067,5.4610467],"faces":{"up":{"uv":[3.82031,3.21094,5.0,5.625],"tintindex":0,"rotation":0,"texture":"#0"},"down":{"uv":[5.0,3.21094,3.82031,5.625],"tintindex":0,"rotation":180,"texture":"#0"}}},{"from":[7.3093367,8.247737,-1.7233467],"to":[6.8138633,7.7522635,-1.2898035],"faces":{"east":{"uv":[5.875,1.0,6.125,0.875],"tintindex":0,"rotation":90,"texture":"#0"},"south":{"uv":[4.0,5.625,3.75,5.875],"tintindex":0,"rotation":0,"texture":"#0"},"north":{"uv":[3.75,5.875,3.5,5.625],"tintindex":0,"rotation":180,"texture":"#0"},"west":{"uv":[5.875,1.0,6.125,0.875],"tintindex":0,"rotation":270,"texture":"#0"},"up":{"uv":[5.875,1.0,6.125,0.875],"tintindex":0,"rotation":0,"texture":"#0"},"down":{"uv":[5.875,1.0,6.125,0.875],"tintindex":0,"rotation":180,"texture":"#0"}}},{"from":[6.7519264,7.6903267,2.0546532],"to":[7.3712735,8.309673,2.3643265],"faces":{"east":{"uv":[5.875,0.875,6.125,1.0],"tintindex":0,"rotation":90,"texture":"#0"},"south":{"uv":[6.125,0.25,5.875,0.5],"tintindex":0,"rotation":0,"texture":"#0"},"north":{"uv":[6.125,0.25,5.875,0.0],"tintindex":0,"rotation":180,"texture":"#0"},"west":{"uv":[5.875,0.875,6.125,1.0],"tintindex":0,"rotation":270,"texture":"#0"},"up":{"uv":[5.875,0.875,6.125,1.0],"tintindex":0,"rotation":0,"texture":"#0"},"down":{"uv":[5.875,0.875,6.125,1.0],"tintindex":0,"rotation":180,"texture":"#0"}}},{"from":[7.247403,8.185803,-1.4756069],"to":[6.8757963,7.8141966,2.4881935],"faces":{"east":{"uv":[1.0,5.625,1.25,7.375],"tintindex":0,"rotation":90,"texture":"#0"},"south":{"uv":[3.5,5.625,3.25,5.875],"tintindex":0,"rotation":0,"texture":"#0"},"north":{"uv":[3.25,5.875,3.0,5.625],"tintindex":0,"rotation":180,"texture":"#0"},"west":{"uv":[1.0,5.625,1.25,7.375],"tintindex":0,"rotation":270,"texture":"#0"},"up":{"uv":[1.0,5.625,1.25,7.375],"tintindex":0,"rotation":0,"texture":"#0"},"down":{"uv":[1.0,5.625,1.25,7.375],"tintindex":0,"rotation":180,"texture":"#0"}}},{"from":[7.0616,7.938067,-14.693335],"to":[9.229303,7.938067,-2.280754],"faces":{"up":{"uv":[3.82031,0.92969,4.26563,3.03906],"tintindex":0,"rotation":0,"texture":"#0"},"down":{"uv":[4.26563,0.92969,3.82031,3.03906],"tintindex":0,"rotation":180,"texture":"#0"}}},{"from":[7.27837,8.21677,10.942241],"to":[6.84483,7.7832303,10.5087],"faces":{"east":{"uv":[5.875,0.875,6.125,1.0],"tintindex":0,"rotation":90,"texture":"#0"},"south":{"uv":[4.5,5.625,4.25,5.875],"tintindex":0,"rotation":0,"texture":"#0"},"north":{"uv":[4.25,5.875,4.0,5.625],"tintindex":0,"rotation":180,"texture":"#0"},"west":{"uv":[5.875,0.875,6.125,1.0],"tintindex":0,"rotation":270,"texture":"#0"},"up":{"uv":[5.875,0.875,6.125,1.0],"tintindex":0,"rotation":0,"texture":"#0"},"down":{"uv":[5.875,0.875,6.125,1.0],"tintindex":0,"rotation":180,"texture":"#0"}}},{"from":[3.96488,7.938067,-1.9710836],"to":[7.0616,7.938067,5.4610467],"faces":{"up":{"uv":[5.0,3.21094,3.82031,5.625],"tintindex":0,"rotation":0,"texture":"#0"},"down":{"uv":[3.82031,3.21094,5.0,5.625],"tintindex":0,"rotation":180,"texture":"#0"}}},{"from":[6.7519264,7.6903267,3.9126863],"to":[7.3712735,8.309673,4.222357],"faces":{"east":{"uv":[5.875,1.0,6.125,0.875],"tintindex":0,"rotation":90,"texture":"#0"},"south":{"uv":[2.5,5.625,2.25,5.875],"tintindex":0,"rotation":0,"texture":"#0"},"north":{"uv":[2.25,5.875,2.0,5.625],"tintindex":0,"rotation":180,"texture":"#0"},"west":{"uv":[5.875,1.0,6.125,0.875],"tintindex":0,"rotation":270,"texture":"#0"},"up":{"uv":[5.875,1.0,6.125,0.875],"tintindex":0,"rotation":0,"texture":"#0"},"down":{"uv":[5.875,1.0,6.125,0.875],"tintindex":0,"rotation":180,"texture":"#0"}}},{"from":[7.27837,8.21677,-1.4446402],"to":[6.84483,7.7832303,-0.63949394],"faces":{"east":{"uv":[5.875,1.0,6.125,0.875],"tintindex":0,"rotation":90,"texture":"#0"},"south":{"uv":[4.0,5.625,3.75,5.875],"tintindex":0,"rotation":0,"texture":"#0"},"north":{"uv":[3.75,5.875,3.5,5.625],"tintindex":0,"rotation":180,"texture":"#0"},"west":{"uv":[5.875,1.0,6.125,0.875],"tintindex":0,"rotation":270,"texture":"#0"},"up":{"uv":[5.875,1.0,6.125,0.875],"tintindex":0,"rotation":0,"texture":"#0"},"down":{"uv":[5.875,1.0,6.125,0.875],"tintindex":0,"rotation":180,"texture":"#0"}}},{"from":[7.27837,8.21677,2.2714233],"to":[6.84483,7.7832303,4.0055866],"faces":{"east":{"uv":[1.25,5.625,1.5,6.75],"tintindex":0,"rotation":90,"texture":"#0"},"south":{"uv":[2.0,5.625,1.75,5.875],"tintindex":0,"rotation":0,"texture":"#0"},"north":{"uv":[1.75,5.875,1.5,5.625],"tintindex":0,"rotation":180,"texture":"#0"},"west":{"uv":[1.25,5.625,1.5,6.75],"tintindex":0,"rotation":270,"texture":"#0"},"up":{"uv":[1.25,5.625,1.5,6.75],"tintindex":0,"rotation":0,"texture":"#0"},"down":{"uv":[1.25,5.625,1.5,6.75],"tintindex":0,"rotation":180,"texture":"#0"}}},{"from":[7.247403,8.185803,3.7888165],"to":[6.8757963,7.8141966,10.849337],"faces":{"east":{"uv":[0.25,5.625,0.5,8.875],"tintindex":0,"rotation":90,"texture":"#0"},"south":{"uv":[3.0,5.625,2.75,5.875],"tintindex":0,"rotation":0,"texture":"#0"},"north":{"uv":[2.75,5.875,2.5,5.625],"tintindex":0,"rotation":180,"texture":"#0"},"west":{"uv":[0.75,5.625,1.0,8.875],"tintindex":0,"rotation":270,"texture":"#0"},"up":{"uv":[0.5,5.625,0.75,8.875],"tintindex":0,"rotation":0,"texture":"#0"},"down":{"uv":[0.0,5.625,0.25,8.875],"tintindex":0,"rotation":180,"texture":"#0"}}},{"from":[4.5842233,7.938067,-14.693335],"to":[7.0616,7.938067,-2.280754],"faces":{"up":{"uv":[4.26563,0.92969,3.82031,3.03906],"tintindex":0,"rotation":0,"texture":"#0"},"down":{"uv":[3.82031,0.92969,4.26563,3.03906],"tintindex":0,"rotation":180,"texture":"#0"}}},{"from":[4.8938966,8.0,8.248094],"to":[7.0616,8.0,11.964157],"faces":{"up":{"uv":[5.88281,0.0,5.00781,1.5],"tintindex":0,"rotation":0,"texture":"#0"},"down":{"uv":[4.95313,0.0,5.82813,1.5],"tintindex":0,"rotation":180,"texture":"#0"}}},{"from":[7.0616,8.0,8.248094],"to":[9.229303,8.0,11.964157],"faces":{"up":{"uv":[5.875,3.0,5.0,4.5],"tintindex":0,"rotation":0,"texture":"#0"},"down":{"uv":[5.0,3.0,5.875,4.5],"tintindex":0,"rotation":180,"texture":"#0"}}},{"from":[7.3093367,8.247737,-1.3207703],"to":[6.8138633,7.7522635,-0.5775604],"faces":{"east":{"uv":[5.875,1.125,6.125,1.0],"tintindex":0,"rotation":90,"texture":"#0"},"south":{"uv":[5.46094,5.64063,5.21094,5.89063],"tintindex":0,"rotation":0,"texture":"#0"},"north":{"uv":[5.625,6.02344,5.375,5.77344],"tintindex":0,"rotation":180,"texture":"#0"},"west":{"uv":[5.875,1.125,6.125,1.0],"tintindex":0,"rotation":270,"texture":"#0"},"up":{"uv":[6.16406,0.96094,6.41406,0.83594],"tintindex":0,"rotation":0,"texture":"#0"},"down":{"uv":[6.16406,0.96094,6.41406,0.83594],"tintindex":0,"rotation":180,"texture":"#0"}}},{"from":[7.3712735,8.309673,-3.5194435],"to":[6.7519264,7.6903267,-2.9000998],"faces":{"east":{"uv":[5.875,1.0,6.125,0.875],"tintindex":0,"rotation":90,"texture":"#0"},"south":{"uv":[4.0,5.625,3.75,5.875],"tintindex":0,"rotation":0,"texture":"#0"},"north":{"uv":[1.75,5.88281,1.5,5.63281],"tintindex":0,"rotation":180,"texture":"#0"},"west":{"uv":[5.875,1.0,6.125,0.875],"tintindex":0,"rotation":270,"texture":"#0"},"up":{"uv":[5.875,1.0,6.125,0.875],"tintindex":0,"rotation":0,"texture":"#0"},"down":{"uv":[5.875,1.0,6.125,0.875],"tintindex":0,"rotation":180,"texture":"#0"}}}],"display":{"gui":{"rotation":[30,225,0]}}}