{"textures":{"2":"modelengine:entity/satan_torso","4":"modelengine:entity/type1","6":"modelengine:entity/chickenwings"},"elements":[{"from":[9.155045,1.8295307,12.712795],"to":[21.459732,26.438904,12.712795],"faces":{"south":{"uv":[8.0,8.0,4.0,16.0],"tintindex":0,"rotation":0,"texture":"#6"},"north":{"uv":[4.0,8.0,8.0,16.0],"tintindex":0,"rotation":0,"texture":"#6"}},"rotation":{"origin":[11.862032,-11.364765,9.26744],"angle":-45.0,"axis":"y"}},{"from":[4.668703,21.585949,13.942377],"to":[8.6677265,28.199718,13.942377],"faces":{"east":{"uv":[0.0,0.0,4.0,8.125],"tintindex":0,"rotation":0,"texture":"#4"},"south":{"uv":[0.0,0.0,4.0,8.125],"tintindex":0,"rotation":0,"texture":"#4"},"north":{"uv":[0.0,0.0,4.0,8.125],"tintindex":0,"rotation":0,"texture":"#4"},"west":{"uv":[0.0,0.0,4.0,8.125],"tintindex":0,"rotation":0,"texture":"#4"},"up":{"uv":[0.0,0.0,4.0,8.125],"tintindex":0,"rotation":0,"texture":"#4"},"down":{"uv":[0.0,0.0,4.0,8.125],"tintindex":0,"rotation":0,"texture":"#4"}},"rotation":{"origin":[1.8644738,18.78172,13.420272],"angle":45.0,"axis":"z"}},{"from":[21.25995,11.913097,14.232904],"to":[24.797548,17.450207,14.232904],"faces":{"east":{"uv":[4.0,0.0,0.0,8.125],"tintindex":0,"rotation":0,"texture":"#4"},"south":{"uv":[4.0,0.0,0.0,8.125],"tintindex":0,"rotation":0,"texture":"#4"},"north":{"uv":[4.0,0.0,0.0,8.125],"tintindex":0,"rotation":0,"texture":"#4"},"west":{"uv":[4.0,0.0,0.0,8.125],"tintindex":0,"rotation":0,"texture":"#4"},"up":{"uv":[4.0,0.0,0.0,8.125],"tintindex":0,"rotation":0,"texture":"#4"},"down":{"uv":[4.0,0.0,0.0,8.125],"tintindex":0,"rotation":0,"texture":"#4"}},"rotation":{"origin":[27.601778,9.108868,13.710799],"angle":-45.0,"axis":"z"}},{"from":[-8.763914,6.4443474,14.232904],"to":[-5.2263165,11.981457,14.232904],"faces":{"east":{"uv":[0.0,0.0,4.0,8.125],"tintindex":0,"rotation":0,"texture":"#4"},"south":{"uv":[0.0,0.0,4.0,8.125],"tintindex":0,"rotation":0,"texture":"#4"},"north":{"uv":[0.0,0.0,4.0,8.125],"tintindex":0,"rotation":0,"texture":"#4"},"west":{"uv":[0.0,0.0,4.0,8.125],"tintindex":0,"rotation":0,"texture":"#4"},"up":{"uv":[0.0,0.0,4.0,8.125],"tintindex":0,"rotation":0,"texture":"#4"},"down":{"uv":[0.0,0.0,4.0,8.125],"tintindex":0,"rotation":0,"texture":"#4"}},"rotation":{"origin":[-11.568144,3.6401176,13.710799],"angle":45.0,"axis":"z"}},{"from":[-13.162777,1.8295307,16.978806],"to":[-0.85808945,26.438904,16.978806],"faces":{"south":{"uv":[8.0,8.0,12.0,16.0],"tintindex":0,"rotation":0,"texture":"#6"},"north":{"uv":[12.0,8.0,8.0,16.0],"tintindex":0,"rotation":0,"texture":"#6"}},"rotation":{"origin":[-4.134062,-11.364765,19.572617],"angle":-22.5,"axis":"y"}},{"from":[17.9787,20.663097,15.326654],"to":[21.516298,26.200207,15.326654],"faces":{"east":{"uv":[0.0,0.0,4.0,8.125],"tintindex":0,"rotation":0,"texture":"#4"},"south":{"uv":[0.0,0.0,4.0,8.125],"tintindex":0,"rotation":0,"texture":"#4"},"north":{"uv":[0.0,0.0,4.0,8.125],"tintindex":0,"rotation":0,"texture":"#4"},"west":{"uv":[0.0,0.0,4.0,8.125],"tintindex":0,"rotation":0,"texture":"#4"},"up":{"uv":[0.0,0.0,4.0,8.125],"tintindex":0,"rotation":0,"texture":"#4"},"down":{"uv":[0.0,0.0,4.0,8.125],"tintindex":0,"rotation":0,"texture":"#4"}},"rotation":{"origin":[24.320528,17.858868,14.804549],"angle":-45.0,"axis":"z"}},{"from":[21.25995,6.4443474,14.232904],"to":[24.797548,11.981457,14.232904],"faces":{"east":{"uv":[4.0,0.0,0.0,8.125],"tintindex":0,"rotation":0,"texture":"#4"},"south":{"uv":[4.0,0.0,0.0,8.125],"tintindex":0,"rotation":0,"texture":"#4"},"north":{"uv":[4.0,0.0,0.0,8.125],"tintindex":0,"rotation":0,"texture":"#4"},"west":{"uv":[4.0,0.0,0.0,8.125],"tintindex":0,"rotation":0,"texture":"#4"},"up":{"uv":[4.0,0.0,0.0,8.125],"tintindex":0,"rotation":0,"texture":"#4"},"down":{"uv":[4.0,0.0,0.0,8.125],"tintindex":0,"rotation":0,"texture":"#4"}},"rotation":{"origin":[27.601778,3.6401176,13.710799],"angle":-45.0,"axis":"z"}},{"from":[14.430786,1.8295307,17.440231],"to":[26.735474,26.438904,17.440231],"faces":{"south":{"uv":[12.03125,8.0,8.03125,16.0],"tintindex":0,"rotation":0,"texture":"#6"},"north":{"uv":[8.0,8.0,12.0,16.0],"tintindex":0,"rotation":0,"texture":"#6"}},"rotation":{"origin":[17.706758,-11.364765,13.881698],"angle":22.5,"axis":"y"}},{"from":[7.365908,21.585949,13.942377],"to":[11.364931,28.199718,13.942377],"faces":{"east":{"uv":[0.0,0.0,4.0,8.125],"tintindex":0,"rotation":0,"texture":"#4"},"south":{"uv":[0.0,0.0,4.0,8.125],"tintindex":0,"rotation":0,"texture":"#4"},"north":{"uv":[0.0,0.0,4.0,8.125],"tintindex":0,"rotation":0,"texture":"#4"},"west":{"uv":[0.0,0.0,4.0,8.125],"tintindex":0,"rotation":0,"texture":"#4"},"up":{"uv":[0.0,0.0,4.0,8.125],"tintindex":0,"rotation":0,"texture":"#4"},"down":{"uv":[0.0,0.0,4.0,8.125],"tintindex":0,"rotation":0,"texture":"#4"}},"rotation":{"origin":[14.169161,18.78172,13.420272],"angle":-45.0,"axis":"z"}},{"from":[2.600802,13.112055,6.316788],"to":[13.510958,16.748772,9.953506],"faces":{"east":{"uv":[5.25,6.75,6.25,7.5],"tintindex":0,"rotation":0,"texture":"#2"},"south":{"uv":[5.5,5.5,8.5,6.25],"tintindex":0,"rotation":0,"texture":"#2"},"north":{"uv":[5.5,4.75,8.5,5.5],"tintindex":0,"rotation":0,"texture":"#2"},"west":{"uv":[0.0,7.0,1.0,7.75],"tintindex":0,"rotation":0,"texture":"#2"},"up":{"uv":[3.0,4.75,0.0,3.75],"tintindex":0,"rotation":0,"texture":"#2"},"down":{"uv":[6.0,3.75,3.0,4.75],"tintindex":0,"rotation":0,"texture":"#2"}}},{"from":[-5.426097,1.8295307,12.712795],"to":[6.8785906,26.438904,12.712795],"faces":{"south":{"uv":[8.0,0.0,4.0,8.0],"tintindex":0,"rotation":0,"texture":"#6"},"north":{"uv":[4.0,0.0,8.0,8.0],"tintindex":0,"rotation":0,"texture":"#6"}},"rotation":{"origin":[4.1716022,-11.364765,9.26744],"angle":45.0,"axis":"y"}},{"from":[-5.482664,20.663097,15.326654],"to":[-1.9450665,26.200207,15.326654],"faces":{"east":{"uv":[0.0,0.0,4.0,8.125],"tintindex":0,"rotation":0,"texture":"#4"},"south":{"uv":[0.0,0.0,4.0,8.125],"tintindex":0,"rotation":0,"texture":"#4"},"north":{"uv":[0.0,0.0,4.0,8.125],"tintindex":0,"rotation":0,"texture":"#4"},"west":{"uv":[0.0,0.0,4.0,8.125],"tintindex":0,"rotation":0,"texture":"#4"},"up":{"uv":[0.0,0.0,4.0,8.125],"tintindex":0,"rotation":0,"texture":"#4"},"down":{"uv":[0.0,0.0,4.0,8.125],"tintindex":0,"rotation":0,"texture":"#4"}},"rotation":{"origin":[-8.286894,17.858868,14.804549],"angle":45.0,"axis":"z"}},{"from":[3.3736048,11.225512,5.3667],"to":[12.738155,14.998608,9.994425],"faces":{"east":{"uv":[6.25,6.25,7.03125,7.28125],"tintindex":0,"rotation":0,"texture":"#2"},"south":{"uv":[2.75,4.75,5.3125,5.78125],"tintindex":0,"rotation":0,"texture":"#2"},"north":{"uv":[0.0,4.75,2.5625,5.78125],"tintindex":0,"rotation":0,"texture":"#2"},"west":{"uv":[4.25,6.75,5.03125,7.78125],"tintindex":0,"rotation":0,"texture":"#2"},"up":{"uv":[2.5625,6.78125,0.0,6.0],"tintindex":0,"rotation":0,"texture":"#2"},"down":{"uv":[8.5625,0.0,6.0,0.78125],"tintindex":0,"rotation":0,"texture":"#2"}}},{"from":[-8.763914,11.913097,14.232904],"to":[-5.2263165,17.450207,14.232904],"faces":{"east":{"uv":[0.0,0.0,4.0,8.125],"tintindex":0,"rotation":0,"texture":"#4"},"south":{"uv":[0.0,0.0,4.0,8.125],"tintindex":0,"rotation":0,"texture":"#4"},"north":{"uv":[0.0,0.0,4.0,8.125],"tintindex":0,"rotation":0,"texture":"#4"},"west":{"uv":[0.0,0.0,4.0,8.125],"tintindex":0,"rotation":0,"texture":"#4"},"up":{"uv":[0.0,0.0,4.0,8.125],"tintindex":0,"rotation":0,"texture":"#4"},"down":{"uv":[0.0,0.0,4.0,8.125],"tintindex":0,"rotation":0,"texture":"#4"}},"rotation":{"origin":[-11.568144,9.108868,13.710799],"angle":45.0,"axis":"z"}}],"display":{"gui":{"rotation":[30,225,0]}}}