{"textures":{"12":"wrath:wrath_texture/insideblade","13":"wrath:wrath_texture/satanno12","16":"wrath:wrath_texture/blade","17":"wrath:wrath_texture/stuff","7":"wrath:wrath_texture/gagang","18":"wrath:wrath_texture/satanno17","19":"wrath:wrath_texture/spike1","8":"wrath:wrath_texture/handle","9":"wrath:wrath_texture/skull","10":"wrath:wrath_texture/type3"},"elements":[{"from":[7.881172,23.782627,9.446174],"to":[8.150813,24.046797,10.507337],"faces":{"east":{"uv":[1.5,8.5,1.75,9.5],"tintindex":0,"rotation":90,"texture":"#16"},"south":{"uv":[9.75,9.0,9.5,9.25],"tintindex":0,"rotation":270,"texture":"#16"},"north":{"uv":[9.25,9.75,9.0,9.5],"tintindex":0,"rotation":270,"texture":"#16"},"west":{"uv":[7.0,8.5,7.25,9.5],"tintindex":0,"rotation":270,"texture":"#16"},"up":{"uv":[8.5,6.5,8.75,7.5],"tintindex":0,"rotation":0,"texture":"#16"},"down":{"uv":[7.5,8.5,7.75,9.5],"tintindex":0,"rotation":180,"texture":"#16"}},"rotation":{"origin":[8.555286,24.030258,10.04871],"angle":-45.0,"axis":"x"}},{"from":[7.1723657,23.7933,10.398085],"to":[8.748013,23.966957,11.057209],"faces":{"east":{"uv":[8.0,11.5,8.375,12.9375],"tintindex":0,"rotation":90,"texture":"#9"},"south":{"uv":[7.0,13.1875,7.375,12.0],"tintindex":0,"rotation":270,"texture":"#9"},"north":{"uv":[12.0,6.5,12.375,7.6875],"tintindex":0,"rotation":270,"texture":"#9"},"west":{"uv":[7.5,11.5,7.875,12.9375],"tintindex":0,"rotation":270,"texture":"#9"},"up":{"uv":[8.0,0.0,9.1875,1.4375],"tintindex":0,"rotation":0,"texture":"#9"},"down":{"uv":[7.5,2.0,8.6875,3.4375],"tintindex":0,"rotation":180,"texture":"#9"}},"rotation":{"origin":[7.872868,23.742111,10.666932],"angle":-22.5,"axis":"x"}},{"from":[7.4652734,21.435032,9.351483],"to":[8.363072,22.054203,10.545601],"faces":{"east":{"uv":[2.25,5.0,2.42188,5.34375],"tintindex":0,"rotation":90,"texture":"#16"},"south":{"uv":[1.375,5.625,1.125,5.79688],"tintindex":0,"rotation":180,"texture":"#16"},"north":{"uv":[5.875,1.04688,5.625,0.875],"tintindex":0,"rotation":0,"texture":"#16"},"west":{"uv":[2.0,5.0,2.17188,5.34375],"tintindex":0,"rotation":270,"texture":"#16"},"up":{"uv":[2.0,4.625,2.25,4.96875],"tintindex":0,"rotation":0,"texture":"#16"},"down":{"uv":[2.25,4.625,2.5,4.96875],"tintindex":0,"rotation":180,"texture":"#16"}},"rotation":{"origin":[7.8920636,23.173733,9.630463],"angle":-45.0,"axis":"x"}},{"from":[7.8879085,23.785093,9.493001],"to":[8.154857,24.046629,10.021492],"faces":{"east":{"uv":[9.5,5.5,9.75,6.0],"tintindex":0,"rotation":90,"texture":"#16"},"south":{"uv":[0.25,10.0,0.0,10.25],"tintindex":0,"rotation":270,"texture":"#16"},"north":{"uv":[9.75,9.75,9.5,9.5],"tintindex":0,"rotation":270,"texture":"#16"},"west":{"uv":[6.5,9.5,6.75,10.0],"tintindex":0,"rotation":270,"texture":"#16"},"up":{"uv":[9.5,6.0,9.75,6.5],"tintindex":0,"rotation":0,"texture":"#16"},"down":{"uv":[9.5,6.5,9.75,7.0],"tintindex":0,"rotation":180,"texture":"#16"}},"rotation":{"origin":[8.555286,24.030258,10.04871],"angle":-22.5,"axis":"x"}},{"from":[6.9945245,20.974289,9.87091],"to":[8.945697,23.354927,11.72252],"faces":{"east":{"uv":[4.5,0.0,0.0,4.5],"tintindex":0,"rotation":90,"texture":"#10"},"south":{"uv":[5.0,0.5,9.5,1.0],"tintindex":0,"rotation":270,"texture":"#10"},"north":{"uv":[5.0,0.5,9.5,0.0],"tintindex":0,"rotation":270,"texture":"#10"},"west":{"uv":[0.0,0.0,4.5,4.5],"tintindex":0,"rotation":270,"texture":"#10"},"up":{"uv":[5.0,4.5,4.5,9.0],"tintindex":0,"rotation":0,"texture":"#10"},"down":{"uv":[5.0,0.0,4.5,4.5],"tintindex":0,"rotation":180,"texture":"#10"}},"rotation":{"origin":[9.025051,22.799446,11.622353],"angle":-22.5,"axis":"x"}},{"from":[7.957813,18.290916,-2.6284447],"to":[8.069701,27.769127,10.81487],"faces":{"east":{"uv":[3.75,0.0,7.5,6.0],"tintindex":0,"rotation":90,"texture":"#12"},"south":{"uv":[11.28125,0.0,15.03125,6.0],"tintindex":0,"rotation":270,"texture":"#12"},"north":{"uv":[11.625,0.0,15.375,6.0],"tintindex":0,"rotation":270,"texture":"#12"},"west":{"uv":[3.75,0.0,7.5,6.0],"tintindex":0,"rotation":270,"texture":"#12"},"up":{"uv":[12.03125,0.0,15.78125,6.0],"tintindex":0,"rotation":0,"texture":"#12"},"down":{"uv":[11.875,0.0,15.625,6.0],"tintindex":0,"rotation":180,"texture":"#12"}}},{"from":[7.4763336,20.822899,10.193743],"to":[8.352019,21.397842,11.343634],"faces":{"east":{"uv":[5.375,1.125,5.53125,1.45313],"tintindex":0,"rotation":90,"texture":"#7"},"south":{"uv":[5.875,4.53125,5.625,4.375],"tintindex":0,"rotation":180,"texture":"#7"},"north":{"uv":[5.875,3.875,5.625,4.03125],"tintindex":0,"rotation":0,"texture":"#7"},"west":{"uv":[5.53125,1.125,5.375,1.45313],"tintindex":0,"rotation":270,"texture":"#7"},"up":{"uv":[4.875,3.5,4.625,3.82813],"tintindex":0,"rotation":0,"texture":"#7"},"down":{"uv":[4.875,3.125,4.625,3.45313],"tintindex":0,"rotation":180,"texture":"#7"}},"rotation":{"origin":[7.8920636,23.173733,9.630463],"angle":-22.5,"axis":"x"}},{"from":[7.9011827,24.181318,4.007466],"to":[8.162829,25.278305,5.4335585],"faces":{"east":{"uv":[3.0,4.0,4.03125,5.34375],"tintindex":0,"rotation":90,"texture":"#16"},"south":{"uv":[3.0,4.0,4.03125,5.34375],"tintindex":0,"rotation":270,"texture":"#16"},"north":{"uv":[3.0,4.0,4.03125,5.34375],"tintindex":0,"rotation":270,"texture":"#16"},"west":{"uv":[4.03125,4.0,3.0,5.34375],"tintindex":0,"rotation":270,"texture":"#16"},"up":{"uv":[3.0,4.0,4.03125,5.34375],"tintindex":0,"rotation":0,"texture":"#16"},"down":{"uv":[3.0,4.0,4.03125,5.34375],"tintindex":0,"rotation":180,"texture":"#16"}}},{"from":[7.134355,22.0067,10.212067],"to":[8.793815,22.429482,10.968952],"faces":{"east":{"uv":[6.4375,8.0,5.5,9.625],"tintindex":0,"rotation":90,"texture":"#9"},"south":{"uv":[0.9375,10.375,0.0,9.0],"tintindex":0,"rotation":270,"texture":"#9"},"north":{"uv":[2.9375,5.0,2.0,6.375],"tintindex":0,"rotation":270,"texture":"#9"},"west":{"uv":[5.4375,8.0,4.5,9.625],"tintindex":0,"rotation":270,"texture":"#9"},"up":{"uv":[7.375,2.0,6.0,3.625],"tintindex":0,"rotation":0,"texture":"#9"},"down":{"uv":[6.375,6.0,5.0,7.625],"tintindex":0,"rotation":180,"texture":"#9"}},"rotation":{"origin":[8.237523,22.01897,11.058039],"angle":45.0,"axis":"x"}},{"from":[7.9011827,20.764074,4.007466],"to":[8.162829,21.861061,5.4335585],"faces":{"east":{"uv":[4.03125,4.0,3.0,5.34375],"tintindex":0,"rotation":90,"texture":"#16"},"south":{"uv":[4.03125,4.0,3.0,5.34375],"tintindex":0,"rotation":270,"texture":"#16"},"north":{"uv":[4.03125,4.0,3.0,5.34375],"tintindex":0,"rotation":270,"texture":"#16"},"west":{"uv":[3.0,4.0,4.03125,5.34375],"tintindex":0,"rotation":270,"texture":"#16"},"up":{"uv":[4.03125,4.0,3.0,5.34375],"tintindex":0,"rotation":0,"texture":"#16"},"down":{"uv":[4.03125,4.0,3.0,5.34375],"tintindex":0,"rotation":180,"texture":"#16"}}},{"from":[7.4873867,24.384937,11.051422],"to":[8.34096,24.959883,12.112852],"faces":{"east":{"uv":[5.53125,3.875,5.375,4.17188],"tintindex":0,"rotation":90,"texture":"#7"},"south":{"uv":[6.10938,0.25,5.875,0.40625],"tintindex":0,"rotation":180,"texture":"#7"},"north":{"uv":[6.10938,0.15625,5.875,0.0],"tintindex":0,"rotation":0,"texture":"#7"},"west":{"uv":[5.375,3.875,5.53125,4.17188],"tintindex":0,"rotation":270,"texture":"#7"},"up":{"uv":[0.375,4.875,0.60938,5.17188],"tintindex":0,"rotation":0,"texture":"#7"},"down":{"uv":[4.875,2.25,5.10938,2.54688],"tintindex":0,"rotation":180,"texture":"#7"}}},{"from":[7.906344,19.948322,-0.8109932],"to":[8.157676,20.904995,-0.37362194],"faces":{"east":{"uv":[3.90625,7.5,3.0,7.90625],"tintindex":0,"rotation":90,"texture":"#16"},"south":{"uv":[3.90625,7.5,3.0,7.90625],"tintindex":0,"rotation":270,"texture":"#16"},"north":{"uv":[3.90625,7.5,3.0,7.90625],"tintindex":0,"rotation":270,"texture":"#16"},"west":{"uv":[3.0,7.5,3.90625,7.90625],"tintindex":0,"rotation":270,"texture":"#16"},"up":{"uv":[3.90625,7.5,3.0,7.90625],"tintindex":0,"rotation":0,"texture":"#16"},"down":{"uv":[3.90625,7.5,3.0,7.90625],"tintindex":0,"rotation":180,"texture":"#16"}},"rotation":{"origin":[8.032006,19.955284,-0.016356468],"angle":-22.5,"axis":"x"}},{"from":[7.2207336,23.775784,10.222972],"to":[8.699645,24.322079,10.667284],"faces":{"east":{"uv":[10.0,9.5,11.1875,10.4375],"tintindex":0,"rotation":90,"texture":"#9"},"south":{"uv":[9.5,4.5,10.6875,3.5],"tintindex":0,"rotation":270,"texture":"#9"},"north":{"uv":[9.0,6.0,10.1875,7.0],"tintindex":0,"rotation":270,"texture":"#9"},"west":{"uv":[6.0,10.0,7.1875,10.9375],"tintindex":0,"rotation":270,"texture":"#9"},"up":{"uv":[7.5,10.5,8.5,11.4375],"tintindex":0,"rotation":0,"texture":"#9"},"down":{"uv":[10.5,5.5,11.5,6.4375],"tintindex":0,"rotation":180,"texture":"#9"}}},{"from":[7.9024906,20.76764,5.3400497],"to":[8.161522,21.302816,5.845765],"faces":{"east":{"uv":[9.0,7.5,8.5,7.96875],"tintindex":0,"rotation":90,"texture":"#16"},"south":{"uv":[9.0,7.5,8.5,7.96875],"tintindex":0,"rotation":270,"texture":"#16"},"north":{"uv":[9.0,7.5,8.5,7.96875],"tintindex":0,"rotation":270,"texture":"#16"},"west":{"uv":[8.5,7.5,9.0,7.96875],"tintindex":0,"rotation":270,"texture":"#16"},"up":{"uv":[9.0,7.5,8.5,7.96875],"tintindex":0,"rotation":0,"texture":"#16"},"down":{"uv":[9.0,7.5,8.5,7.96875],"tintindex":0,"rotation":180,"texture":"#16"}},"rotation":{"origin":[8.032006,20.828888,5.3865614],"angle":-22.5,"axis":"x"}},{"from":[7.9050713,19.527447,-0.6555176],"to":[8.158942,20.613464,1.0664983],"faces":{"east":{"uv":[4.03125,0.0,3.0,1.625],"tintindex":0,"rotation":90,"texture":"#16"},"south":{"uv":[4.03125,0.0,3.0,1.625],"tintindex":0,"rotation":270,"texture":"#16"},"north":{"uv":[4.03125,0.0,3.0,1.625],"tintindex":0,"rotation":270,"texture":"#16"},"west":{"uv":[3.0,0.0,4.03125,1.625],"tintindex":0,"rotation":270,"texture":"#16"},"up":{"uv":[4.03125,0.0,3.0,1.625],"tintindex":0,"rotation":0,"texture":"#16"},"down":{"uv":[4.03125,0.0,3.0,1.625],"tintindex":0,"rotation":180,"texture":"#16"}}},{"from":[7.9024906,24.739563,5.3400497],"to":[8.161522,25.27474,5.845765],"faces":{"east":{"uv":[8.5,7.5,9.0,7.96875],"tintindex":0,"rotation":90,"texture":"#16"},"south":{"uv":[8.5,7.5,9.0,7.96875],"tintindex":0,"rotation":270,"texture":"#16"},"north":{"uv":[8.5,7.5,9.0,7.96875],"tintindex":0,"rotation":270,"texture":"#16"},"west":{"uv":[9.0,7.5,8.5,7.96875],"tintindex":0,"rotation":270,"texture":"#16"},"up":{"uv":[8.5,7.5,9.0,7.96875],"tintindex":0,"rotation":0,"texture":"#16"},"down":{"uv":[8.5,7.5,9.0,7.96875],"tintindex":0,"rotation":180,"texture":"#16"}},"rotation":{"origin":[8.032006,25.2135,5.3865614],"angle":22.5,"axis":"x"}},{"from":[7.9024906,24.230116,3.063486],"to":[8.161522,25.327103,4.379876],"faces":{"east":{"uv":[0.0,5.5,1.03125,6.75],"tintindex":0,"rotation":90,"texture":"#16"},"south":{"uv":[0.0,5.5,1.03125,6.75],"tintindex":0,"rotation":270,"texture":"#16"},"north":{"uv":[0.0,5.5,1.03125,6.75],"tintindex":0,"rotation":270,"texture":"#16"},"west":{"uv":[1.03125,5.5,0.0,6.75],"tintindex":0,"rotation":270,"texture":"#16"},"up":{"uv":[0.0,5.5,1.03125,6.75],"tintindex":0,"rotation":0,"texture":"#16"},"down":{"uv":[0.0,5.5,1.03125,6.75],"tintindex":0,"rotation":180,"texture":"#16"}},"rotation":{"origin":[8.5500555,25.127895,4.05852],"angle":22.5,"axis":"x"}},{"from":[7.1052666,22.552578,10.6717],"to":[8.527456,23.39623,10.7801285],"faces":{"east":{"uv":[12.0,4.5,13.75,4.75],"tintindex":0,"rotation":90,"texture":"#9"},"south":{"uv":[7.75,0.0,6.0,1.8125],"tintindex":0,"rotation":270,"texture":"#9"},"north":{"uv":[6.75,5.8125,5.0,4.0],"tintindex":0,"rotation":270,"texture":"#9"},"west":{"uv":[12.0,5.0,13.75,5.25],"tintindex":0,"rotation":270,"texture":"#9"},"up":{"uv":[1.5,12.0,3.3125,12.25],"tintindex":0,"rotation":0,"texture":"#9"},"down":{"uv":[12.0,2.5,13.8125,2.75],"tintindex":0,"rotation":180,"texture":"#9"}}},{"from":[7.4763336,24.644537,10.193743],"to":[8.352019,25.219482,11.343634],"faces":{"east":{"uv":[5.53125,1.125,5.375,1.45313],"tintindex":0,"rotation":90,"texture":"#7"},"south":{"uv":[5.875,4.375,5.625,4.53125],"tintindex":0,"rotation":180,"texture":"#7"},"north":{"uv":[5.875,4.03125,5.625,3.875],"tintindex":0,"rotation":0,"texture":"#7"},"west":{"uv":[5.375,1.125,5.53125,1.45313],"tintindex":0,"rotation":270,"texture":"#7"},"up":{"uv":[4.625,3.125,4.875,3.45313],"tintindex":0,"rotation":0,"texture":"#7"},"down":{"uv":[4.625,3.5,4.875,3.82813],"tintindex":0,"rotation":180,"texture":"#7"}},"rotation":{"origin":[7.8920636,22.868649,9.630463],"angle":22.5,"axis":"x"}},{"from":[8.127448,22.277214,10.768456],"to":[8.917156,23.673668,11.812435],"faces":{"east":{"uv":[2.875,2.5,0.0,4.625],"tintindex":0,"rotation":90,"texture":"#9"},"south":{"uv":[5.875,3.625,3.0,2.0],"tintindex":0,"rotation":270,"texture":"#9"},"north":{"uv":[5.875,0.0,3.0,1.625],"tintindex":0,"rotation":270,"texture":"#9"},"west":{"uv":[2.875,0.0,0.0,2.125],"tintindex":0,"rotation":270,"texture":"#9"},"up":{"uv":[4.625,4.0,3.0,6.125],"tintindex":0,"rotation":0,"texture":"#9"},"down":{"uv":[1.625,5.0,0.0,7.125],"tintindex":0,"rotation":180,"texture":"#9"}}},{"from":[7.6562843,22.409443,15.970491],"to":[8.361659,23.114819,16.32318],"faces":{"east":{"uv":[12.0,0.0,11.0,0.5],"tintindex":0,"rotation":90,"texture":"#16"},"south":{"uv":[4.0,10.5,5.0,11.5],"tintindex":0,"rotation":180,"texture":"#16"},"north":{"uv":[10.0,8.5,11.0,7.5],"tintindex":0,"rotation":0,"texture":"#16"},"west":{"uv":[10.0,11.0,9.0,11.5],"tintindex":0,"rotation":270,"texture":"#16"},"up":{"uv":[11.5,4.0,10.5,4.5],"tintindex":0,"rotation":0,"texture":"#16"},"down":{"uv":[12.0,0.5,11.0,1.0],"tintindex":0,"rotation":180,"texture":"#16"}},"rotation":{"origin":[8.008972,22.76213,16.146835],"angle":45.0,"axis":"x"}},{"from":[7.894581,24.33955,7.330442],"to":[8.158864,24.972363,8.490599],"faces":{"east":{"uv":[0.0,7.0,0.59375,8.09375],"tintindex":0,"rotation":90,"texture":"#16"},"south":{"uv":[0.0,7.0,0.59375,8.09375],"tintindex":0,"rotation":270,"texture":"#16"},"north":{"uv":[0.0,7.0,0.59375,8.09375],"tintindex":0,"rotation":270,"texture":"#16"},"west":{"uv":[0.59375,7.0,0.0,8.09375],"tintindex":0,"rotation":270,"texture":"#16"},"up":{"uv":[0.0,7.0,0.59375,8.09375],"tintindex":0,"rotation":0,"texture":"#16"},"down":{"uv":[0.0,7.0,0.59375,8.09375],"tintindex":0,"rotation":180,"texture":"#16"}},"rotation":{"origin":[8.555286,24.580503,8.122885],"angle":-22.5,"axis":"x"}},{"from":[7.894581,21.070019,7.330442],"to":[8.158864,21.702831,8.490599],"faces":{"east":{"uv":[0.59375,7.0,0.0,8.09375],"tintindex":0,"rotation":90,"texture":"#16"},"south":{"uv":[0.59375,7.0,0.0,8.09375],"tintindex":0,"rotation":270,"texture":"#16"},"north":{"uv":[0.59375,7.0,0.0,8.09375],"tintindex":0,"rotation":270,"texture":"#16"},"west":{"uv":[0.0,7.0,0.59375,8.09375],"tintindex":0,"rotation":270,"texture":"#16"},"up":{"uv":[0.59375,7.0,0.0,8.09375],"tintindex":0,"rotation":0,"texture":"#16"},"down":{"uv":[0.59375,7.0,0.0,8.09375],"tintindex":0,"rotation":180,"texture":"#16"}},"rotation":{"origin":[8.555286,21.461876,8.122885],"angle":22.5,"axis":"x"}},{"from":[7.9197598,23.02095,0.44653893],"to":[8.194056,23.476013,0.90160084],"faces":{"east":{"uv":[1.0,1.5,1.5,2.0],"tintindex":0,"rotation":90,"texture":"#16"},"south":{"uv":[1.0,1.5,1.5,2.0],"tintindex":0,"rotation":270,"texture":"#16"},"north":{"uv":[1.0,1.5,1.5,2.0],"tintindex":0,"rotation":270,"texture":"#16"},"west":{"uv":[1.0,1.5,1.5,2.0],"tintindex":0,"rotation":270,"texture":"#16"},"up":{"uv":[1.0,1.5,1.5,2.0],"tintindex":0,"rotation":0,"texture":"#16"},"down":{"uv":[1.0,1.5,1.5,2.0],"tintindex":0,"rotation":180,"texture":"#16"}},"rotation":{"origin":[8.08434,23.047367,0.4694047],"angle":45.0,"axis":"x"}},{"from":[7.907595,22.91885,-1.3876896],"to":[8.156417,25.684029,-0.3672371],"faces":{"east":{"uv":[0.0,0.0,2.625,0.96875],"tintindex":0,"rotation":90,"texture":"#16"},"south":{"uv":[0.0,0.0,2.625,0.96875],"tintindex":0,"rotation":270,"texture":"#16"},"north":{"uv":[0.0,0.0,2.625,0.96875],"tintindex":0,"rotation":270,"texture":"#16"},"west":{"uv":[2.625,0.0,0.0,0.96875],"tintindex":0,"rotation":270,"texture":"#16"},"up":{"uv":[0.0,0.0,2.625,0.96875],"tintindex":0,"rotation":0,"texture":"#16"},"down":{"uv":[0.0,0.0,2.625,0.96875],"tintindex":0,"rotation":180,"texture":"#16"}},"rotation":{"origin":[8.032006,24.817266,-0.023275375],"angle":45.0,"axis":"x"}},{"from":[7.9964776,17.22041,-5.6389027],"to":[8.084369,28.821972,17.036879],"faces":{"east":{"uv":[0.0,0.0,2.75,5.375],"tintindex":0,"rotation":90,"texture":"#17"},"south":{"uv":[13.25,0.0,16.0,5.375],"tintindex":0,"rotation":270,"texture":"#17"},"north":{"uv":[16.0,0.0,11.63281,5.05469],"tintindex":0,"rotation":270,"texture":"#17"},"west":{"uv":[2.75,0.0,0.0,5.375],"tintindex":0,"rotation":270,"texture":"#17"},"up":{"uv":[16.0,0.0,12.77344,5.375],"tintindex":0,"rotation":0,"texture":"#17"},"down":{"uv":[13.25,0.0,16.0,5.375],"tintindex":0,"rotation":180,"texture":"#17"}}},{"from":[7.4652734,20.877426,9.339502],"to":[8.363072,21.45237,10.53362],"faces":{"east":{"uv":[5.28125,3.84375,5.125,3.5],"tintindex":0,"rotation":270,"texture":"#7"},"south":{"uv":[0.875,5.90625,0.625,5.75],"tintindex":0,"rotation":180,"texture":"#7"},"north":{"uv":[5.875,5.125,5.625,5.28125],"tintindex":0,"rotation":0,"texture":"#7"},"west":{"uv":[5.28125,3.5,5.125,3.84375],"tintindex":0,"rotation":270,"texture":"#7"},"up":{"uv":[4.375,4.5,4.125,4.84375],"tintindex":0,"rotation":0,"texture":"#7"},"down":{"uv":[4.125,4.5,3.875,4.84375],"tintindex":0,"rotation":180,"texture":"#7"}},"rotation":{"origin":[7.8920636,23.173733,9.630463],"angle":-45.0,"axis":"x"}},{"from":[7.2565722,24.017448,9.786338],"to":[8.663806,24.439548,10.275081],"faces":{"east":{"uv":[9.5,10.5,10.375,11.5625],"tintindex":0,"rotation":90,"texture":"#9"},"south":{"uv":[11.0,4.375,11.875,3.5],"tintindex":0,"rotation":270,"texture":"#9"},"north":{"uv":[3.5,11.0,4.375,11.875],"tintindex":0,"rotation":270,"texture":"#9"},"west":{"uv":[10.5,8.0,11.375,9.0625],"tintindex":0,"rotation":270,"texture":"#9"},"up":{"uv":[10.5,10.5,11.375,11.5625],"tintindex":0,"rotation":0,"texture":"#9"},"down":{"uv":[8.5,10.5,9.375,11.5625],"tintindex":0,"rotation":180,"texture":"#9"}}},{"from":[7.1975727,21.630621,10.47583],"to":[8.722806,22.230947,10.676305],"faces":{"east":{"uv":[11.8125,6.5,10.5,6.9375],"tintindex":0,"rotation":90,"texture":"#9"},"south":{"uv":[7.8125,9.625,6.5,8.5],"tintindex":0,"rotation":270,"texture":"#9"},"north":{"uv":[9.3125,7.0,8.0,8.125],"tintindex":0,"rotation":270,"texture":"#9"},"west":{"uv":[8.8125,3.5,7.5,3.9375],"tintindex":0,"rotation":270,"texture":"#9"},"up":{"uv":[12.625,1.0,11.5,1.4375],"tintindex":0,"rotation":0,"texture":"#9"},"down":{"uv":[1.125,12.0,0.0,12.4375],"tintindex":0,"rotation":180,"texture":"#9"}},"rotation":{"origin":[7.9585724,22.077175,10.483318],"angle":-22.5,"axis":"x"}},{"from":[7.917376,21.330463,2.223793],"to":[7.917376,24.789703,10.819496],"faces":{"east":{"uv":[3.6875,6.25,2.525,2.9875],"tintindex":0,"rotation":270,"texture":"#13"},"south":{"uv":[3.6875,2.9875,2.525,6.25],"tintindex":0,"rotation":270,"texture":"#13"},"north":{"uv":[3.6875,2.9875,2.525,6.25],"tintindex":0,"rotation":270,"texture":"#13"},"west":{"uv":[3.6875,2.9875,2.525,6.25],"tintindex":0,"rotation":270,"texture":"#13"},"up":{"uv":[3.6875,2.9875,2.525,6.25],"tintindex":0,"rotation":270,"texture":"#13"},"down":{"uv":[3.6875,2.9875,2.525,6.25],"tintindex":0,"rotation":270,"texture":"#13"}}},{"from":[7.334183,21.2958,9.813732],"to":[8.586188,21.709707,10.102541],"faces":{"east":{"uv":[12.375,0.0,11.5,0.625],"tintindex":0,"rotation":90,"texture":"#9"},"south":{"uv":[10.375,6.0,9.5,5.5],"tintindex":0,"rotation":270,"texture":"#9"},"north":{"uv":[8.875,1.5,8.0,2.0],"tintindex":0,"rotation":270,"texture":"#9"},"west":{"uv":[11.875,7.0,11.0,7.625],"tintindex":0,"rotation":270,"texture":"#9"},"up":{"uv":[12.5,9.0,12.0,9.625],"tintindex":0,"rotation":0,"texture":"#9"},"down":{"uv":[10.0,12.0,9.5,12.625],"tintindex":0,"rotation":180,"texture":"#9"}},"rotation":{"origin":[7.9585724,21.539616,9.943915],"angle":22.5,"axis":"x"}},{"from":[7.128287,23.550228,10.212067],"to":[8.787746,23.973019,10.968952],"faces":{"east":{"uv":[5.5,8.0,6.4375,9.625],"tintindex":0,"rotation":90,"texture":"#9"},"south":{"uv":[0.0,10.375,0.9375,9.0],"tintindex":0,"rotation":270,"texture":"#9"},"north":{"uv":[2.0,5.0,2.9375,6.375],"tintindex":0,"rotation":270,"texture":"#9"},"west":{"uv":[4.5,8.0,5.4375,9.625],"tintindex":0,"rotation":270,"texture":"#9"},"up":{"uv":[5.0,6.0,6.375,7.625],"tintindex":0,"rotation":0,"texture":"#9"},"down":{"uv":[6.0,2.0,7.375,3.625],"tintindex":0,"rotation":180,"texture":"#9"}},"rotation":{"origin":[8.237523,23.960747,11.058039],"angle":-45.0,"axis":"x"}},{"from":[7.911421,19.046347,0.8549204],"to":[8.162753,20.255646,2.2848802],"faces":{"east":{"uv":[1.15625,4.0,0.0,5.34375],"tintindex":0,"rotation":90,"texture":"#16"},"south":{"uv":[1.15625,4.0,0.0,5.34375],"tintindex":0,"rotation":270,"texture":"#16"},"north":{"uv":[1.15625,4.0,0.0,5.34375],"tintindex":0,"rotation":270,"texture":"#16"},"west":{"uv":[0.0,4.0,1.15625,5.34375],"tintindex":0,"rotation":270,"texture":"#16"},"up":{"uv":[1.15625,4.0,0.0,5.34375],"tintindex":0,"rotation":0,"texture":"#16"},"down":{"uv":[1.15625,4.0,0.0,5.34375],"tintindex":0,"rotation":180,"texture":"#16"}}},{"from":[7.4542203,21.47206,10.020394],"to":[8.374133,22.09123,11.214512],"faces":{"east":{"uv":[5.0,0.875,5.17188,1.21875],"tintindex":0,"rotation":90,"texture":"#7"},"south":{"uv":[5.76563,0.54688,5.5,0.375],"tintindex":0,"rotation":180,"texture":"#7"},"north":{"uv":[5.76563,0.0,5.5,0.17188],"tintindex":0,"rotation":0,"texture":"#7"},"west":{"uv":[5.17188,0.875,5.0,1.21875],"tintindex":0,"rotation":270,"texture":"#7"},"up":{"uv":[4.64063,4.375,4.375,4.71875],"tintindex":0,"rotation":0,"texture":"#7"},"down":{"uv":[4.64063,4.0,4.375,4.34375],"tintindex":0,"rotation":180,"texture":"#7"}},"rotation":{"origin":[7.8920636,23.173733,9.630463],"angle":-22.5,"axis":"x"}},{"from":[7.9050713,25.428915,-0.6555176],"to":[8.158942,26.514935,1.0664983],"faces":{"east":{"uv":[3.0,0.0,4.03125,1.625],"tintindex":0,"rotation":90,"texture":"#16"},"south":{"uv":[3.0,0.0,4.03125,1.625],"tintindex":0,"rotation":270,"texture":"#16"},"north":{"uv":[3.0,0.0,4.03125,1.625],"tintindex":0,"rotation":270,"texture":"#16"},"west":{"uv":[4.03125,0.0,3.0,1.625],"tintindex":0,"rotation":270,"texture":"#16"},"up":{"uv":[3.0,0.0,4.03125,1.625],"tintindex":0,"rotation":0,"texture":"#16"},"down":{"uv":[3.0,0.0,4.03125,1.625],"tintindex":0,"rotation":180,"texture":"#16"}}},{"from":[7.220755,23.69815,10.238201],"to":[8.699624,24.244389,10.401805],"faces":{"east":{"uv":[3.875,13.1875,3.5,12.0],"tintindex":0,"rotation":0,"texture":"#9"},"south":{"uv":[3.0,10.6875,2.0,9.5],"tintindex":0,"rotation":0,"texture":"#9"},"north":{"uv":[4.0,10.6875,3.0,9.5],"tintindex":0,"rotation":0,"texture":"#9"},"west":{"uv":[12.375,4.1875,12.0,3.0],"tintindex":0,"rotation":0,"texture":"#9"},"up":{"uv":[9.375,12.0,9.0,13.0],"tintindex":0,"rotation":90,"texture":"#9"},"down":{"uv":[8.875,13.0,8.5,12.0],"tintindex":0,"rotation":270,"texture":"#9"}},"rotation":{"origin":[8.465455,24.413624,10.31769],"angle":22.5,"axis":"x"}},{"from":[7.1751924,22.102972,10.304436],"to":[8.745187,22.274893,10.956971],"faces":{"east":{"uv":[11.875,10.5,11.5,11.875],"tintindex":0,"rotation":90,"texture":"#9"},"south":{"uv":[6.875,13.1875,6.5,12.0],"tintindex":0,"rotation":270,"texture":"#9"},"north":{"uv":[4.375,12.0,4.0,13.1875],"tintindex":0,"rotation":270,"texture":"#9"},"west":{"uv":[11.875,9.0,11.5,10.375],"tintindex":0,"rotation":270,"texture":"#9"},"up":{"uv":[2.6875,8.0,1.5,9.375],"tintindex":0,"rotation":0,"texture":"#9"},"down":{"uv":[4.1875,8.0,3.0,9.375],"tintindex":0,"rotation":180,"texture":"#9"}},"rotation":{"origin":[7.9585724,22.086098,10.47159],"angle":45.0,"axis":"x"}},{"from":[7.1723657,22.012762,10.398085],"to":[8.748013,22.18642,11.057209],"faces":{"east":{"uv":[8.375,11.5,8.0,12.9375],"tintindex":0,"rotation":90,"texture":"#9"},"south":{"uv":[7.375,13.1875,7.0,12.0],"tintindex":0,"rotation":270,"texture":"#9"},"north":{"uv":[12.375,6.5,12.0,7.6875],"tintindex":0,"rotation":270,"texture":"#9"},"west":{"uv":[7.875,11.5,7.5,12.9375],"tintindex":0,"rotation":270,"texture":"#9"},"up":{"uv":[8.6875,2.0,7.5,3.4375],"tintindex":0,"rotation":0,"texture":"#9"},"down":{"uv":[9.1875,0.0,8.0,1.4375],"tintindex":0,"rotation":180,"texture":"#9"}},"rotation":{"origin":[7.872868,22.237606,10.666932],"angle":22.5,"axis":"x"}},{"from":[7.6562843,22.91233,15.970491],"to":[8.361659,23.617706,16.32318],"faces":{"east":{"uv":[11.0,0.0,12.0,0.5],"tintindex":0,"rotation":90,"texture":"#16"},"south":{"uv":[4.0,11.5,5.0,10.5],"tintindex":0,"rotation":180,"texture":"#16"},"north":{"uv":[10.0,7.5,11.0,8.5],"tintindex":0,"rotation":0,"texture":"#16"},"west":{"uv":[9.0,11.0,10.0,11.5],"tintindex":0,"rotation":270,"texture":"#16"},"up":{"uv":[11.0,0.5,12.0,1.0],"tintindex":0,"rotation":0,"texture":"#16"},"down":{"uv":[10.5,4.0,11.5,4.5],"tintindex":0,"rotation":180,"texture":"#16"}},"rotation":{"origin":[8.008972,23.26502,16.146835],"angle":-45.0,"axis":"x"}},{"from":[6.973297,22.481682,11.649268],"to":[8.977203,23.479649,11.860881],"faces":{"east":{"uv":[10.0625,8.5,8.0,9.125],"tintindex":0,"rotation":90,"texture":"#9"},"south":{"uv":[9.0625,4.9375,7.0,4.0],"tintindex":0,"rotation":270,"texture":"#9"},"north":{"uv":[8.5625,6.0,6.5,6.9375],"tintindex":0,"rotation":270,"texture":"#9"},"west":{"uv":[9.0625,5.0,7.0,5.625],"tintindex":0,"rotation":270,"texture":"#9"},"up":{"uv":[11.9375,4.5,11.0,5.125],"tintindex":0,"rotation":0,"texture":"#9"},"down":{"uv":[7.4375,11.0,6.5,11.625],"tintindex":0,"rotation":180,"texture":"#9"}}},{"from":[7.2565722,21.540169,9.786338],"to":[8.663806,21.962263,10.275081],"faces":{"east":{"uv":[10.375,10.5,9.5,11.5625],"tintindex":0,"rotation":90,"texture":"#9"},"south":{"uv":[11.875,4.375,11.0,3.5],"tintindex":0,"rotation":270,"texture":"#9"},"north":{"uv":[4.375,11.0,3.5,11.875],"tintindex":0,"rotation":270,"texture":"#9"},"west":{"uv":[11.375,8.0,10.5,9.0625],"tintindex":0,"rotation":270,"texture":"#9"},"up":{"uv":[9.375,10.5,8.5,11.5625],"tintindex":0,"rotation":0,"texture":"#9"},"down":{"uv":[11.375,10.5,10.5,11.5625],"tintindex":0,"rotation":180,"texture":"#9"}}},{"from":[7.881172,21.995583,9.446174],"to":[8.150813,22.259762,10.507337],"faces":{"east":{"uv":[1.75,8.5,1.5,9.5],"tintindex":0,"rotation":90,"texture":"#16"},"south":{"uv":[9.5,9.0,9.75,9.25],"tintindex":0,"rotation":270,"texture":"#16"},"north":{"uv":[9.0,9.75,9.25,9.5],"tintindex":0,"rotation":270,"texture":"#16"},"west":{"uv":[7.25,8.5,7.0,9.5],"tintindex":0,"rotation":270,"texture":"#16"},"up":{"uv":[7.75,8.5,7.5,9.5],"tintindex":0,"rotation":0,"texture":"#16"},"down":{"uv":[8.75,6.5,8.5,7.5],"tintindex":0,"rotation":180,"texture":"#16"}},"rotation":{"origin":[8.555286,22.012121,10.04871],"angle":45.0,"axis":"x"}},{"from":[7.4984474,21.616705,11.751193],"to":[8.329906,22.19165,12.724177],"faces":{"east":{"uv":[5.0,5.5,5.15625,5.78125],"tintindex":0,"rotation":90,"texture":"#7"},"south":{"uv":[0.23438,6.03125,0.0,5.875],"tintindex":0,"rotation":180,"texture":"#7"},"north":{"uv":[5.98438,2.875,5.75,3.03125],"tintindex":0,"rotation":0,"texture":"#7"},"west":{"uv":[5.15625,5.5,5.0,5.78125],"tintindex":0,"rotation":270,"texture":"#7"},"up":{"uv":[4.10938,4.875,3.875,5.15625],"tintindex":0,"rotation":0,"texture":"#7"},"down":{"uv":[3.85938,4.875,3.625,5.15625],"tintindex":0,"rotation":180,"texture":"#7"}},"rotation":{"origin":[7.8920636,23.173733,9.630463],"angle":22.5,"axis":"x"}},{"from":[7.874352,21.430305,10.078691],"to":[8.1467285,22.774765,10.623437],"faces":{"east":{"uv":[7.28125,0.0,6.0,0.53125],"tintindex":0,"rotation":90,"texture":"#16"},"south":{"uv":[8.0,0.5,9.28125,0.75],"tintindex":0,"rotation":270,"texture":"#16"},"north":{"uv":[8.0,0.25,9.28125,0.0],"tintindex":0,"rotation":270,"texture":"#16"},"west":{"uv":[7.78125,3.5,6.5,4.03125],"tintindex":0,"rotation":270,"texture":"#16"},"up":{"uv":[4.75,9.5,4.5,10.03125],"tintindex":0,"rotation":0,"texture":"#16"},"down":{"uv":[4.25,9.5,4.0,10.03125],"tintindex":0,"rotation":180,"texture":"#16"}},"rotation":{"origin":[8.555286,22.012121,10.323828],"angle":-22.5,"axis":"x"}},{"from":[7.894581,23.815405,9.254466],"to":[8.158864,25.028296,10.16862],"faces":{"east":{"uv":[5.5,1.5,6.65625,2.375],"tintindex":0,"rotation":90,"texture":"#16"},"south":{"uv":[5.5,1.5,6.65625,2.375],"tintindex":0,"rotation":270,"texture":"#16"},"north":{"uv":[5.5,1.5,6.65625,2.375],"tintindex":0,"rotation":270,"texture":"#16"},"west":{"uv":[5.5,1.5,6.65625,2.375],"tintindex":0,"rotation":270,"texture":"#16"},"up":{"uv":[5.5,1.5,6.65625,2.375],"tintindex":0,"rotation":0,"texture":"#16"},"down":{"uv":[5.5,1.5,6.65625,2.375],"tintindex":0,"rotation":180,"texture":"#16"}},"rotation":{"origin":[8.555286,24.305378,9.773583],"angle":45.0,"axis":"x"}},{"from":[7.1523194,23.625977,10.623585],"to":[8.763714,24.017448,11.324404],"faces":{"east":{"uv":[1.0,9.5,1.8125,11.0],"tintindex":0,"rotation":90,"texture":"#9"},"south":{"uv":[10.5,1.3125,11.3125,0.0],"tintindex":0,"rotation":270,"texture":"#9"},"north":{"uv":[0.0,10.5,0.8125,11.8125],"tintindex":0,"rotation":270,"texture":"#9"},"west":{"uv":[9.5,0.0,10.3125,1.5],"tintindex":0,"rotation":270,"texture":"#9"},"up":{"uv":[3.5,6.5,4.8125,8.0],"tintindex":0,"rotation":0,"texture":"#9"},"down":{"uv":[2.0,6.5,3.3125,8.0],"tintindex":0,"rotation":180,"texture":"#9"}},"rotation":{"origin":[8.216697,23.08647,11.249612],"angle":-22.5,"axis":"x"}},{"from":[7.9024906,20.715279,3.063486],"to":[8.161522,21.812265,4.379876],"faces":{"east":{"uv":[1.03125,5.5,0.0,6.75],"tintindex":0,"rotation":90,"texture":"#16"},"south":{"uv":[1.03125,5.5,0.0,6.75],"tintindex":0,"rotation":270,"texture":"#16"},"north":{"uv":[1.03125,5.5,0.0,6.75],"tintindex":0,"rotation":270,"texture":"#16"},"west":{"uv":[0.0,5.5,1.03125,6.75],"tintindex":0,"rotation":270,"texture":"#16"},"up":{"uv":[1.03125,5.5,0.0,6.75],"tintindex":0,"rotation":0,"texture":"#16"},"down":{"uv":[1.03125,5.5,0.0,6.75],"tintindex":0,"rotation":180,"texture":"#16"}},"rotation":{"origin":[8.5500555,20.914488,4.05852],"angle":-22.5,"axis":"x"}},{"from":[7.8879085,21.995754,9.493001],"to":[8.154857,22.257286,10.021492],"faces":{"east":{"uv":[9.75,5.5,9.5,6.0],"tintindex":0,"rotation":90,"texture":"#16"},"south":{"uv":[0.0,10.0,0.25,10.25],"tintindex":0,"rotation":270,"texture":"#16"},"north":{"uv":[9.5,9.75,9.75,9.5],"tintindex":0,"rotation":270,"texture":"#16"},"west":{"uv":[6.75,9.5,6.5,10.0],"tintindex":0,"rotation":270,"texture":"#16"},"up":{"uv":[9.75,6.5,9.5,7.0],"tintindex":0,"rotation":0,"texture":"#16"},"down":{"uv":[9.75,6.0,9.5,6.5],"tintindex":0,"rotation":180,"texture":"#16"}},"rotation":{"origin":[8.555286,22.012121,10.04871],"angle":22.5,"axis":"x"}},{"from":[7.883844,24.331182,8.0193],"to":[8.148128,25.069464,10.023207],"faces":{"east":{"uv":[4.5,1.5,5.1875,3.40625],"tintindex":0,"rotation":90,"texture":"#16"},"south":{"uv":[4.5,1.5,5.1875,3.40625],"tintindex":0,"rotation":270,"texture":"#16"},"north":{"uv":[4.5,1.5,5.1875,3.40625],"tintindex":0,"rotation":270,"texture":"#16"},"west":{"uv":[5.1875,1.5,4.5,3.40625],"tintindex":0,"rotation":270,"texture":"#16"},"up":{"uv":[4.5,1.5,5.1875,3.40625],"tintindex":0,"rotation":0,"texture":"#16"},"down":{"uv":[4.5,1.5,5.1875,3.40625],"tintindex":0,"rotation":180,"texture":"#16"}}},{"from":[7.220755,21.697304,9.690825],"to":[8.699624,21.8609,10.237062],"faces":{"east":{"uv":[3.875,12.0,3.5,13.1875],"tintindex":0,"rotation":90,"texture":"#9"},"south":{"uv":[9.375,13.0,9.0,12.0],"tintindex":0,"rotation":270,"texture":"#9"},"north":{"uv":[8.875,12.0,8.5,13.0],"tintindex":0,"rotation":270,"texture":"#9"},"west":{"uv":[12.375,3.0,12.0,4.1875],"tintindex":0,"rotation":270,"texture":"#9"},"up":{"uv":[3.0,9.5,2.0,10.6875],"tintindex":0,"rotation":0,"texture":"#9"},"down":{"uv":[4.0,9.5,3.0,10.6875],"tintindex":0,"rotation":180,"texture":"#9"}},"rotation":{"origin":[8.465455,21.566093,10.31769],"angle":22.5,"axis":"x"}},{"from":[7.3366017,21.35117,9.71945],"to":[8.583777,21.61776,9.871022],"faces":{"east":{"uv":[12.5625,10.5,12.0,10.8125],"tintindex":0,"rotation":90,"texture":"#9"},"south":{"uv":[10.5625,12.5,10.0,12.0],"tintindex":0,"rotation":270,"texture":"#9"},"north":{"uv":[10.0625,8.0,9.5,8.5],"tintindex":0,"rotation":270,"texture":"#9"},"west":{"uv":[12.5625,10.0,12.0,10.3125],"tintindex":0,"rotation":270,"texture":"#9"},"up":{"uv":[2.0,7.5,1.5,7.8125],"tintindex":0,"rotation":0,"texture":"#9"},"down":{"uv":[1.5,9.0,1.0,9.3125],"tintindex":0,"rotation":180,"texture":"#9"}},"rotation":{"origin":[7.9585724,21.47977,9.57107],"angle":45.0,"axis":"x"}},{"from":[6.9945245,22.627678,9.923644],"to":[8.945697,25.00832,11.775254],"faces":{"east":{"uv":[0.0,0.0,4.5,4.5],"tintindex":0,"rotation":90,"texture":"#10"},"south":{"uv":[9.5,0.5,5.0,1.0],"tintindex":0,"rotation":270,"texture":"#10"},"north":{"uv":[9.5,0.5,5.0,0.0],"tintindex":0,"rotation":270,"texture":"#10"},"west":{"uv":[4.5,0.0,0.0,4.5],"tintindex":0,"rotation":270,"texture":"#10"},"up":{"uv":[4.5,0.0,5.0,4.5],"tintindex":0,"rotation":0,"texture":"#10"},"down":{"uv":[4.5,4.5,5.0,9.0],"tintindex":0,"rotation":180,"texture":"#10"}},"rotation":{"origin":[9.025051,23.275734,11.675087],"angle":22.5,"axis":"x"}},{"from":[7.9211235,22.730068,0.726017],"to":[8.192706,23.373724,2.0133123],"faces":{"east":{"uv":[0.0,0.0,0.75,1.5],"tintindex":0,"rotation":90,"texture":"#16"},"south":{"uv":[2.25,2.0,1.5,2.125],"tintindex":0,"rotation":270,"texture":"#16"},"north":{"uv":[1.25,2.125,0.5,2.0],"tintindex":0,"rotation":270,"texture":"#16"},"west":{"uv":[1.0,0.0,1.75,1.5],"tintindex":0,"rotation":270,"texture":"#16"},"up":{"uv":[0.0,2.0,0.125,3.5],"tintindex":0,"rotation":0,"texture":"#16"},"down":{"uv":[2.0,0.0,2.125,1.5],"tintindex":0,"rotation":180,"texture":"#16"}}},{"from":[7.2232366,21.900635,9.619859],"to":[8.697135,22.062492,10.160316],"faces":{"east":{"uv":[3.875,12.0,3.5,13.1875],"tintindex":0,"rotation":90,"texture":"#9"},"south":{"uv":[9.375,13.0,9.0,12.0],"tintindex":0,"rotation":270,"texture":"#9"},"north":{"uv":[8.875,12.0,8.5,13.0],"tintindex":0,"rotation":270,"texture":"#9"},"west":{"uv":[12.375,3.0,12.0,4.1875],"tintindex":0,"rotation":270,"texture":"#9"},"up":{"uv":[3.0,9.5,2.0,10.6875],"tintindex":0,"rotation":0,"texture":"#9"},"down":{"uv":[4.0,9.5,3.0,10.6875],"tintindex":0,"rotation":180,"texture":"#9"}},"rotation":{"origin":[7.963944,21.722849,9.958428],"angle":45.0,"axis":"x"}},{"from":[7.911421,25.786736,0.8549204],"to":[8.162753,26.996033,2.2848802],"faces":{"east":{"uv":[0.0,4.0,1.15625,5.34375],"tintindex":0,"rotation":90,"texture":"#16"},"south":{"uv":[0.0,4.0,1.15625,5.34375],"tintindex":0,"rotation":270,"texture":"#16"},"north":{"uv":[0.0,4.0,1.15625,5.34375],"tintindex":0,"rotation":270,"texture":"#16"},"west":{"uv":[1.15625,4.0,0.0,5.34375],"tintindex":0,"rotation":270,"texture":"#16"},"up":{"uv":[0.0,4.0,1.15625,5.34375],"tintindex":0,"rotation":0,"texture":"#16"},"down":{"uv":[0.0,4.0,1.15625,5.34375],"tintindex":0,"rotation":180,"texture":"#16"}}},{"from":[7.891009,21.017284,-3.1779652],"to":[8.049212,25.025097,-1.2443714],"faces":{"east":{"uv":[1.0,0.38359,1.74766,0.93828],"tintindex":0,"rotation":90,"texture":"#19"},"south":{"uv":[13.25,0.0,16.0,5.375],"tintindex":0,"rotation":270,"texture":"#19"},"north":{"uv":[16.0,0.0,11.63281,5.05469],"tintindex":0,"rotation":270,"texture":"#19"},"west":{"uv":[1.74766,0.38359,1.0,0.93828],"tintindex":0,"rotation":270,"texture":"#19"},"up":{"uv":[16.0,0.0,12.77344,5.375],"tintindex":0,"rotation":0,"texture":"#19"},"down":{"uv":[13.25,0.0,16.0,5.375],"tintindex":0,"rotation":180,"texture":"#19"}}},{"from":[7.914177,23.228415,11.804849],"to":[7.914177,25.351292,15.1218405],"faces":{"east":{"uv":[0.59375,3.0,0.0,3.9375],"tintindex":0,"rotation":90,"texture":"#7"},"west":{"uv":[0.0,3.0,0.59375,3.9375],"tintindex":0,"rotation":270,"texture":"#7"}},"rotation":{"origin":[7.8920636,22.868649,9.630463],"angle":-22.5,"axis":"x"}},{"from":[7.867588,23.210457,10.310097],"to":[8.142714,24.035828,10.874102],"faces":{"east":{"uv":[5.0,7.0,5.78125,7.53125],"tintindex":0,"rotation":90,"texture":"#16"},"south":{"uv":[5.78125,9.0,5.0,9.25],"tintindex":0,"rotation":270,"texture":"#16"},"north":{"uv":[4.78125,9.25,4.0,9.0],"tintindex":0,"rotation":270,"texture":"#16"},"west":{"uv":[6.0,7.0,6.78125,7.53125],"tintindex":0,"rotation":270,"texture":"#16"},"up":{"uv":[3.0,9.5,3.25,10.03125],"tintindex":0,"rotation":0,"texture":"#16"},"down":{"uv":[3.5,9.5,3.75,10.03125],"tintindex":0,"rotation":180,"texture":"#16"}}},{"from":[7.9424,21.298534,12.43141],"to":[8.100603,22.775097,16.333754],"faces":{"east":{"uv":[1.30469,4.25,1.14844,4.875],"tintindex":0,"rotation":90,"texture":"#19"},"south":{"uv":[16.0,0.0,13.25,5.375],"tintindex":0,"rotation":270,"texture":"#19"},"north":{"uv":[11.63281,0.0,16.0,5.05469],"tintindex":0,"rotation":270,"texture":"#19"},"west":{"uv":[1.14844,4.25,1.30469,4.875],"tintindex":0,"rotation":270,"texture":"#19"},"up":{"uv":[16.0,0.0,13.25,5.375],"tintindex":0,"rotation":0,"texture":"#19"},"down":{"uv":[12.77344,0.0,16.0,5.375],"tintindex":0,"rotation":180,"texture":"#19"}}},{"from":[7.9011827,24.113918,5.698988],"to":[8.162829,24.664162,7.5446916],"faces":{"east":{"uv":[3.0,5.5,3.53125,7.25],"tintindex":0,"rotation":90,"texture":"#16"},"south":{"uv":[3.0,5.5,3.53125,7.25],"tintindex":0,"rotation":270,"texture":"#16"},"north":{"uv":[3.0,5.5,3.53125,7.25],"tintindex":0,"rotation":270,"texture":"#16"},"west":{"uv":[3.53125,5.5,3.0,7.25],"tintindex":0,"rotation":270,"texture":"#16"},"up":{"uv":[3.0,5.5,3.53125,7.25],"tintindex":0,"rotation":0,"texture":"#16"},"down":{"uv":[3.0,5.5,3.53125,7.25],"tintindex":0,"rotation":180,"texture":"#16"}}},{"from":[7.4652734,21.95351,10.749992],"to":[8.363072,23.147627,11.3691635],"faces":{"east":{"uv":[2.42188,5.0,2.25,5.34375],"tintindex":0,"rotation":0,"texture":"#7"},"south":{"uv":[2.5,4.625,2.25,4.96875],"tintindex":0,"rotation":0,"texture":"#7"},"north":{"uv":[2.25,4.625,2.0,4.96875],"tintindex":0,"rotation":0,"texture":"#7"},"west":{"uv":[2.17188,5.0,2.0,5.34375],"tintindex":0,"rotation":0,"texture":"#7"},"up":{"uv":[5.875,0.875,5.625,1.04688],"tintindex":0,"rotation":180,"texture":"#7"},"down":{"uv":[1.375,5.79688,1.125,5.625],"tintindex":0,"rotation":180,"texture":"#7"}},"rotation":{"origin":[7.8920636,22.868649,9.630463],"angle":-45.0,"axis":"x"}},{"from":[7.220755,24.11881,9.690825],"to":[8.699624,24.282408,10.237062],"faces":{"east":{"uv":[3.5,12.0,3.875,13.1875],"tintindex":0,"rotation":90,"texture":"#9"},"south":{"uv":[9.0,13.0,9.375,12.0],"tintindex":0,"rotation":270,"texture":"#9"},"north":{"uv":[8.5,12.0,8.875,13.0],"tintindex":0,"rotation":270,"texture":"#9"},"west":{"uv":[12.0,3.0,12.375,4.1875],"tintindex":0,"rotation":270,"texture":"#9"},"up":{"uv":[3.0,9.5,4.0,10.6875],"tintindex":0,"rotation":0,"texture":"#9"},"down":{"uv":[2.0,9.5,3.0,10.6875],"tintindex":0,"rotation":180,"texture":"#9"}},"rotation":{"origin":[8.465455,24.413624,10.31769],"angle":-22.5,"axis":"x"}},{"from":[7.5205607,19.492487,9.347729],"to":[8.307794,20.067432,9.480409],"faces":{"east":{"uv":[6.75,7.25,6.90625,7.28125],"tintindex":0,"rotation":90,"texture":"#7"},"south":{"uv":[6.09375,4.375,5.875,4.53125],"tintindex":0,"rotation":180,"texture":"#7"},"north":{"uv":[6.09375,4.28125,5.875,4.125],"tintindex":0,"rotation":0,"texture":"#7"},"west":{"uv":[6.5,7.25,6.65625,7.28125],"tintindex":0,"rotation":270,"texture":"#7"},"up":{"uv":[7.25,5.625,7.46875,5.65625],"tintindex":0,"rotation":0,"texture":"#7"},"down":{"uv":[5.75,7.25,5.96875,7.28125],"tintindex":0,"rotation":180,"texture":"#7"}},"rotation":{"origin":[7.8920636,23.173733,9.630463],"angle":-45.0,"axis":"x"}},{"from":[7.2207336,21.657642,10.222972],"to":[8.699645,22.203934,10.667284],"faces":{"east":{"uv":[11.1875,9.5,10.0,10.4375],"tintindex":0,"rotation":90,"texture":"#9"},"south":{"uv":[10.6875,4.5,9.5,3.5],"tintindex":0,"rotation":270,"texture":"#9"},"north":{"uv":[10.1875,6.0,9.0,7.0],"tintindex":0,"rotation":270,"texture":"#9"},"west":{"uv":[7.1875,10.0,6.0,10.9375],"tintindex":0,"rotation":270,"texture":"#9"},"up":{"uv":[11.5,5.5,10.5,6.4375],"tintindex":0,"rotation":0,"texture":"#9"},"down":{"uv":[8.5,10.5,7.5,11.4375],"tintindex":0,"rotation":180,"texture":"#9"}}},{"from":[7.3366017,24.3729,9.71945],"to":[8.583777,24.639488,9.871022],"faces":{"east":{"uv":[12.0,10.5,12.5625,10.8125],"tintindex":0,"rotation":90,"texture":"#9"},"south":{"uv":[10.0,12.5,10.5625,12.0],"tintindex":0,"rotation":270,"texture":"#9"},"north":{"uv":[9.5,8.0,10.0625,8.5],"tintindex":0,"rotation":270,"texture":"#9"},"west":{"uv":[12.0,10.0,12.5625,10.3125],"tintindex":0,"rotation":270,"texture":"#9"},"up":{"uv":[1.0,9.0,1.5,9.3125],"tintindex":0,"rotation":0,"texture":"#9"},"down":{"uv":[1.5,7.5,2.0,7.8125],"tintindex":0,"rotation":180,"texture":"#9"}},"rotation":{"origin":[7.9585724,24.510887,9.57107],"angle":-45.0,"axis":"x"}},{"from":[7.867588,22.006554,10.310097],"to":[8.142714,22.831923,10.874102],"faces":{"east":{"uv":[5.78125,7.0,5.0,7.53125],"tintindex":0,"rotation":90,"texture":"#16"},"south":{"uv":[5.0,9.0,5.78125,9.25],"tintindex":0,"rotation":270,"texture":"#16"},"north":{"uv":[4.0,9.25,4.78125,9.0],"tintindex":0,"rotation":270,"texture":"#16"},"west":{"uv":[6.78125,7.0,6.0,7.53125],"tintindex":0,"rotation":270,"texture":"#16"},"up":{"uv":[3.75,9.5,3.5,10.03125],"tintindex":0,"rotation":0,"texture":"#16"},"down":{"uv":[3.25,9.5,3.0,10.03125],"tintindex":0,"rotation":180,"texture":"#16"}}},{"from":[7.2253957,23.772331,10.002029],"to":[8.6949835,24.054312,10.369131],"faces":{"east":{"uv":[11.0,1.5,12.125,2.3125],"tintindex":0,"rotation":90,"texture":"#9"},"south":{"uv":[9.5,8.0,10.625,7.0],"tintindex":0,"rotation":270,"texture":"#9"},"north":{"uv":[9.5,4.5,10.625,5.5],"tintindex":0,"rotation":270,"texture":"#9"},"west":{"uv":[1.0,11.0,2.125,11.8125],"tintindex":0,"rotation":270,"texture":"#9"},"up":{"uv":[11.0,2.5,12.0,3.3125],"tintindex":0,"rotation":0,"texture":"#9"},"down":{"uv":[2.5,11.0,3.5,11.8125],"tintindex":0,"rotation":180,"texture":"#9"}},"rotation":{"origin":[7.9585724,24.04972,10.1648445],"angle":-22.5,"axis":"x"}},{"from":[7.003595,22.579044,11.833965],"to":[8.9280615,23.382286,12.177835],"faces":{"east":{"uv":[10.625,2.5,9.0,3.25],"tintindex":0,"rotation":90,"texture":"#9"},"south":{"uv":[5.625,10.6875,4.0,10.0],"tintindex":0,"rotation":270,"texture":"#9"},"north":{"uv":[9.625,9.5,8.0,10.1875],"tintindex":0,"rotation":270,"texture":"#9"},"west":{"uv":[10.625,1.5,9.0,2.25],"tintindex":0,"rotation":270,"texture":"#9"},"up":{"uv":[12.1875,5.5,11.5,6.25],"tintindex":0,"rotation":0,"texture":"#9"},"down":{"uv":[12.1875,8.0,11.5,8.75],"tintindex":0,"rotation":180,"texture":"#9"}}},{"from":[7.894581,21.014091,9.254466],"to":[8.158864,22.226982,10.16862],"faces":{"east":{"uv":[6.65625,1.5,5.5,2.375],"tintindex":0,"rotation":90,"texture":"#16"},"south":{"uv":[6.65625,1.5,5.5,2.375],"tintindex":0,"rotation":270,"texture":"#16"},"north":{"uv":[6.65625,1.5,5.5,2.375],"tintindex":0,"rotation":270,"texture":"#16"},"west":{"uv":[6.65625,1.5,5.5,2.375],"tintindex":0,"rotation":270,"texture":"#16"},"up":{"uv":[6.65625,1.5,5.5,2.375],"tintindex":0,"rotation":0,"texture":"#16"},"down":{"uv":[6.65625,1.5,5.5,2.375],"tintindex":0,"rotation":180,"texture":"#16"}},"rotation":{"origin":[8.555286,21.737003,9.773583],"angle":-45.0,"axis":"x"}},{"from":[8.122394,22.815893,1.7396984],"to":[7.850811,23.26644,2.1902533],"faces":{"east":{"uv":[1.0,2.0,1.5,1.5],"tintindex":0,"rotation":90,"texture":"#16"},"south":{"uv":[2.0,2.5,1.5,2.625],"tintindex":0,"rotation":270,"texture":"#16"},"north":{"uv":[3.0,1.625,2.5,1.5],"tintindex":0,"rotation":270,"texture":"#16"},"west":{"uv":[1.5,2.0,2.0,1.5],"tintindex":0,"rotation":270,"texture":"#16"},"up":{"uv":[1.0,3.0,1.125,2.5],"tintindex":0,"rotation":0,"texture":"#16"},"down":{"uv":[2.5,1.5,2.625,1.0],"tintindex":0,"rotation":180,"texture":"#16"}},"rotation":{"origin":[7.4705963,23.047338,1.9561977],"angle":-45.0,"axis":"x"}},{"from":[8.07558,21.330463,2.223793],"to":[8.07558,24.789703,10.819496],"faces":{"east":{"uv":[3.6875,6.25,2.525,2.9875],"tintindex":0,"rotation":270,"texture":"#13"},"south":{"uv":[3.6875,2.9875,2.525,6.25],"tintindex":0,"rotation":270,"texture":"#13"},"north":{"uv":[3.6875,2.9875,2.525,6.25],"tintindex":0,"rotation":270,"texture":"#13"},"west":{"uv":[3.6875,2.9875,2.525,6.25],"tintindex":0,"rotation":270,"texture":"#13"},"up":{"uv":[3.6875,2.9875,2.525,6.25],"tintindex":0,"rotation":270,"texture":"#13"},"down":{"uv":[3.6875,2.9875,2.525,6.25],"tintindex":0,"rotation":270,"texture":"#13"}}},{"from":[7.023064,22.277214,10.768456],"to":[7.8127723,23.673668,11.812435],"faces":{"east":{"uv":[0.0,0.0,2.875,2.125],"tintindex":0,"rotation":90,"texture":"#9"},"south":{"uv":[5.875,2.0,3.0,3.625],"tintindex":0,"rotation":270,"texture":"#9"},"north":{"uv":[5.875,1.625,3.0,0.0],"tintindex":0,"rotation":270,"texture":"#9"},"west":{"uv":[0.0,2.5,2.875,4.625],"tintindex":0,"rotation":270,"texture":"#9"},"up":{"uv":[3.0,4.0,4.625,6.125],"tintindex":0,"rotation":0,"texture":"#9"},"down":{"uv":[0.0,5.0,1.625,7.125],"tintindex":0,"rotation":180,"texture":"#9"}}},{"from":[7.2253957,21.925406,10.002029],"to":[8.6949835,22.207386,10.369131],"faces":{"east":{"uv":[12.125,1.5,11.0,2.3125],"tintindex":0,"rotation":90,"texture":"#9"},"south":{"uv":[10.625,8.0,9.5,7.0],"tintindex":0,"rotation":270,"texture":"#9"},"north":{"uv":[10.625,4.5,9.5,5.5],"tintindex":0,"rotation":270,"texture":"#9"},"west":{"uv":[2.125,11.0,1.0,11.8125],"tintindex":0,"rotation":270,"texture":"#9"},"up":{"uv":[3.5,11.0,2.5,11.8125],"tintindex":0,"rotation":0,"texture":"#9"},"down":{"uv":[12.0,2.5,11.0,3.3125],"tintindex":0,"rotation":180,"texture":"#9"}},"rotation":{"origin":[7.9585724,21.929989,10.1648445],"angle":22.5,"axis":"x"}},{"from":[7.874352,23.267614,10.078691],"to":[8.1467285,24.612074,10.623437],"faces":{"east":{"uv":[6.0,0.0,7.28125,0.53125],"tintindex":0,"rotation":90,"texture":"#16"},"south":{"uv":[9.28125,0.5,8.0,0.75],"tintindex":0,"rotation":270,"texture":"#16"},"north":{"uv":[9.28125,0.25,8.0,0.0],"tintindex":0,"rotation":270,"texture":"#16"},"west":{"uv":[6.5,3.5,7.78125,4.03125],"tintindex":0,"rotation":270,"texture":"#16"},"up":{"uv":[4.0,9.5,4.25,10.03125],"tintindex":0,"rotation":0,"texture":"#16"},"down":{"uv":[4.5,9.5,4.75,10.03125],"tintindex":0,"rotation":180,"texture":"#16"}},"rotation":{"origin":[8.555286,24.030258,10.323828],"angle":22.5,"axis":"x"}},{"from":[7.883844,20.972916,8.0193],"to":[8.148128,21.711197,10.023207],"faces":{"east":{"uv":[5.1875,1.5,4.5,3.40625],"tintindex":0,"rotation":90,"texture":"#16"},"south":{"uv":[5.1875,1.5,4.5,3.40625],"tintindex":0,"rotation":270,"texture":"#16"},"north":{"uv":[5.1875,1.5,4.5,3.40625],"tintindex":0,"rotation":270,"texture":"#16"},"west":{"uv":[4.5,1.5,5.1875,3.40625],"tintindex":0,"rotation":270,"texture":"#16"},"up":{"uv":[5.1875,1.5,4.5,3.40625],"tintindex":0,"rotation":0,"texture":"#16"},"down":{"uv":[5.1875,1.5,4.5,3.40625],"tintindex":0,"rotation":180,"texture":"#16"}}},{"from":[7.9211235,22.815893,1.8202133],"to":[8.192706,23.26644,2.2707753],"faces":{"east":{"uv":[0.0,1.5,0.5,2.0],"tintindex":0,"rotation":90,"texture":"#16"},"south":{"uv":[3.0,0.5,2.5,0.625],"tintindex":0,"rotation":270,"texture":"#16"},"north":{"uv":[1.0,2.625,0.5,2.5],"tintindex":0,"rotation":270,"texture":"#16"},"west":{"uv":[0.5,1.5,1.0,2.0],"tintindex":0,"rotation":270,"texture":"#16"},"up":{"uv":[2.0,1.5,2.125,2.0],"tintindex":0,"rotation":0,"texture":"#16"},"down":{"uv":[2.5,0.0,2.625,0.5],"tintindex":0,"rotation":180,"texture":"#16"}},"rotation":{"origin":[8.084073,23.047338,2.0542688],"angle":45.0,"axis":"x"}},{"from":[7.4911485,22.50196,12.393997],"to":[8.499142,23.509954,13.338758],"faces":{"east":{"uv":[9.5,8.5,10.9375,9.34375],"tintindex":0,"rotation":90,"texture":"#8"},"south":{"uv":[9.4375,0.0,8.0,1.4375],"tintindex":0,"rotation":180,"texture":"#8"},"north":{"uv":[7.9375,8.9375,6.5,7.5],"tintindex":0,"rotation":0,"texture":"#8"},"west":{"uv":[9.5,0.0,10.9375,0.84375],"tintindex":0,"rotation":270,"texture":"#8"},"up":{"uv":[6.5,9.0,7.9375,9.84375],"tintindex":0,"rotation":0,"texture":"#8"},"down":{"uv":[4.5,9.5,5.9375,10.34375],"tintindex":0,"rotation":180,"texture":"#8"}}},{"from":[7.220755,21.735321,10.238201],"to":[8.699624,22.281567,10.401805],"faces":{"east":{"uv":[3.875,12.0,3.5,13.1875],"tintindex":0,"rotation":0,"texture":"#9"},"south":{"uv":[3.0,9.5,2.0,10.6875],"tintindex":0,"rotation":0,"texture":"#9"},"north":{"uv":[4.0,9.5,3.0,10.6875],"tintindex":0,"rotation":0,"texture":"#9"},"west":{"uv":[12.375,3.0,12.0,4.1875],"tintindex":0,"rotation":0,"texture":"#9"},"up":{"uv":[8.875,12.0,8.5,13.0],"tintindex":0,"rotation":90,"texture":"#9"},"down":{"uv":[9.375,13.0,9.0,12.0],"tintindex":0,"rotation":270,"texture":"#9"}},"rotation":{"origin":[8.465455,21.566093,10.31769],"angle":-22.5,"axis":"x"}},{"from":[7.5703487,22.446774,11.025161],"to":[8.419787,23.56072,12.290786],"faces":{"east":{"uv":[8.5,3.5,10.09375,4.4375],"tintindex":0,"rotation":90,"texture":"#8"},"south":{"uv":[6.09375,7.5,4.5,9.09375],"tintindex":0,"rotation":180,"texture":"#8"},"north":{"uv":[8.09375,7.09375,6.5,5.5],"tintindex":0,"rotation":0,"texture":"#8"},"west":{"uv":[8.0,2.5,9.59375,3.4375],"tintindex":0,"rotation":270,"texture":"#8"},"up":{"uv":[8.0,1.5,9.59375,2.4375],"tintindex":0,"rotation":0,"texture":"#8"},"down":{"uv":[8.0,7.5,9.59375,8.4375],"tintindex":0,"rotation":180,"texture":"#8"}}},{"from":[7.906344,25.137386,-0.8109932],"to":[8.157676,26.094059,-0.37362194],"faces":{"east":{"uv":[3.0,7.5,3.90625,7.90625],"tintindex":0,"rotation":90,"texture":"#16"},"south":{"uv":[3.0,7.5,3.90625,7.90625],"tintindex":0,"rotation":270,"texture":"#16"},"north":{"uv":[3.0,7.5,3.90625,7.90625],"tintindex":0,"rotation":270,"texture":"#16"},"west":{"uv":[3.90625,7.5,3.0,7.90625],"tintindex":0,"rotation":270,"texture":"#16"},"up":{"uv":[3.0,7.5,3.90625,7.90625],"tintindex":0,"rotation":0,"texture":"#16"},"down":{"uv":[3.0,7.5,3.90625,7.90625],"tintindex":0,"rotation":180,"texture":"#16"}},"rotation":{"origin":[8.032006,26.087097,-0.016356468],"angle":22.5,"axis":"x"}},{"from":[7.4984474,23.850729,11.751193],"to":[8.329906,24.425674,12.724177],"faces":{"east":{"uv":[5.15625,5.5,5.0,5.78125],"tintindex":0,"rotation":90,"texture":"#7"},"south":{"uv":[0.23438,5.875,0.0,6.03125],"tintindex":0,"rotation":180,"texture":"#7"},"north":{"uv":[5.98438,3.03125,5.75,2.875],"tintindex":0,"rotation":0,"texture":"#7"},"west":{"uv":[5.0,5.5,5.15625,5.78125],"tintindex":0,"rotation":270,"texture":"#7"},"up":{"uv":[3.625,4.875,3.85938,5.15625],"tintindex":0,"rotation":0,"texture":"#7"},"down":{"uv":[3.875,4.875,4.10938,5.15625],"tintindex":0,"rotation":180,"texture":"#7"}},"rotation":{"origin":[7.8920636,22.868649,9.630463],"angle":-22.5,"axis":"x"}},{"from":[7.5095005,21.262892,11.751193],"to":[8.318847,21.616705,13.299123],"faces":{"east":{"uv":[2.75,4.125,2.84375,4.5625],"tintindex":0,"rotation":90,"texture":"#7"},"south":{"uv":[6.85938,4.59375,6.625,4.5],"tintindex":0,"rotation":180,"texture":"#7"},"north":{"uv":[6.73438,6.125,6.5,6.21875],"tintindex":0,"rotation":0,"texture":"#7"},"west":{"uv":[2.84375,4.125,2.75,4.5625],"tintindex":0,"rotation":270,"texture":"#7"},"up":{"uv":[4.60938,3.0,4.375,3.4375],"tintindex":0,"rotation":0,"texture":"#7"},"down":{"uv":[1.23438,4.0,1.0,4.4375],"tintindex":0,"rotation":180,"texture":"#7"}},"rotation":{"origin":[7.8920636,23.173733,9.630463],"angle":22.5,"axis":"x"}},{"from":[7.6284976,22.632355,11.898153],"to":[8.375701,23.379559,16.119583],"faces":{"east":{"uv":[1.5,4.0,2.5625,9.0],"tintindex":0,"rotation":90,"texture":"#8"},"south":{"uv":[1.5,4.0,2.5625,9.0],"tintindex":0,"rotation":270,"texture":"#8"},"north":{"uv":[1.5,4.0,2.5625,9.0],"tintindex":0,"rotation":270,"texture":"#8"},"west":{"uv":[1.5,4.0,2.5625,9.0],"tintindex":0,"rotation":270,"texture":"#8"},"up":{"uv":[1.5,4.0,2.5625,9.0],"tintindex":0,"rotation":0,"texture":"#8"},"down":{"uv":[1.5,4.0,2.5625,9.0],"tintindex":0,"rotation":180,"texture":"#8"}}},{"from":[7.9424,23.267284,12.43141],"to":[8.100603,24.743847,16.333754],"faces":{"east":{"uv":[1.14844,4.25,1.30469,4.875],"tintindex":0,"rotation":90,"texture":"#19"},"south":{"uv":[13.25,0.0,16.0,5.375],"tintindex":0,"rotation":270,"texture":"#19"},"north":{"uv":[16.0,0.0,11.63281,5.05469],"tintindex":0,"rotation":270,"texture":"#19"},"west":{"uv":[1.30469,4.25,1.14844,4.875],"tintindex":0,"rotation":270,"texture":"#19"},"up":{"uv":[16.0,0.0,12.77344,5.375],"tintindex":0,"rotation":0,"texture":"#19"},"down":{"uv":[13.25,0.0,16.0,5.375],"tintindex":0,"rotation":180,"texture":"#19"}}},{"from":[7.1751924,23.704817,10.304436],"to":[8.745187,23.876745,10.956971],"faces":{"east":{"uv":[11.5,10.5,11.875,11.875],"tintindex":0,"rotation":90,"texture":"#9"},"south":{"uv":[6.5,13.1875,6.875,12.0],"tintindex":0,"rotation":270,"texture":"#9"},"north":{"uv":[4.0,12.0,4.375,13.1875],"tintindex":0,"rotation":270,"texture":"#9"},"west":{"uv":[11.5,9.0,11.875,10.375],"tintindex":0,"rotation":270,"texture":"#9"},"up":{"uv":[3.0,8.0,4.1875,9.375],"tintindex":0,"rotation":0,"texture":"#9"},"down":{"uv":[1.5,8.0,2.6875,9.375],"tintindex":0,"rotation":180,"texture":"#9"}},"rotation":{"origin":[7.9585724,23.893621,10.47159],"angle":-45.0,"axis":"x"}},{"from":[7.1543236,23.711721,10.319792],"to":[8.759706,23.933882,11.013608],"faces":{"east":{"uv":[5.0,11.0,5.5,12.5],"tintindex":0,"rotation":90,"texture":"#9"},"south":{"uv":[6.0,12.25,6.5,11.0],"tintindex":0,"rotation":270,"texture":"#9"},"north":{"uv":[5.5,11.0,6.0,12.25],"tintindex":0,"rotation":270,"texture":"#9"},"west":{"uv":[4.5,11.0,5.0,12.5],"tintindex":0,"rotation":270,"texture":"#9"},"up":{"uv":[0.0,7.5,1.25,9.0],"tintindex":0,"rotation":0,"texture":"#9"},"down":{"uv":[6.5,7.0,7.75,8.5],"tintindex":0,"rotation":180,"texture":"#9"}}},{"from":[7.4652734,21.965498,11.351832],"to":[8.363072,23.159615,11.926777],"faces":{"east":{"uv":[5.125,3.84375,5.28125,3.5],"tintindex":0,"rotation":180,"texture":"#7"},"south":{"uv":[3.875,4.5,4.125,4.84375],"tintindex":0,"rotation":0,"texture":"#7"},"north":{"uv":[4.125,4.5,4.375,4.84375],"tintindex":0,"rotation":0,"texture":"#7"},"west":{"uv":[5.125,3.5,5.28125,3.84375],"tintindex":0,"rotation":0,"texture":"#7"},"up":{"uv":[5.875,5.28125,5.625,5.125],"tintindex":0,"rotation":180,"texture":"#7"},"down":{"uv":[0.875,5.75,0.625,5.90625],"tintindex":0,"rotation":180,"texture":"#7"}},"rotation":{"origin":[7.8920636,22.868649,9.630463],"angle":-45.0,"axis":"x"}},{"from":[7.334183,24.270002,9.813732],"to":[8.586188,24.68392,10.102541],"faces":{"east":{"uv":[11.5,0.0,12.375,0.625],"tintindex":0,"rotation":90,"texture":"#9"},"south":{"uv":[9.5,6.0,10.375,5.5],"tintindex":0,"rotation":270,"texture":"#9"},"north":{"uv":[8.0,1.5,8.875,2.0],"tintindex":0,"rotation":270,"texture":"#9"},"west":{"uv":[11.0,7.0,11.875,7.625],"tintindex":0,"rotation":270,"texture":"#9"},"up":{"uv":[9.5,12.0,10.0,12.625],"tintindex":0,"rotation":0,"texture":"#9"},"down":{"uv":[12.0,9.0,12.5,9.625],"tintindex":0,"rotation":180,"texture":"#9"}},"rotation":{"origin":[7.9585724,24.440098,9.943915],"angle":-22.5,"axis":"x"}},{"from":[7.5205607,23.0187,12.736763],"to":[8.307794,23.15138,13.311708],"faces":{"east":{"uv":[6.90625,7.25,6.75,7.28125],"tintindex":0,"rotation":0,"texture":"#7"},"south":{"uv":[5.96875,7.25,5.75,7.28125],"tintindex":0,"rotation":0,"texture":"#7"},"north":{"uv":[7.46875,5.625,7.25,5.65625],"tintindex":0,"rotation":0,"texture":"#7"},"west":{"uv":[6.65625,7.25,6.5,7.28125],"tintindex":0,"rotation":0,"texture":"#7"},"up":{"uv":[6.09375,4.125,5.875,4.28125],"tintindex":0,"rotation":180,"texture":"#7"},"down":{"uv":[6.09375,4.53125,5.875,4.375],"tintindex":0,"rotation":180,"texture":"#7"}},"rotation":{"origin":[7.8920636,22.868649,9.630463],"angle":-45.0,"axis":"x"}},{"from":[7.9037914,24.645184,1.752305],"to":[8.160228,25.74217,3.5388613],"faces":{"east":{"uv":[0.0,2.0,1.03125,3.6875],"tintindex":0,"rotation":90,"texture":"#16"},"south":{"uv":[0.0,2.0,1.03125,3.6875],"tintindex":0,"rotation":270,"texture":"#16"},"north":{"uv":[0.0,2.0,1.03125,3.6875],"tintindex":0,"rotation":270,"texture":"#16"},"west":{"uv":[1.03125,2.0,0.0,3.6875],"tintindex":0,"rotation":270,"texture":"#16"},"up":{"uv":[0.0,2.0,1.03125,3.6875],"tintindex":0,"rotation":0,"texture":"#16"},"down":{"uv":[0.0,2.0,1.03125,3.6875],"tintindex":0,"rotation":180,"texture":"#16"}},"rotation":{"origin":[8.54488,25.544958,3.2207184],"angle":45.0,"axis":"x"}},{"from":[7.9011827,21.37822,5.698988],"to":[8.162829,21.928463,7.5446916],"faces":{"east":{"uv":[3.53125,5.5,3.0,7.25],"tintindex":0,"rotation":90,"texture":"#16"},"south":{"uv":[3.53125,5.5,3.0,7.25],"tintindex":0,"rotation":270,"texture":"#16"},"north":{"uv":[3.53125,5.5,3.0,7.25],"tintindex":0,"rotation":270,"texture":"#16"},"west":{"uv":[3.0,5.5,3.53125,7.25],"tintindex":0,"rotation":270,"texture":"#16"},"up":{"uv":[3.53125,5.5,3.0,7.25],"tintindex":0,"rotation":0,"texture":"#16"},"down":{"uv":[3.53125,5.5,3.0,7.25],"tintindex":0,"rotation":180,"texture":"#16"}}},{"from":[7.914177,20.69109,11.804849],"to":[7.914177,22.813965,15.1218405],"faces":{"east":{"uv":[0.0,3.0,0.59375,3.9375],"tintindex":0,"rotation":90,"texture":"#7"},"west":{"uv":[0.59375,3.0,0.0,3.9375],"tintindex":0,"rotation":270,"texture":"#7"}},"rotation":{"origin":[7.8920636,23.173733,9.630463],"angle":22.5,"axis":"x"}},{"from":[7.9701104,22.360647,16.2342],"to":[7.9701104,23.822361,18.336262],"faces":{"east":{"uv":[5.07813,0.0,4.75,0.53125],"tintindex":0,"rotation":90,"texture":"#18"},"south":{"uv":[4.75,0.0,5.07813,0.53125],"tintindex":0,"rotation":90,"texture":"#18"},"north":{"uv":[4.75,0.0,5.07813,0.53125],"tintindex":0,"rotation":90,"texture":"#18"},"west":{"uv":[4.73438,0.0,5.07813,0.53125],"tintindex":0,"rotation":270,"texture":"#18"},"up":{"uv":[4.75,0.0,5.07813,0.53125],"tintindex":0,"rotation":0,"texture":"#18"},"down":{"uv":[4.75,0.0,5.07813,0.53125],"tintindex":0,"rotation":180,"texture":"#18"}}},{"from":[7.1975727,23.74877,10.47583],"to":[8.722806,24.34909,10.676305],"faces":{"east":{"uv":[10.5,6.5,11.8125,6.9375],"tintindex":0,"rotation":90,"texture":"#9"},"south":{"uv":[6.5,9.625,7.8125,8.5],"tintindex":0,"rotation":270,"texture":"#9"},"north":{"uv":[8.0,7.0,9.3125,8.125],"tintindex":0,"rotation":270,"texture":"#9"},"west":{"uv":[7.5,3.5,8.8125,3.9375],"tintindex":0,"rotation":270,"texture":"#9"},"up":{"uv":[0.0,12.0,1.125,12.4375],"tintindex":0,"rotation":0,"texture":"#9"},"down":{"uv":[11.5,1.0,12.625,1.4375],"tintindex":0,"rotation":180,"texture":"#9"}},"rotation":{"origin":[7.9585724,23.902542,10.483318],"angle":22.5,"axis":"x"}},{"from":[7.4873867,21.0825,11.051422],"to":[8.34096,21.657444,12.112852],"faces":{"east":{"uv":[5.375,3.875,5.53125,4.17188],"tintindex":0,"rotation":90,"texture":"#7"},"south":{"uv":[6.10938,0.40625,5.875,0.25],"tintindex":0,"rotation":180,"texture":"#7"},"north":{"uv":[6.10938,0.0,5.875,0.15625],"tintindex":0,"rotation":0,"texture":"#7"},"west":{"uv":[5.53125,3.875,5.375,4.17188],"tintindex":0,"rotation":270,"texture":"#7"},"up":{"uv":[5.10938,2.25,4.875,2.54688],"tintindex":0,"rotation":0,"texture":"#7"},"down":{"uv":[0.60938,4.875,0.375,5.17188],"tintindex":0,"rotation":180,"texture":"#7"}}},{"from":[7.902512,24.445019,5.007605],"to":[8.150933,24.96225,5.8044567],"faces":{"east":{"uv":[6.5,4.5,7.0,5.25],"tintindex":0,"rotation":90,"texture":"#16"},"south":{"uv":[6.5,4.5,7.0,5.25],"tintindex":0,"rotation":270,"texture":"#16"},"north":{"uv":[6.5,4.5,7.0,5.25],"tintindex":0,"rotation":270,"texture":"#16"},"west":{"uv":[7.0,4.5,6.5,5.25],"tintindex":0,"rotation":270,"texture":"#16"},"up":{"uv":[6.5,4.5,7.0,5.25],"tintindex":0,"rotation":0,"texture":"#16"},"down":{"uv":[6.5,4.5,7.0,5.25],"tintindex":0,"rotation":180,"texture":"#16"}},"rotation":{"origin":[8.523576,24.57256,4.924327],"angle":22.5,"axis":"x"}},{"from":[7.1523194,21.962263,10.623585],"to":[8.763714,22.353735,11.324404],"faces":{"east":{"uv":[1.8125,9.5,1.0,11.0],"tintindex":0,"rotation":90,"texture":"#9"},"south":{"uv":[11.3125,1.3125,10.5,0.0],"tintindex":0,"rotation":270,"texture":"#9"},"north":{"uv":[0.8125,10.5,0.0,11.8125],"tintindex":0,"rotation":270,"texture":"#9"},"west":{"uv":[10.3125,0.0,9.5,1.5],"tintindex":0,"rotation":270,"texture":"#9"},"up":{"uv":[3.3125,6.5,2.0,8.0],"tintindex":0,"rotation":0,"texture":"#9"},"down":{"uv":[4.8125,6.5,3.5,8.0],"tintindex":0,"rotation":180,"texture":"#9"}},"rotation":{"origin":[8.216697,22.89325,11.249612],"angle":22.5,"axis":"x"}},{"from":[7.902512,21.08013,5.007605],"to":[8.150933,21.597363,5.8044567],"faces":{"east":{"uv":[7.0,4.5,6.5,5.25],"tintindex":0,"rotation":90,"texture":"#16"},"south":{"uv":[7.0,4.5,6.5,5.25],"tintindex":0,"rotation":270,"texture":"#16"},"north":{"uv":[7.0,4.5,6.5,5.25],"tintindex":0,"rotation":270,"texture":"#16"},"west":{"uv":[6.5,4.5,7.0,5.25],"tintindex":0,"rotation":270,"texture":"#16"},"up":{"uv":[7.0,4.5,6.5,5.25],"tintindex":0,"rotation":0,"texture":"#16"},"down":{"uv":[7.0,4.5,6.5,5.25],"tintindex":0,"rotation":180,"texture":"#16"}},"rotation":{"origin":[8.523576,21.469822,4.924327],"angle":-22.5,"axis":"x"}},{"from":[7.2232366,23.917217,9.619859],"to":[8.697135,24.079084,10.160316],"faces":{"east":{"uv":[3.5,12.0,3.875,13.1875],"tintindex":0,"rotation":90,"texture":"#9"},"south":{"uv":[9.0,13.0,9.375,12.0],"tintindex":0,"rotation":270,"texture":"#9"},"north":{"uv":[8.5,12.0,8.875,13.0],"tintindex":0,"rotation":270,"texture":"#9"},"west":{"uv":[12.0,3.0,12.375,4.1875],"tintindex":0,"rotation":270,"texture":"#9"},"up":{"uv":[3.0,9.5,4.0,10.6875],"tintindex":0,"rotation":0,"texture":"#9"},"down":{"uv":[2.0,9.5,3.0,10.6875],"tintindex":0,"rotation":180,"texture":"#9"}},"rotation":{"origin":[7.963944,24.25687,9.958428],"angle":-45.0,"axis":"x"}},{"from":[7.6033883,22.60217,15.394062],"to":[8.41097,23.409752,16.150549],"faces":{"east":{"uv":[3.0,9.0,4.15625,10.0625],"tintindex":0,"rotation":90,"texture":"#8"},"south":{"uv":[9.65625,6.0,8.5,7.15625],"tintindex":0,"rotation":180,"texture":"#8"},"north":{"uv":[9.65625,5.65625,8.5,4.5],"tintindex":0,"rotation":0,"texture":"#8"},"west":{"uv":[0.0,9.0,1.15625,10.0625],"tintindex":0,"rotation":270,"texture":"#8"},"up":{"uv":[8.0,8.5,9.15625,9.5625],"tintindex":0,"rotation":0,"texture":"#8"},"down":{"uv":[1.5,9.0,2.65625,10.0625],"tintindex":0,"rotation":180,"texture":"#8"}}},{"from":[7.5095005,24.425674,11.751193],"to":[8.318847,24.779488,13.299123],"faces":{"east":{"uv":[2.84375,4.125,2.75,4.5625],"tintindex":0,"rotation":90,"texture":"#7"},"south":{"uv":[6.85938,4.5,6.625,4.59375],"tintindex":0,"rotation":180,"texture":"#7"},"north":{"uv":[6.73438,6.21875,6.5,6.125],"tintindex":0,"rotation":0,"texture":"#7"},"west":{"uv":[2.75,4.125,2.84375,4.5625],"tintindex":0,"rotation":270,"texture":"#7"},"up":{"uv":[1.0,4.0,1.23438,4.4375],"tintindex":0,"rotation":0,"texture":"#7"},"down":{"uv":[4.375,3.0,4.60938,3.4375],"tintindex":0,"rotation":180,"texture":"#7"}},"rotation":{"origin":[7.8920636,22.868649,9.630463],"angle":-22.5,"axis":"x"}},{"from":[7.907595,20.35835,-1.3876896],"to":[8.156417,23.123531,-0.3672371],"faces":{"east":{"uv":[2.625,0.0,0.0,0.96875],"tintindex":0,"rotation":90,"texture":"#16"},"south":{"uv":[2.625,0.0,0.0,0.96875],"tintindex":0,"rotation":270,"texture":"#16"},"north":{"uv":[2.625,0.0,0.0,0.96875],"tintindex":0,"rotation":270,"texture":"#16"},"west":{"uv":[0.0,0.0,2.625,0.96875],"tintindex":0,"rotation":270,"texture":"#16"},"up":{"uv":[2.625,0.0,0.0,0.96875],"tintindex":0,"rotation":0,"texture":"#16"},"down":{"uv":[2.625,0.0,0.0,0.96875],"tintindex":0,"rotation":180,"texture":"#16"}},"rotation":{"origin":[8.032006,21.225113,-0.023275375],"angle":-45.0,"axis":"x"}},{"from":[7.1543236,22.04583,10.319792],"to":[8.759706,22.267988,11.013608],"faces":{"east":{"uv":[5.5,11.0,5.0,12.5],"tintindex":0,"rotation":90,"texture":"#9"},"south":{"uv":[6.5,12.25,6.0,11.0],"tintindex":0,"rotation":270,"texture":"#9"},"north":{"uv":[6.0,11.0,5.5,12.25],"tintindex":0,"rotation":270,"texture":"#9"},"west":{"uv":[5.0,11.0,4.5,12.5],"tintindex":0,"rotation":270,"texture":"#9"},"up":{"uv":[7.75,7.0,6.5,8.5],"tintindex":0,"rotation":0,"texture":"#9"},"down":{"uv":[1.25,7.5,0.0,9.0],"tintindex":0,"rotation":180,"texture":"#9"}}},{"from":[7.9037914,20.300209,1.752305],"to":[8.160228,21.397198,3.5388613],"faces":{"east":{"uv":[1.03125,2.0,0.0,3.6875],"tintindex":0,"rotation":90,"texture":"#16"},"south":{"uv":[1.03125,2.0,0.0,3.6875],"tintindex":0,"rotation":270,"texture":"#16"},"north":{"uv":[1.03125,2.0,0.0,3.6875],"tintindex":0,"rotation":270,"texture":"#16"},"west":{"uv":[0.0,2.0,1.03125,3.6875],"tintindex":0,"rotation":270,"texture":"#16"},"up":{"uv":[1.03125,2.0,0.0,3.6875],"tintindex":0,"rotation":0,"texture":"#16"},"down":{"uv":[1.03125,2.0,0.0,3.6875],"tintindex":0,"rotation":180,"texture":"#16"}},"rotation":{"origin":[8.54488,20.497421,3.2207184],"angle":-45.0,"axis":"x"}},{"from":[7.4542203,23.951149,10.020394],"to":[8.374133,24.570324,11.214512],"faces":{"east":{"uv":[5.17188,0.875,5.0,1.21875],"tintindex":0,"rotation":90,"texture":"#7"},"south":{"uv":[5.76563,0.375,5.5,0.54688],"tintindex":0,"rotation":180,"texture":"#7"},"north":{"uv":[5.76563,0.17188,5.5,0.0],"tintindex":0,"rotation":0,"texture":"#7"},"west":{"uv":[5.0,0.875,5.17188,1.21875],"tintindex":0,"rotation":270,"texture":"#7"},"up":{"uv":[4.375,4.0,4.64063,4.34375],"tintindex":0,"rotation":0,"texture":"#7"},"down":{"uv":[4.375,4.375,4.64063,4.71875],"tintindex":0,"rotation":180,"texture":"#7"}},"rotation":{"origin":[7.8920636,22.868649,9.630463],"angle":22.5,"axis":"x"}}],"display":{"gui":{"rotation":[30,225,0]}}}