{"textures":{"0":"modelengine:entity/satan","3":"modelengine:entity/cube"},"elements":[{"from":[0.76263,17.612576,8.037403],"to":[0.76263,19.351814,14.594903],"faces":{"east":{"uv":[5.5,12.5,7.6875,13.6875],"tintindex":0,"rotation":0,"texture":"#0"},"south":{"uv":[7.6875,12.5,5.5,13.6875],"tintindex":0,"rotation":0,"texture":"#0"},"north":{"uv":[7.6875,12.5,5.5,13.6875],"tintindex":0,"rotation":0,"texture":"#0"},"west":{"uv":[7.6875,12.5,5.5,13.6875],"tintindex":0,"rotation":0,"texture":"#0"},"up":{"uv":[7.6875,12.5,5.5,13.6875],"tintindex":0,"rotation":0,"texture":"#0"},"down":{"uv":[7.6875,12.5,5.5,13.6875],"tintindex":0,"rotation":0,"texture":"#0"}},"rotation":{"origin":[3.010089,28.63873,12.635155],"angle":-45.0,"axis":"y"}},{"from":[2.3302355,10.42832,7.8644886],"to":[3.1729407,11.271023,8.372448],"faces":{"east":{"uv":[4.0,6.0,6.0,8.0],"tintindex":0,"rotation":0,"texture":"#3"},"south":{"uv":[4.0,6.0,6.0,8.0],"tintindex":0,"rotation":0,"texture":"#3"},"north":{"uv":[4.0,6.0,6.0,8.0],"tintindex":0,"rotation":0,"texture":"#3"},"west":{"uv":[4.0,6.0,6.0,8.0],"tintindex":0,"rotation":0,"texture":"#3"},"up":{"uv":[4.0,6.0,6.0,8.0],"tintindex":0,"rotation":0,"texture":"#3"},"down":{"uv":[4.0,6.0,6.0,8.0],"tintindex":0,"rotation":0,"texture":"#3"}},"rotation":{"origin":[5.9012313,7.7066,7.6318936],"angle":-45.0,"axis":"z"}},{"from":[14.695701,17.851791,7.4427724],"to":[17.052204,19.078648,11.143496],"faces":{"east":{"uv":[10.5,13.0,12.375,14.3125],"tintindex":0,"rotation":0,"texture":"#0"},"south":{"uv":[8.0,14.0,9.625,15.3125],"tintindex":0,"rotation":0,"texture":"#0"},"north":{"uv":[6.0,14.0,7.625,15.3125],"tintindex":0,"rotation":0,"texture":"#0"},"west":{"uv":[12.5,13.0,14.375,14.3125],"tintindex":0,"rotation":0,"texture":"#0"},"up":{"uv":[13.625,10.875,12.0,9.0],"tintindex":0,"rotation":0,"texture":"#0"},"down":{"uv":[13.625,11.0,12.0,12.875],"tintindex":0,"rotation":0,"texture":"#0"}},"rotation":{"origin":[11.992101,28.508282,11.180468],"angle":-22.5,"axis":"z"}},{"from":[4.547384,15.255981,6.5598526],"to":[11.064376,17.787144,12.026415],"faces":{"east":{"uv":[0.0,9.0,3.125,10.75],"tintindex":0,"rotation":0,"texture":"#0"},"south":{"uv":[0.0,7.0,4.5,8.75],"tintindex":0,"rotation":0,"texture":"#0"},"north":{"uv":[4.5,6.0,9.0,7.75],"tintindex":0,"rotation":0,"texture":"#0"},"west":{"uv":[9.0,5.0,12.125,6.75],"tintindex":0,"rotation":0,"texture":"#0"},"up":{"uv":[4.5,3.125,0.0,0.0],"tintindex":0,"rotation":0,"texture":"#0"},"down":{"uv":[4.5,3.5,0.0,6.625],"tintindex":0,"rotation":0,"texture":"#0"}}},{"from":[5.623849,11.793823,6.668954],"to":[9.987911,15.430542,11.990047],"faces":{"east":{"uv":[7.5,2.5,10.5,5.0],"tintindex":0,"rotation":0,"texture":"#0"},"south":{"uv":[4.5,8.0,7.5,10.5],"tintindex":0,"rotation":0,"texture":"#0"},"north":{"uv":[7.5,0.0,10.5,2.5],"tintindex":0,"rotation":0,"texture":"#0"},"west":{"uv":[7.5,8.0,10.5,10.5],"tintindex":0,"rotation":0,"texture":"#0"},"up":{"uv":[7.5,3.0,4.5,0.0],"tintindex":0,"rotation":0,"texture":"#0"},"down":{"uv":[7.5,3.0,4.5,6.0],"tintindex":0,"rotation":0,"texture":"#0"}}},{"from":[11.715263,15.764336,6.7176847],"to":[14.393926,18.11832,11.868583],"faces":{"east":{"uv":[11.875,10.5,9.0,12.125],"tintindex":0,"rotation":0,"texture":"#0"},"south":{"uv":[14.3125,5.0,12.5,6.625],"tintindex":0,"rotation":0,"texture":"#0"},"north":{"uv":[14.3125,0.0,12.5,1.625],"tintindex":0,"rotation":0,"texture":"#0"},"west":{"uv":[13.375,7.0,10.5,8.625],"tintindex":0,"rotation":0,"texture":"#0"},"up":{"uv":[10.5,2.875,12.3125,0.0],"tintindex":0,"rotation":0,"texture":"#0"},"down":{"uv":[3.5,10.5,5.3125,13.375],"tintindex":0,"rotation":0,"texture":"#0"}},"rotation":{"origin":[7.71588,24.26075,11.180468],"angle":-45.0,"axis":"z"}},{"from":[11.078927,17.612576,7.593681],"to":[13.176222,19.351814,10.992587],"faces":{"east":{"uv":[14.0,9.0,15.6875,10.1875],"tintindex":0,"rotation":0,"texture":"#0"},"south":{"uv":[0.0,14.5,1.4375,15.6875],"tintindex":0,"rotation":0,"texture":"#0"},"north":{"uv":[10.5,9.0,11.9375,10.1875],"tintindex":0,"rotation":0,"texture":"#0"},"west":{"uv":[14.0,10.5,15.6875,11.6875],"tintindex":0,"rotation":0,"texture":"#0"},"up":{"uv":[15.4375,3.6875,14.0,2.0],"tintindex":0,"rotation":0,"texture":"#0"},"down":{"uv":[5.9375,14.0,4.5,15.6875],"tintindex":0,"rotation":0,"texture":"#0"}}},{"from":[11.381338,19.914032,6.60495],"to":[13.476669,22.39457,11.9813175],"faces":{"east":{"uv":[8.5625,10.5,5.5,12.1875],"tintindex":0,"rotation":0,"texture":"#0"},"south":{"uv":[14.9375,7.0,13.5,8.6875],"tintindex":0,"rotation":0,"texture":"#0"},"north":{"uv":[4.4375,13.5,3.0,15.1875],"tintindex":0,"rotation":0,"texture":"#0"},"west":{"uv":[13.5625,3.0,10.5,4.6875],"tintindex":0,"rotation":0,"texture":"#0"},"up":{"uv":[0.0,14.0625,1.4375,11.0],"tintindex":0,"rotation":0,"texture":"#0"},"down":{"uv":[1.5,11.0,2.9375,14.0625],"tintindex":0,"rotation":0,"texture":"#0"}},"rotation":{"origin":[3.4599233,28.505184,11.180468],"angle":-45.0,"axis":"z"}},{"from":[14.585909,13.505566,8.675468],"to":[19.27536,16.319237,10.551249],"faces":{"east":{"uv":[4.25,7.0,4.75,7.75],"tintindex":0,"rotation":0,"texture":"#0"},"south":{"uv":[5.5,4.0,6.71875,4.75],"tintindex":0,"rotation":0,"texture":"#0"},"north":{"uv":[4.5,5.25,5.71875,6.0],"tintindex":0,"rotation":0,"texture":"#0"},"west":{"uv":[4.75,7.0,5.25,7.75],"tintindex":0,"rotation":0,"texture":"#0"},"up":{"uv":[7.71875,5.75,6.5,5.25],"tintindex":0,"rotation":0,"texture":"#0"},"down":{"uv":[7.71875,5.75,6.5,6.25],"tintindex":0,"rotation":0,"texture":"#0"}},"rotation":{"origin":[9.978917,21.86412,11.979208],"angle":-45.0,"axis":"z"}},{"from":[1.2178345,15.764336,6.7176847],"to":[3.8964963,18.11832,11.868583],"faces":{"east":{"uv":[10.5,7.0,13.375,8.625],"tintindex":0,"rotation":0,"texture":"#0"},"south":{"uv":[12.5,5.0,14.3125,6.625],"tintindex":0,"rotation":0,"texture":"#0"},"north":{"uv":[12.5,0.0,14.3125,1.625],"tintindex":0,"rotation":0,"texture":"#0"},"west":{"uv":[9.0,10.5,11.875,12.125],"tintindex":0,"rotation":0,"texture":"#0"},"up":{"uv":[12.3125,2.875,10.5,0.0],"tintindex":0,"rotation":0,"texture":"#0"},"down":{"uv":[5.3125,10.5,3.5,13.375],"tintindex":0,"rotation":0,"texture":"#0"}},"rotation":{"origin":[7.8958797,24.26075,11.180468],"angle":45.0,"axis":"z"}},{"from":[9.028048,9.828482,7.866998],"to":[10.219992,12.212368,8.369928],"faces":{"east":{"uv":[8.5,0.0,8.0,6.0],"tintindex":0,"rotation":0,"texture":"#3"},"south":{"uv":[7.0,0.0,4.0,6.0],"tintindex":0,"rotation":0,"texture":"#3"},"north":{"uv":[3.0,0.0,0.0,6.0],"tintindex":0,"rotation":0,"texture":"#3"},"west":{"uv":[0.5,8.0,0.0,14.0],"tintindex":0,"rotation":0,"texture":"#3"},"up":{"uv":[2.0,8.5,5.0,8.0],"tintindex":0,"rotation":0,"texture":"#3"},"down":{"uv":[6.0,8.0,9.0,8.5],"tintindex":0,"rotation":0,"texture":"#3"}}},{"from":[-1.440445,17.851791,7.4427724],"to":[0.9160595,19.078648,11.143496],"faces":{"east":{"uv":[14.375,13.0,12.5,14.3125],"tintindex":0,"rotation":0,"texture":"#0"},"south":{"uv":[9.625,14.0,8.0,15.3125],"tintindex":0,"rotation":0,"texture":"#0"},"north":{"uv":[7.625,14.0,6.0,15.3125],"tintindex":0,"rotation":0,"texture":"#0"},"west":{"uv":[12.375,13.0,10.5,14.3125],"tintindex":0,"rotation":0,"texture":"#0"},"up":{"uv":[12.0,10.875,13.625,9.0],"tintindex":0,"rotation":0,"texture":"#0"},"down":{"uv":[12.0,11.0,13.625,12.875],"tintindex":0,"rotation":0,"texture":"#0"}},"rotation":{"origin":[3.6196594,28.508282,11.180468],"angle":22.5,"axis":"z"}},{"from":[2.1350904,19.914032,6.60495],"to":[4.230422,22.39457,11.9813175],"faces":{"east":{"uv":[10.5,3.0,13.5625,4.6875],"tintindex":0,"rotation":0,"texture":"#0"},"south":{"uv":[13.5,7.0,14.9375,8.6875],"tintindex":0,"rotation":0,"texture":"#0"},"north":{"uv":[3.0,13.5,4.4375,15.1875],"tintindex":0,"rotation":0,"texture":"#0"},"west":{"uv":[5.5,10.5,8.5625,12.1875],"tintindex":0,"rotation":0,"texture":"#0"},"up":{"uv":[1.4375,14.0625,0.0,11.0],"tintindex":0,"rotation":0,"texture":"#0"},"down":{"uv":[2.9375,11.0,1.5,14.0625],"tintindex":0,"rotation":0,"texture":"#0"}},"rotation":{"origin":[12.151836,28.505184,11.180468],"angle":45.0,"axis":"z"}},{"from":[-3.6636019,13.505566,8.675468],"to":[1.0258517,16.319237,10.551249],"faces":{"east":{"uv":[5.25,7.0,4.75,7.75],"tintindex":0,"rotation":0,"texture":"#0"},"south":{"uv":[6.71875,4.0,5.5,4.75],"tintindex":0,"rotation":0,"texture":"#0"},"north":{"uv":[5.71875,5.25,4.5,6.0],"tintindex":0,"rotation":0,"texture":"#0"},"west":{"uv":[4.75,7.0,4.25,7.75],"tintindex":0,"rotation":0,"texture":"#0"},"up":{"uv":[6.5,5.75,7.71875,5.25],"tintindex":0,"rotation":0,"texture":"#0"},"down":{"uv":[6.5,5.75,7.71875,6.25],"tintindex":0,"rotation":0,"texture":"#0"}},"rotation":{"origin":[5.632843,21.86412,11.979208],"angle":45.0,"axis":"z"}},{"from":[2.4355383,17.612576,7.593681],"to":[4.532833,19.351814,10.992587],"faces":{"east":{"uv":[15.6875,10.5,14.0,11.6875],"tintindex":0,"rotation":0,"texture":"#0"},"south":{"uv":[1.4375,14.5,0.0,15.6875],"tintindex":0,"rotation":0,"texture":"#0"},"north":{"uv":[11.9375,9.0,10.5,10.1875],"tintindex":0,"rotation":0,"texture":"#0"},"west":{"uv":[15.6875,9.0,14.0,10.1875],"tintindex":0,"rotation":0,"texture":"#0"},"up":{"uv":[14.0,3.6875,15.4375,2.0],"tintindex":0,"rotation":0,"texture":"#0"},"down":{"uv":[4.5,14.0,5.9375,15.6875],"tintindex":0,"rotation":0,"texture":"#0"}}},{"from":[14.849131,17.612576,8.037403],"to":[14.849131,19.351814,14.594903],"faces":{"east":{"uv":[5.5,12.5,7.6875,13.6875],"tintindex":0,"rotation":0,"texture":"#0"},"south":{"uv":[5.5,12.5,7.6875,13.6875],"tintindex":0,"rotation":0,"texture":"#0"},"north":{"uv":[5.5,12.5,7.6875,13.6875],"tintindex":0,"rotation":0,"texture":"#0"},"west":{"uv":[7.6875,12.5,5.5,13.6875],"tintindex":0,"rotation":0,"texture":"#0"},"up":{"uv":[5.5,12.5,7.6875,13.6875],"tintindex":0,"rotation":0,"texture":"#0"},"down":{"uv":[5.5,12.5,7.6875,13.6875],"tintindex":0,"rotation":0,"texture":"#0"}},"rotation":{"origin":[12.601671,28.63873,12.635155],"angle":45.0,"axis":"y"}},{"from":[5.3136435,9.828482,7.866998],"to":[6.5055866,12.212368,8.369928],"faces":{"east":{"uv":[0.0,8.0,0.5,14.0],"tintindex":0,"rotation":0,"texture":"#3"},"south":{"uv":[4.0,0.0,7.0,6.0],"tintindex":0,"rotation":0,"texture":"#3"},"north":{"uv":[0.0,0.0,3.0,6.0],"tintindex":0,"rotation":0,"texture":"#3"},"west":{"uv":[8.0,0.0,8.5,6.0],"tintindex":0,"rotation":0,"texture":"#3"},"up":{"uv":[5.0,8.5,2.0,8.0],"tintindex":0,"rotation":0,"texture":"#3"},"down":{"uv":[9.0,8.0,6.0,8.5],"tintindex":0,"rotation":0,"texture":"#3"}}},{"from":[12.360695,10.42832,7.8644886],"to":[13.2034,11.271023,8.372448],"faces":{"east":{"uv":[6.0,6.0,4.0,8.0],"tintindex":0,"rotation":0,"texture":"#3"},"south":{"uv":[6.0,6.0,4.0,8.0],"tintindex":0,"rotation":0,"texture":"#3"},"north":{"uv":[6.0,6.0,4.0,8.0],"tintindex":0,"rotation":0,"texture":"#3"},"west":{"uv":[6.0,6.0,4.0,8.0],"tintindex":0,"rotation":0,"texture":"#3"},"up":{"uv":[6.0,6.0,4.0,8.0],"tintindex":0,"rotation":0,"texture":"#3"},"down":{"uv":[6.0,6.0,4.0,8.0],"tintindex":0,"rotation":0,"texture":"#3"}},"rotation":{"origin":[9.632403,7.7066,7.6318936],"angle":45.0,"axis":"z"}}],"display":{"gui":{"rotation":[30,225,0]}}}