{"textures":{"1":"modelengine:entity/satan_arm"},"elements":[{"from":[1.3291416,6.799282,4.2359967],"to":[4.774454,17.518032,10.820372],"faces":{"east":{"uv":[4.625,1.25,3.75,2.65625],"tintindex":0,"rotation":0,"texture":"#1"},"south":{"uv":[2.4375,6.25,2.0,7.65625],"tintindex":0,"rotation":0,"texture":"#1"},"north":{"uv":[1.9375,6.25,1.5,7.65625],"tintindex":0,"rotation":0,"texture":"#1"},"west":{"uv":[2.875,3.5,2.0,4.90625],"tintindex":0,"rotation":0,"texture":"#1"},"up":{"uv":[1.0,7.875,1.4375,7.0],"tintindex":0,"rotation":0,"texture":"#1"},"down":{"uv":[2.5,7.0,2.9375,7.875],"tintindex":0,"rotation":0,"texture":"#1"}}},{"from":[0.12390709,-2.6830635,3.7000594],"to":[3.952032,4.9731865,11.35631],"faces":{"east":{"uv":[5.75,2.25,4.75,3.25],"tintindex":0,"rotation":0,"texture":"#1"},"south":{"uv":[0.5,6.5,0.0,7.5],"tintindex":0,"rotation":0,"texture":"#1"},"north":{"uv":[3.0,5.0,2.5,6.0],"tintindex":0,"rotation":0,"texture":"#1"},"west":{"uv":[5.75,1.25,4.75,2.25],"tintindex":0,"rotation":0,"texture":"#1"},"up":{"uv":[6.5,7.25,7.0,6.25],"tintindex":0,"rotation":0,"texture":"#1"},"down":{"uv":[6.75,0.5,7.25,1.5],"tintindex":0,"rotation":0,"texture":"#1"}}},{"from":[-7.918646,-1.1265182,3.6809187],"to":[-4.01396,4.768795,5.6332626],"faces":{"east":{"uv":[3.25,7.0,3.0,7.78125],"tintindex":0,"rotation":0,"texture":"#1"},"south":{"uv":[1.0,7.0,0.5,7.78125],"tintindex":0,"rotation":0,"texture":"#1"},"north":{"uv":[6.25,6.75,5.75,7.53125],"tintindex":0,"rotation":0,"texture":"#1"},"west":{"uv":[2.0,4.0,1.75,4.78125],"tintindex":0,"rotation":0,"texture":"#1"},"up":{"uv":[6.0,4.0,6.5,3.75],"tintindex":0,"rotation":0,"texture":"#1"},"down":{"uv":[6.25,0.5,6.75,0.75],"tintindex":0,"rotation":0,"texture":"#1"}},"rotation":{"origin":[-1.7133675,25.909824,9.667614],"angle":22.5,"axis":"z"}},{"from":[-6.245325,13.28854,3.9998446],"to":[-2.417202,20.254673,11.056524],"faces":{"east":{"uv":[6.65625,1.75,5.75,2.65625],"tintindex":0,"rotation":0,"texture":"#1"},"south":{"uv":[7.25,2.5,6.75,3.40625],"tintindex":0,"rotation":0,"texture":"#1"},"north":{"uv":[7.25,1.5,6.75,2.40625],"tintindex":0,"rotation":0,"texture":"#1"},"west":{"uv":[6.65625,0.75,5.75,1.65625],"tintindex":0,"rotation":0,"texture":"#1"},"up":{"uv":[6.75,4.40625,7.25,3.5],"tintindex":0,"rotation":0,"texture":"#1"},"down":{"uv":[3.75,6.75,4.25,7.65625],"tintindex":0,"rotation":0,"texture":"#1"}},"rotation":{"origin":[-3.664383,34.22711,9.610191],"angle":22.5,"axis":"z"}},{"from":[2.5254688,5.1821136,4.960274],"to":[4.7917194,7.8005524,10.096094],"faces":{"east":{"uv":[8.15625,0.0,7.5,0.34375],"tintindex":0,"rotation":0,"texture":"#1"},"south":{"uv":[2.28125,7.75,2.0,8.09375],"tintindex":0,"rotation":0,"texture":"#1"},"north":{"uv":[1.78125,7.75,1.5,8.09375],"tintindex":0,"rotation":0,"texture":"#1"},"west":{"uv":[6.90625,7.25,6.25,7.59375],"tintindex":0,"rotation":0,"texture":"#1"},"up":{"uv":[0.0,8.15625,0.28125,7.5],"tintindex":0,"rotation":0,"texture":"#1"},"down":{"uv":[7.5,6.25,7.78125,6.90625],"tintindex":0,"rotation":0,"texture":"#1"}}},{"from":[0.5154495,4.8852196,6.150059],"to":[5.8748245,17.518032,8.906309],"faces":{"east":{"uv":[5.625,6.0,5.25,7.65625],"tintindex":0,"rotation":0,"texture":"#1"},"south":{"uv":[4.4375,4.0,3.75,5.65625],"tintindex":0,"rotation":0,"texture":"#1"},"north":{"uv":[1.6875,4.0,1.0,5.65625],"tintindex":0,"rotation":0,"texture":"#1"},"west":{"uv":[3.625,6.0,3.25,7.65625],"tintindex":0,"rotation":0,"texture":"#1"},"up":{"uv":[5.0,1.125,5.6875,0.75],"tintindex":0,"rotation":0,"texture":"#1"},"down":{"uv":[7.25,3.0,7.9375,3.375],"tintindex":0,"rotation":0,"texture":"#1"}}}],"display":{"gui":{"rotation":[30,225,0]}}}