{"textures":{"1":"modelengine:entity/satan_arm"},"elements":[{"from":[-4.53207,15.320707,8.496548],"to":[0.86558676,23.436333,8.687954],"faces":{"east":{"uv":[1.40625,0.0,0.0,2.125],"tintindex":0,"rotation":0,"texture":"#1"},"south":{"uv":[0.0,0.0,1.40625,2.125],"tintindex":0,"rotation":0,"texture":"#1"},"north":{"uv":[1.40625,0.0,0.0,2.125],"tintindex":0,"rotation":0,"texture":"#1"},"west":{"uv":[1.40625,0.0,0.0,2.125],"tintindex":0,"rotation":0,"texture":"#1"},"up":{"uv":[1.40625,0.0,0.0,2.125],"tintindex":0,"rotation":0,"texture":"#1"},"down":{"uv":[1.40625,0.0,0.0,2.125],"tintindex":0,"rotation":0,"texture":"#1"}},"rotation":{"origin":[0.37586832,29.088871,8.886494],"angle":22.5,"axis":"z"}},{"from":[4.7840505,9.768982,6.639527],"to":[7.5504475,16.306461,10.35357],"faces":{"east":{"uv":[1.96875,2.25,1.0,3.96875],"tintindex":0,"rotation":0,"texture":"#1"},"south":{"uv":[3.71875,3.0,3.0,4.71875],"tintindex":0,"rotation":0,"texture":"#1"},"north":{"uv":[3.71875,1.25,3.0,2.96875],"tintindex":0,"rotation":0,"texture":"#1"},"west":{"uv":[0.96875,2.25,0.0,3.96875],"tintindex":0,"rotation":0,"texture":"#1"},"up":{"uv":[6.0,3.71875,6.71875,2.75],"tintindex":0,"rotation":0,"texture":"#1"},"down":{"uv":[4.5,6.0,5.21875,6.96875],"tintindex":0,"rotation":0,"texture":"#1"}},"rotation":{"origin":[-0.09787178,20.965279,8.886494],"angle":-22.5,"axis":"z"}},{"from":[6.8878303,16.537212,7.5395174],"to":[11.672986,19.408306,9.453579],"faces":{"east":{"uv":[7.5,7.0,7.0,7.75],"tintindex":0,"rotation":0,"texture":"#1"},"south":{"uv":[6.25,0.0,5.0,0.75],"tintindex":0,"rotation":0,"texture":"#1"},"north":{"uv":[6.0,3.25,4.75,4.0],"tintindex":0,"rotation":0,"texture":"#1"},"west":{"uv":[7.5,6.25,7.0,7.0],"tintindex":0,"rotation":0,"texture":"#1"},"up":{"uv":[6.25,0.5,7.5,0.0],"tintindex":0,"rotation":0,"texture":"#1"},"down":{"uv":[6.5,4.75,7.75,5.25],"tintindex":0,"rotation":0,"texture":"#1"}},"rotation":{"origin":[3.4937978,25.421803,8.886494],"angle":-22.5,"axis":"z"}},{"from":[8.950432,17.009365,6.620767],"to":[11.764103,21.698818,10.37233],"faces":{"east":{"uv":[0.96875,4.0,0.0,5.21875],"tintindex":0,"rotation":0,"texture":"#1"},"south":{"uv":[1.5,5.75,0.75,6.96875],"tintindex":0,"rotation":0,"texture":"#1"},"north":{"uv":[0.75,5.25,0.0,6.46875],"tintindex":0,"rotation":0,"texture":"#1"},"west":{"uv":[4.71875,2.75,3.75,3.96875],"tintindex":0,"rotation":0,"texture":"#1"},"up":{"uv":[5.75,6.71875,6.5,5.75],"tintindex":0,"rotation":0,"texture":"#1"},"down":{"uv":[2.5,6.0,3.25,6.96875],"tintindex":0,"rotation":0,"texture":"#1"}},"rotation":{"origin":[1.5353017,24.28064,8.886494],"angle":-45.0,"axis":"z"}},{"from":[4.0167365,13.666121,6.582486],"to":[6.8878303,18.451275,10.41061],"faces":{"east":{"uv":[4.0,0.0,3.0,1.25],"tintindex":0,"rotation":0,"texture":"#1"},"south":{"uv":[2.5,5.0,1.75,6.25],"tintindex":0,"rotation":0,"texture":"#1"},"north":{"uv":[3.75,4.75,3.0,6.0],"tintindex":0,"rotation":0,"texture":"#1"},"west":{"uv":[3.0,2.25,2.0,3.5],"tintindex":0,"rotation":0,"texture":"#1"},"up":{"uv":[3.75,6.75,4.5,5.75],"tintindex":0,"rotation":0,"texture":"#1"},"down":{"uv":[5.75,4.75,6.5,5.75],"tintindex":0,"rotation":0,"texture":"#1"}},"rotation":{"origin":[0.622704,20.636646,8.886494],"angle":-22.5,"axis":"z"}},{"from":[-2.6180058,14.363676,7.94147],"to":[0.86558676,18.651176,9.051626],"faces":{"east":{"uv":[7.53125,1.75,7.25,2.875],"tintindex":0,"rotation":0,"texture":"#1"},"south":{"uv":[5.40625,4.0,4.5,5.125],"tintindex":0,"rotation":0,"texture":"#1"},"north":{"uv":[4.90625,0.0,4.0,1.125],"tintindex":0,"rotation":0,"texture":"#1"},"west":{"uv":[7.53125,0.5,7.25,1.625],"tintindex":0,"rotation":0,"texture":"#1"},"up":{"uv":[7.25,3.78125,8.15625,3.5],"tintindex":0,"rotation":0,"texture":"#1"},"down":{"uv":[7.25,4.0,8.15625,4.28125],"tintindex":0,"rotation":0,"texture":"#1"}},"rotation":{"origin":[1.3328996,27.174809,8.886494],"angle":22.5,"axis":"z"}}],"display":{"gui":{"rotation":[30,225,0]}}}