{"textures":{"1":"modelengine:entity/satan_arm"},"elements":[{"from":[5.141672,2.0807877,6.8393955],"to":[10.674465,15.155746,14.267482],"faces":{"east":{"uv":[0.0,2.25,0.96875,3.96875],"tintindex":0,"rotation":0,"texture":"#1"},"south":{"uv":[3.0,3.0,3.71875,4.71875],"tintindex":0,"rotation":0,"texture":"#1"},"north":{"uv":[3.0,1.25,3.71875,2.96875],"tintindex":0,"rotation":0,"texture":"#1"},"west":{"uv":[1.0,2.25,1.96875,3.96875],"tintindex":0,"rotation":0,"texture":"#1"},"up":{"uv":[6.71875,3.71875,6.0,2.75],"tintindex":0,"rotation":0,"texture":"#1"},"down":{"uv":[5.21875,6.0,4.5,6.96875],"tintindex":0,"rotation":0,"texture":"#1"}},"rotation":{"origin":[20.438313,24.473381,11.333329],"angle":22.5,"axis":"z"}},{"from":[-3.2856398,16.561554,6.801876],"to":[2.341704,25.94046,14.305001],"faces":{"east":{"uv":[3.75,2.75,4.71875,3.96875],"tintindex":0,"rotation":0,"texture":"#1"},"south":{"uv":[0.75,5.75,1.5,6.96875],"tintindex":0,"rotation":0,"texture":"#1"},"north":{"uv":[0.0,5.25,0.75,6.46875],"tintindex":0,"rotation":0,"texture":"#1"},"west":{"uv":[0.0,4.0,0.96875,5.21875],"tintindex":0,"rotation":0,"texture":"#1"},"up":{"uv":[6.5,6.71875,5.75,5.75],"tintindex":0,"rotation":0,"texture":"#1"},"down":{"uv":[3.25,6.0,2.5,6.96875],"tintindex":0,"rotation":0,"texture":"#1"}},"rotation":{"origin":[17.171963,31.104103,11.333329],"angle":45.0,"axis":"z"}},{"from":[-3.103406,15.617249,8.639376],"to":[6.4669065,21.359436,12.467501],"faces":{"east":{"uv":[7.0,6.25,7.5,7.0],"tintindex":0,"rotation":0,"texture":"#1"},"south":{"uv":[5.0,0.0,6.25,0.75],"tintindex":0,"rotation":0,"texture":"#1"},"north":{"uv":[4.75,3.25,6.0,4.0],"tintindex":0,"rotation":0,"texture":"#1"},"west":{"uv":[7.0,7.0,7.5,7.75],"tintindex":0,"rotation":0,"texture":"#1"},"up":{"uv":[7.5,0.5,6.25,0.0],"tintindex":0,"rotation":0,"texture":"#1"},"down":{"uv":[7.75,4.75,6.5,5.25],"tintindex":0,"rotation":0,"texture":"#1"}},"rotation":{"origin":[13.2549715,33.38643,11.333329],"angle":22.5,"axis":"z"}},{"from":[18.511395,13.184238,10.553438],"to":[29.306705,29.41549,10.553438],"faces":{"east":{"uv":[0.0,0.0,1.40625,2.125],"tintindex":0,"rotation":0,"texture":"#1"},"south":{"uv":[1.40625,0.0,0.0,2.125],"tintindex":0,"rotation":0,"texture":"#1"},"north":{"uv":[0.0,0.0,1.40625,2.125],"tintindex":0,"rotation":0,"texture":"#1"},"west":{"uv":[0.0,0.0,1.40625,2.125],"tintindex":0,"rotation":0,"texture":"#1"},"up":{"uv":[0.0,0.0,1.40625,2.125],"tintindex":0,"rotation":0,"texture":"#1"},"down":{"uv":[0.0,0.0,1.40625,2.125],"tintindex":0,"rotation":0,"texture":"#1"}},"rotation":{"origin":[19.49083,40.720566,11.333329],"angle":-22.5,"axis":"z"}},{"from":[6.4669065,9.875065,6.7253137],"to":[12.209094,19.445374,14.381563],"faces":{"east":{"uv":[2.0,2.25,3.0,3.5],"tintindex":0,"rotation":0,"texture":"#1"},"south":{"uv":[1.75,5.0,2.5,6.25],"tintindex":0,"rotation":0,"texture":"#1"},"north":{"uv":[3.0,4.75,3.75,6.0],"tintindex":0,"rotation":0,"texture":"#1"},"west":{"uv":[3.0,0.0,4.0,1.25],"tintindex":0,"rotation":0,"texture":"#1"},"up":{"uv":[4.5,6.75,3.75,5.75],"tintindex":0,"rotation":0,"texture":"#1"},"down":{"uv":[6.5,4.75,5.75,5.75],"tintindex":0,"rotation":0,"texture":"#1"}},"rotation":{"origin":[18.997158,23.816116,11.333329],"angle":22.5,"axis":"z"}},{"from":[18.511395,11.270176,9.443282],"to":[25.47858,19.845177,11.663594],"faces":{"east":{"uv":[7.25,0.5,7.53125,1.625],"tintindex":0,"rotation":0,"texture":"#1"},"south":{"uv":[4.5,4.0,5.40625,5.125],"tintindex":0,"rotation":0,"texture":"#1"},"north":{"uv":[4.0,0.0,4.90625,1.125],"tintindex":0,"rotation":0,"texture":"#1"},"west":{"uv":[7.25,1.75,7.53125,2.875],"tintindex":0,"rotation":0,"texture":"#1"},"up":{"uv":[8.15625,3.78125,7.25,3.5],"tintindex":0,"rotation":0,"texture":"#1"},"down":{"uv":[8.15625,4.0,7.25,4.28125],"tintindex":0,"rotation":0,"texture":"#1"}},"rotation":{"origin":[17.576767,36.89244,11.333329],"angle":-22.5,"axis":"z"}}],"display":{"gui":{"rotation":[30,225,0]}}}