{"textures":{"1":"modelengine:entity/satan_arm"},"elements":[{"from":[15.523367,-1.2149925,2.2552218],"to":[19.428053,4.6803207,4.2075653],"faces":{"east":{"uv":[1.75,4.0,2.0,4.78125],"tintindex":0,"rotation":0,"texture":"#1"},"south":{"uv":[0.5,7.0,1.0,7.78125],"tintindex":0,"rotation":0,"texture":"#1"},"north":{"uv":[5.75,6.75,6.25,7.53125],"tintindex":0,"rotation":0,"texture":"#1"},"west":{"uv":[3.0,7.0,3.25,7.78125],"tintindex":0,"rotation":0,"texture":"#1"},"up":{"uv":[6.5,4.0,6.0,3.75],"tintindex":0,"rotation":0,"texture":"#1"},"down":{"uv":[6.75,0.5,6.25,0.75],"tintindex":0,"rotation":0,"texture":"#1"}},"rotation":{"origin":[13.2227745,25.82135,8.241917],"angle":-22.5,"axis":"z"}},{"from":[6.7176876,5.0936394,3.5345774],"to":[8.983938,7.712078,8.670398],"faces":{"east":{"uv":[6.25,7.25,6.90625,7.59375],"tintindex":0,"rotation":0,"texture":"#1"},"south":{"uv":[2.0,7.75,2.28125,8.09375],"tintindex":0,"rotation":0,"texture":"#1"},"north":{"uv":[1.5,7.75,1.78125,8.09375],"tintindex":0,"rotation":0,"texture":"#1"},"west":{"uv":[7.5,0.0,8.15625,0.34375],"tintindex":0,"rotation":0,"texture":"#1"},"up":{"uv":[0.28125,8.15625,0.0,7.5],"tintindex":0,"rotation":0,"texture":"#1"},"down":{"uv":[7.78125,6.25,7.5,6.90625],"tintindex":0,"rotation":0,"texture":"#1"}}},{"from":[7.557375,-2.7715378,2.2743626],"to":[11.3855,4.884712,9.930613],"faces":{"east":{"uv":[4.75,1.25,5.75,2.25],"tintindex":0,"rotation":0,"texture":"#1"},"south":{"uv":[0.0,6.5,0.5,7.5],"tintindex":0,"rotation":0,"texture":"#1"},"north":{"uv":[2.5,5.0,3.0,6.0],"tintindex":0,"rotation":0,"texture":"#1"},"west":{"uv":[4.75,2.25,5.75,3.25],"tintindex":0,"rotation":0,"texture":"#1"},"up":{"uv":[7.0,7.25,6.5,6.25],"tintindex":0,"rotation":0,"texture":"#1"},"down":{"uv":[7.25,0.5,6.75,1.5],"tintindex":0,"rotation":0,"texture":"#1"}}}],"display":{"gui":{"rotation":[30,225,0]}}}