{"textures":{"1":"modelengine:entity/satan_arm"},"elements":[{"from":[6.7702923,-3.0951462,7.1918793],"to":[10.215605,7.623604,13.776255],"faces":{"east":{"uv":[2.0,3.5,2.875,4.90625],"tintindex":0,"rotation":0,"texture":"#1"},"south":{"uv":[2.0,6.25,2.4375,7.65625],"tintindex":0,"rotation":0,"texture":"#1"},"north":{"uv":[1.5,6.25,1.9375,7.65625],"tintindex":0,"rotation":0,"texture":"#1"},"west":{"uv":[3.75,1.25,4.625,2.65625],"tintindex":0,"rotation":0,"texture":"#1"},"up":{"uv":[1.4375,7.875,1.0,7.0],"tintindex":0,"rotation":0,"texture":"#1"},"down":{"uv":[2.9375,7.0,2.5,7.875],"tintindex":0,"rotation":0,"texture":"#1"}}},{"from":[13.961948,3.3941116,6.955727],"to":[17.790073,10.360245,14.012407],"faces":{"east":{"uv":[5.75,0.75,6.65625,1.65625],"tintindex":0,"rotation":0,"texture":"#1"},"south":{"uv":[6.75,2.5,7.25,3.40625],"tintindex":0,"rotation":0,"texture":"#1"},"north":{"uv":[6.75,1.5,7.25,2.40625],"tintindex":0,"rotation":0,"texture":"#1"},"west":{"uv":[5.75,1.75,6.65625,2.65625],"tintindex":0,"rotation":0,"texture":"#1"},"up":{"uv":[7.25,4.40625,6.75,3.5],"tintindex":0,"rotation":0,"texture":"#1"},"down":{"uv":[4.25,6.75,3.75,7.65625],"tintindex":0,"rotation":0,"texture":"#1"}},"rotation":{"origin":[15.209129,24.332684,12.566074],"angle":-22.5,"axis":"z"}},{"from":[5.669922,-5.0092087,9.105942],"to":[11.029297,7.623604,11.862192],"faces":{"east":{"uv":[3.25,6.0,3.625,7.65625],"tintindex":0,"rotation":0,"texture":"#1"},"south":{"uv":[3.75,4.0,4.4375,5.65625],"tintindex":0,"rotation":0,"texture":"#1"},"north":{"uv":[1.0,4.0,1.6875,5.65625],"tintindex":0,"rotation":0,"texture":"#1"},"west":{"uv":[5.25,6.0,5.625,7.65625],"tintindex":0,"rotation":0,"texture":"#1"},"up":{"uv":[5.6875,1.125,5.0,0.75],"tintindex":0,"rotation":0,"texture":"#1"},"down":{"uv":[7.9375,3.0,7.25,3.375],"tintindex":0,"rotation":0,"texture":"#1"}}}],"display":{"gui":{"rotation":[30,225,0]}}}