{"textures":{"2":"modelengine:entity/satan_torso"},"elements":[{"from":[-2.7256613,5.400749,1.5110445],"to":[18.94918,29.366726,1.5110445],"faces":{"east":{"uv":[4.0,7.25,4.0625,10.78125],"tintindex":0,"rotation":0,"texture":"#2"},"south":{"uv":[3.0,0.0,5.96875,3.53125],"tintindex":0,"rotation":0,"texture":"#2"},"north":{"uv":[0.0,0.0,2.96875,3.53125],"tintindex":0,"rotation":0,"texture":"#2"},"west":{"uv":[1.5,7.5,1.5625,11.03125],"tintindex":0,"rotation":0,"texture":"#2"},"up":{"uv":[10.46875,3.0625,7.5,3.0],"tintindex":0,"rotation":0,"texture":"#2"},"down":{"uv":[10.46875,3.25,7.5,3.3125],"tintindex":0,"rotation":0,"texture":"#2"}}},{"from":[2.729416,16.310905,-0.19821262],"to":[13.494103,23.911648,2.492959],"faces":{"east":{"uv":[7.25,7.25,7.625,8.28125],"tintindex":0,"rotation":0,"texture":"#2"},"south":{"uv":[6.0,3.0,7.46875,4.03125],"tintindex":0,"rotation":0,"texture":"#2"},"north":{"uv":[2.75,6.0,4.21875,7.03125],"tintindex":0,"rotation":0,"texture":"#2"},"west":{"uv":[1.0,7.5,1.375,8.53125],"tintindex":0,"rotation":0,"texture":"#2"},"up":{"uv":[2.46875,7.375,1.0,7.0],"tintindex":0,"rotation":0,"texture":"#2"},"down":{"uv":[3.96875,7.25,2.5,7.625],"tintindex":0,"rotation":0,"texture":"#2"}}}],"display":{"gui":{"rotation":[30,225,0]}}}