{"textures":{"0":"modelengine:entity/satan","2":"modelengine:entity/satan_torso"},"elements":[{"from":[4.419161,10.80838,4.8620324],"to":[11.692598,14.445099,8.498751],"faces":{"east":{"uv":[7.25,6.25,8.25,6.75],"tintindex":0,"rotation":0,"texture":"#2"},"south":{"uv":[4.25,6.25,6.25,6.75],"tintindex":0,"rotation":0,"texture":"#2"},"north":{"uv":[6.0,4.25,8.0,4.75],"tintindex":0,"rotation":0,"texture":"#2"},"west":{"uv":[7.25,6.75,8.25,7.25],"tintindex":0,"rotation":0,"texture":"#2"},"up":{"uv":[8.0,2.0,6.0,1.0],"tintindex":0,"rotation":0,"texture":"#2"},"down":{"uv":[8.0,2.0,6.0,3.0],"tintindex":0,"rotation":0,"texture":"#2"}}},{"from":[6.0238876,17.12499,5.098419],"to":[9.587872,20.925364,8.262364],"faces":{"east":{"uv":[5.25,6.25,6.71875,7.28125],"tintindex":0,"rotation":0,"texture":"#0"},"south":{"uv":[5.25,6.25,6.71875,7.28125],"tintindex":0,"rotation":0,"texture":"#0"},"north":{"uv":[5.25,6.25,6.71875,7.28125],"tintindex":0,"rotation":0,"texture":"#0"},"west":{"uv":[5.25,6.25,6.71875,7.28125],"tintindex":0,"rotation":0,"texture":"#0"},"up":{"uv":[5.25,6.25,6.71875,7.28125],"tintindex":0,"rotation":0,"texture":"#0"},"down":{"uv":[5.25,6.25,6.71875,7.28125],"tintindex":0,"rotation":0,"texture":"#0"}}}],"display":{"gui":{"rotation":[30,225,0]}}}