{"textures":{"0":"modelengine:entity/judgement_pierce_2"},"elements":[{"from":[7.62211,-12.406059,-7.1155996],"to":[7.62211,15.93569,23.1156],"faces":{"east":{"uv":[0.0,16.0,15.0,0.0],"tintindex":0,"rotation":270,"texture":"#0"},"west":{"uv":[0.0,0.0,15.0,16.0],"tintindex":0,"rotation":270,"texture":"#0"}}},{"from":[-7.1155996,2.3316498,-7.1155996],"to":[21.22615,2.3316498,23.1156],"faces":{"up":{"uv":[0.0,0.0,15.0,16.0],"tintindex":0,"rotation":0,"texture":"#0"},"down":{"uv":[0.0,16.0,15.0,0.0],"tintindex":0,"rotation":0,"texture":"#0"}}}],"display":{"gui":{"rotation":[30,225,0]}}}