{"textures":{"0":"modelengine:entity/fx_divine_slash_evo_flash_6"},"elements":[{"from":[8.0,-8.259499,-9.75],"to":[8.0,27.240501,25.75],"faces":{"east":{"uv":[16.0,16.0,0.0,0.0],"tintindex":0,"rotation":180,"texture":"#0"},"west":{"uv":[16.0,0.0,0.0,16.0],"tintindex":0,"rotation":0,"texture":"#0"}},"rotation":{"origin":[8.0,9.4905,8.0],"angle":45.0,"axis":"z"}},{"from":[8.0,-8.259499,-9.75],"to":[8.0,27.240501,25.75],"faces":{"east":{"uv":[16.0,16.0,0.0,0.0],"tintindex":0,"rotation":180,"texture":"#0"},"west":{"uv":[16.0,0.0,0.0,16.0],"tintindex":0,"rotation":0,"texture":"#0"}}}],"display":{"gui":{"rotation":[30,225,0]}}}