{"textures":{"0":"modelengine:entity/heaven_step_3"},"elements":[{"from":[18.148,8.0,4.56],"to":[18.148,26.346668,13.733334],"faces":{"east":{"uv":[6.7875,3.225,8.7375,11.2875],"tintindex":0,"rotation":0,"texture":"#0"},"west":{"uv":[6.7625,3.2,8.7875,11.3],"tintindex":0,"rotation":0,"texture":"#0"}},"rotation":{"origin":[17.001333,8.0,8.0],"angle":-22.5,"axis":"z"}},{"from":[9.146667,8.0,4.56],"to":[9.146667,26.346668,13.733334],"faces":{"east":{"uv":[6.7875,3.225,8.7375,11.2875],"tintindex":0,"rotation":0,"texture":"#0"},"west":{"uv":[6.7625,3.2,8.7875,11.3],"tintindex":0,"rotation":0,"texture":"#0"}},"rotation":{"origin":[8.0,8.0,8.0],"angle":22.5,"axis":"z"}},{"from":[9.089334,8.0,4.6746664],"to":[18.262669,26.346668,4.6746664],"faces":{"south":{"uv":[6.7875,3.225,8.7375,11.2875],"tintindex":0,"rotation":0,"texture":"#0"},"north":{"uv":[6.7625,3.2,8.7875,11.3],"tintindex":0,"rotation":0,"texture":"#0"}},"rotation":{"origin":[14.822667,8.0,3.5279999],"angle":-22.5,"axis":"x"}},{"from":[9.089334,8.0,13.274668],"to":[18.262669,26.346668,13.274668],"faces":{"south":{"uv":[6.7875,3.225,8.7375,11.2875],"tintindex":0,"rotation":0,"texture":"#0"},"north":{"uv":[6.7625,3.2,8.7875,11.3],"tintindex":0,"rotation":0,"texture":"#0"}},"rotation":{"origin":[14.822667,8.0,12.128],"angle":22.5,"axis":"x"}}],"display":{"gui":{"rotation":[30,225,0]}}}