{"textures":{"0":"sympathy:sympathy_texture/heaven_step_4"},"elements":[{"from":[9.476,2.41088,10.163105],"to":[12.0,23.91288,10.163105],"faces":{"east":{"uv":[9.25,2.375,6.25,11.125],"tintindex":0,"rotation":0,"texture":"#0"},"south":{"uv":[9.25,2.375,7.75,11.125],"tintindex":0,"rotation":0,"texture":"#0"},"north":{"uv":[7.75,2.375,6.25,11.125],"tintindex":0,"rotation":0,"texture":"#0"},"west":{"uv":[9.25,2.375,6.25,11.125],"tintindex":0,"rotation":0,"texture":"#0"},"up":{"uv":[9.25,2.375,7.75,11.125],"tintindex":0,"rotation":0,"texture":"#0"},"down":{"uv":[9.25,2.375,7.75,11.125],"tintindex":0,"rotation":0,"texture":"#0"}}},{"from":[13.836895,2.41088,9.476],"to":[13.836895,23.91288,14.524],"faces":{"east":{"uv":[9.25,2.375,6.25,11.125],"tintindex":0,"rotation":0,"texture":"#0"},"south":{"uv":[9.25,2.375,6.25,11.125],"tintindex":0,"rotation":0,"texture":"#0"},"north":{"uv":[9.25,2.375,6.25,11.125],"tintindex":0,"rotation":0,"texture":"#0"},"west":{"uv":[9.25,2.375,6.25,11.125],"tintindex":0,"rotation":0,"texture":"#0"},"up":{"uv":[9.25,2.375,6.25,11.125],"tintindex":0,"rotation":0,"texture":"#0"},"down":{"uv":[9.25,2.375,6.25,11.125],"tintindex":0,"rotation":0,"texture":"#0"}}},{"from":[9.476,2.41088,13.836895],"to":[14.524,23.91288,13.836895],"faces":{"east":{"uv":[9.25,2.375,6.25,11.125],"tintindex":0,"rotation":0,"texture":"#0"},"south":{"uv":[9.25,2.375,6.25,11.125],"tintindex":0,"rotation":0,"texture":"#0"},"north":{"uv":[9.25,2.375,6.25,11.125],"tintindex":0,"rotation":0,"texture":"#0"},"west":{"uv":[9.25,2.375,6.25,11.125],"tintindex":0,"rotation":0,"texture":"#0"},"up":{"uv":[9.25,2.375,6.25,11.125],"tintindex":0,"rotation":0,"texture":"#0"},"down":{"uv":[9.25,2.375,6.25,11.125],"tintindex":0,"rotation":0,"texture":"#0"}}},{"from":[10.163105,2.41088,9.476],"to":[10.163105,23.91288,14.524],"faces":{"east":{"uv":[9.25,2.375,6.25,11.125],"tintindex":0,"rotation":0,"texture":"#0"},"south":{"uv":[9.25,2.375,6.25,11.125],"tintindex":0,"rotation":0,"texture":"#0"},"north":{"uv":[9.25,2.375,6.25,11.125],"tintindex":0,"rotation":0,"texture":"#0"},"west":{"uv":[9.25,2.375,6.25,11.125],"tintindex":0,"rotation":0,"texture":"#0"},"up":{"uv":[9.25,2.375,6.25,11.125],"tintindex":0,"rotation":0,"texture":"#0"},"down":{"uv":[9.25,2.375,6.25,11.125],"tintindex":0,"rotation":0,"texture":"#0"}}},{"from":[12.0,2.41088,10.163105],"to":[12.0,23.91288,10.163105],"faces":{"east":{"uv":[9.25,2.375,6.25,11.125],"tintindex":0,"rotation":0,"texture":"#0"},"west":{"uv":[9.25,2.375,6.25,11.125],"tintindex":0,"rotation":0,"texture":"#0"}}},{"from":[12.0,2.41088,10.163105],"to":[14.524,23.91288,10.163105],"faces":{"east":{"uv":[9.25,2.375,6.25,11.125],"tintindex":0,"rotation":0,"texture":"#0"},"south":{"uv":[7.75,2.375,6.25,11.125],"tintindex":0,"rotation":0,"texture":"#0"},"north":{"uv":[9.25,2.375,7.75,11.125],"tintindex":0,"rotation":0,"texture":"#0"},"west":{"uv":[9.25,2.375,6.25,11.125],"tintindex":0,"rotation":0,"texture":"#0"},"up":{"uv":[7.75,2.375,6.25,11.125],"tintindex":0,"rotation":0,"texture":"#0"},"down":{"uv":[7.75,2.375,6.25,11.125],"tintindex":0,"rotation":0,"texture":"#0"}}}],"display":{"gui":{"rotation":[30,225,0]}}}