{"textures":{"0":"modelengine:entity/rezee_evo"},"elements":[{"from":[8.189994,7.23043,11.610247],"to":[7.8100066,6.85044,10.913603],"faces":{"east":{"uv":[5.875,0.75,6.125,0.875],"tintindex":0,"rotation":90,"texture":"#0"},"south":{"uv":[5.0,5.625,4.75,5.875],"tintindex":0,"rotation":270,"texture":"#0"},"north":{"uv":[4.75,5.875,4.5,5.625],"tintindex":0,"rotation":270,"texture":"#0"},"west":{"uv":[5.875,0.75,6.125,0.875],"tintindex":0,"rotation":270,"texture":"#0"},"up":{"uv":[5.875,0.75,6.125,0.875],"tintindex":0,"rotation":0,"texture":"#0"},"down":{"uv":[5.875,0.75,6.125,0.875],"tintindex":0,"rotation":180,"texture":"#0"}}},{"from":[8.0,4.8238397,8.25369],"to":[8.0,7.040437,12.053567],"faces":{"east":{"uv":[4.95313,0.0,5.82813,1.5],"tintindex":0,"rotation":90,"texture":"#0"},"west":{"uv":[5.88281,0.0,5.00781,1.5],"tintindex":0,"rotation":270,"texture":"#0"}}},{"from":[8.06333,3.87387,-2.1959743],"to":[8.06333,7.040437,5.40378],"faces":{"east":{"uv":[3.82031,3.21094,5.0,5.625],"tintindex":0,"rotation":90,"texture":"#0"},"west":{"uv":[5.0,3.21094,3.82031,5.625],"tintindex":0,"rotation":270,"texture":"#0"}}},{"from":[7.6833434,6.72378,3.8204994],"to":[8.316657,7.35709,4.1371565],"faces":{"east":{"uv":[5.875,1.0,6.125,0.875],"tintindex":0,"rotation":90,"texture":"#0"},"south":{"uv":[2.5,5.625,2.25,5.875],"tintindex":0,"rotation":270,"texture":"#0"},"north":{"uv":[2.25,5.875,2.0,5.625],"tintindex":0,"rotation":270,"texture":"#0"},"west":{"uv":[5.875,1.0,6.125,0.875],"tintindex":0,"rotation":270,"texture":"#0"},"up":{"uv":[5.875,1.0,6.125,0.875],"tintindex":0,"rotation":0,"texture":"#0"},"down":{"uv":[5.875,1.0,6.125,0.875],"tintindex":0,"rotation":180,"texture":"#0"}}},{"from":[8.316657,7.35709,-3.7792568],"to":[7.6833434,6.72378,-3.1459446],"faces":{"east":{"uv":[5.875,1.0,6.125,0.875],"tintindex":0,"rotation":90,"texture":"#0"},"south":{"uv":[4.0,5.625,3.75,5.875],"tintindex":0,"rotation":270,"texture":"#0"},"north":{"uv":[1.75,5.88281,1.5,5.63281],"tintindex":0,"rotation":270,"texture":"#0"},"west":{"uv":[5.875,1.0,6.125,0.875],"tintindex":0,"rotation":270,"texture":"#0"},"up":{"uv":[5.875,1.0,6.125,0.875],"tintindex":0,"rotation":0,"texture":"#0"},"down":{"uv":[5.875,1.0,6.125,0.875],"tintindex":0,"rotation":180,"texture":"#0"}}},{"from":[8.06333,7.040437,-15.205168],"to":[8.06333,9.25703,-2.5126305],"faces":{"east":{"uv":[4.26563,0.92969,3.82031,3.03906],"tintindex":0,"rotation":90,"texture":"#0"},"west":{"uv":[3.82031,0.92969,4.26563,3.03906],"tintindex":0,"rotation":270,"texture":"#0"}}},{"from":[8.253326,7.2937603,-1.5309973],"to":[7.7466736,6.78711,-0.7710209],"faces":{"east":{"uv":[6.16406,0.96094,6.41406,0.83594],"tintindex":0,"rotation":90,"texture":"#0"},"south":{"uv":[5.46094,5.64063,5.21094,5.89063],"tintindex":0,"rotation":270,"texture":"#0"},"north":{"uv":[5.625,6.02344,5.375,5.77344],"tintindex":0,"rotation":270,"texture":"#0"},"west":{"uv":[6.16406,0.96094,6.41406,0.83594],"tintindex":0,"rotation":270,"texture":"#0"},"up":{"uv":[5.875,1.125,6.125,1.0],"tintindex":0,"rotation":0,"texture":"#0"},"down":{"uv":[5.875,1.125,6.125,1.0],"tintindex":0,"rotation":180,"texture":"#0"}}},{"from":[8.189994,7.23043,3.6938362],"to":[7.8100066,6.85044,10.913603],"faces":{"east":{"uv":[0.0,5.625,0.25,8.875],"tintindex":0,"rotation":90,"texture":"#0"},"south":{"uv":[3.0,5.625,2.75,5.875],"tintindex":0,"rotation":270,"texture":"#0"},"north":{"uv":[2.75,5.875,2.5,5.625],"tintindex":0,"rotation":270,"texture":"#0"},"west":{"uv":[0.5,5.625,0.75,8.875],"tintindex":0,"rotation":270,"texture":"#0"},"up":{"uv":[0.25,5.625,0.5,8.875],"tintindex":0,"rotation":0,"texture":"#0"},"down":{"uv":[0.75,5.625,1.0,8.875],"tintindex":0,"rotation":180,"texture":"#0"}}},{"from":[8.06333,7.040437,-2.1959743],"to":[8.06333,10.207001,5.40378],"faces":{"east":{"uv":[5.0,3.21094,3.82031,5.625],"tintindex":0,"rotation":90,"texture":"#0"},"west":{"uv":[3.82031,3.21094,5.0,5.625],"tintindex":0,"rotation":270,"texture":"#0"}}},{"from":[8.253326,7.2937603,-1.9426498],"to":[7.7466736,6.78711,-1.4993305],"faces":{"east":{"uv":[5.875,1.0,6.125,0.875],"tintindex":0,"rotation":90,"texture":"#0"},"south":{"uv":[4.0,5.625,3.75,5.875],"tintindex":0,"rotation":270,"texture":"#0"},"north":{"uv":[3.75,5.875,3.5,5.625],"tintindex":0,"rotation":270,"texture":"#0"},"west":{"uv":[5.875,1.0,6.125,0.875],"tintindex":0,"rotation":270,"texture":"#0"},"up":{"uv":[5.875,1.0,6.125,0.875],"tintindex":0,"rotation":0,"texture":"#0"},"down":{"uv":[5.875,1.0,6.125,0.875],"tintindex":0,"rotation":180,"texture":"#0"}}},{"from":[7.6833434,6.72378,1.9205599],"to":[8.316657,7.35709,2.237217],"faces":{"east":{"uv":[5.875,0.875,6.125,1.0],"tintindex":0,"rotation":90,"texture":"#0"},"south":{"uv":[6.125,0.25,5.875,0.5],"tintindex":0,"rotation":270,"texture":"#0"},"north":{"uv":[6.125,0.25,5.875,0.0],"tintindex":0,"rotation":270,"texture":"#0"},"west":{"uv":[5.875,0.875,6.125,1.0],"tintindex":0,"rotation":270,"texture":"#0"},"up":{"uv":[5.875,0.875,6.125,1.0],"tintindex":0,"rotation":0,"texture":"#0"},"down":{"uv":[5.875,0.875,6.125,1.0],"tintindex":0,"rotation":180,"texture":"#0"}}},{"from":[8.22166,7.262093,-3.24094],"to":[7.77834,6.818777,-2.417634],"faces":{"east":{"uv":[1.25,5.625,1.5,6.75],"tintindex":0,"rotation":90,"texture":"#0"},"south":{"uv":[2.0,5.625,1.75,5.875],"tintindex":0,"rotation":270,"texture":"#0"},"north":{"uv":[1.75,5.875,1.5,5.625],"tintindex":0,"rotation":270,"texture":"#0"},"west":{"uv":[1.25,5.625,1.5,6.75],"tintindex":0,"rotation":270,"texture":"#0"},"up":{"uv":[1.25,5.625,1.5,6.75],"tintindex":0,"rotation":0,"texture":"#0"},"down":{"uv":[1.25,5.625,1.5,6.75],"tintindex":0,"rotation":180,"texture":"#0"}}},{"from":[8.22166,7.262093,-1.6576576],"to":[7.77834,6.818777,-0.8343506],"faces":{"east":{"uv":[5.875,1.0,6.125,0.875],"tintindex":0,"rotation":90,"texture":"#0"},"south":{"uv":[4.0,5.625,3.75,5.875],"tintindex":0,"rotation":270,"texture":"#0"},"north":{"uv":[3.75,5.875,3.5,5.625],"tintindex":0,"rotation":270,"texture":"#0"},"west":{"uv":[5.875,1.0,6.125,0.875],"tintindex":0,"rotation":270,"texture":"#0"},"up":{"uv":[5.875,1.0,6.125,0.875],"tintindex":0,"rotation":0,"texture":"#0"},"down":{"uv":[5.875,1.0,6.125,0.875],"tintindex":0,"rotation":180,"texture":"#0"}}},{"from":[8.0,7.040437,8.25369],"to":[8.0,9.25703,12.053567],"faces":{"east":{"uv":[5.0,3.0,5.875,4.5],"tintindex":0,"rotation":90,"texture":"#0"},"west":{"uv":[5.875,3.0,5.0,4.5],"tintindex":0,"rotation":270,"texture":"#0"}}},{"from":[8.06333,4.5071836,-15.205168],"to":[8.06333,7.040437,-2.5126305],"faces":{"east":{"uv":[3.82031,0.92969,4.26563,3.03906],"tintindex":0,"rotation":90,"texture":"#0"},"west":{"uv":[4.26563,0.92969,3.82031,3.03906],"tintindex":0,"rotation":270,"texture":"#0"}}},{"from":[8.22166,7.262093,2.1422195],"to":[7.77834,6.818777,3.9154963],"faces":{"east":{"uv":[1.25,5.625,1.5,6.75],"tintindex":0,"rotation":90,"texture":"#0"},"south":{"uv":[2.0,5.625,1.75,5.875],"tintindex":0,"rotation":270,"texture":"#0"},"north":{"uv":[1.75,5.875,1.5,5.625],"tintindex":0,"rotation":270,"texture":"#0"},"west":{"uv":[1.25,5.625,1.5,6.75],"tintindex":0,"rotation":270,"texture":"#0"},"up":{"uv":[1.25,5.625,1.5,6.75],"tintindex":0,"rotation":0,"texture":"#0"},"down":{"uv":[1.25,5.625,1.5,6.75],"tintindex":0,"rotation":180,"texture":"#0"}}},{"from":[8.189994,7.23043,-1.6893234],"to":[7.8100066,6.85044,2.3638802],"faces":{"east":{"uv":[1.0,5.625,1.25,7.375],"tintindex":0,"rotation":90,"texture":"#0"},"south":{"uv":[3.5,5.625,3.25,5.875],"tintindex":0,"rotation":270,"texture":"#0"},"north":{"uv":[3.25,5.875,3.0,5.625],"tintindex":0,"rotation":270,"texture":"#0"},"west":{"uv":[1.0,5.625,1.25,7.375],"tintindex":0,"rotation":270,"texture":"#0"},"up":{"uv":[1.0,5.625,1.25,7.375],"tintindex":0,"rotation":0,"texture":"#0"},"down":{"uv":[1.0,5.625,1.25,7.375],"tintindex":0,"rotation":180,"texture":"#0"}}},{"from":[8.348323,7.388757,-3.6525936],"to":[7.6516767,6.692113,-3.082614],"faces":{"east":{"uv":[6.16406,0.96094,6.41406,0.83594],"tintindex":0,"rotation":90,"texture":"#0"},"south":{"uv":[5.46094,5.64063,5.21094,5.89063],"tintindex":0,"rotation":270,"texture":"#0"},"north":{"uv":[5.625,6.02344,5.375,5.77344],"tintindex":0,"rotation":270,"texture":"#0"},"west":{"uv":[6.16406,0.96094,6.41406,0.83594],"tintindex":0,"rotation":270,"texture":"#0"},"up":{"uv":[5.875,1.125,6.125,1.0],"tintindex":0,"rotation":0,"texture":"#0"},"down":{"uv":[5.875,1.125,6.125,1.0],"tintindex":0,"rotation":180,"texture":"#0"}}},{"from":[8.22166,7.262093,11.0086],"to":[7.77834,6.818777,10.565281],"faces":{"east":{"uv":[5.875,0.875,6.125,1.0],"tintindex":0,"rotation":90,"texture":"#0"},"south":{"uv":[4.5,5.625,4.25,5.875],"tintindex":0,"rotation":270,"texture":"#0"},"north":{"uv":[4.25,5.875,4.0,5.625],"tintindex":0,"rotation":270,"texture":"#0"},"west":{"uv":[5.875,0.875,6.125,1.0],"tintindex":0,"rotation":270,"texture":"#0"},"up":{"uv":[5.875,0.875,6.125,1.0],"tintindex":0,"rotation":0,"texture":"#0"},"down":{"uv":[5.875,0.875,6.125,1.0],"tintindex":0,"rotation":180,"texture":"#0"}}},{"from":[8.253326,7.2937603,-1.9426498],"to":[7.7466736,6.78711,-2.4493008],"faces":{"east":{"uv":[5.875,0.75,6.125,0.875],"tintindex":0,"rotation":90,"texture":"#0"},"south":{"uv":[5.0,5.625,4.75,5.875],"tintindex":0,"rotation":270,"texture":"#0"},"north":{"uv":[4.75,5.875,4.5,5.625],"tintindex":0,"rotation":270,"texture":"#0"},"west":{"uv":[5.875,0.75,6.125,0.875],"tintindex":0,"rotation":270,"texture":"#0"},"up":{"uv":[5.875,0.75,6.125,0.875],"tintindex":0,"rotation":0,"texture":"#0"},"down":{"uv":[5.875,0.75,6.125,0.875],"tintindex":0,"rotation":180,"texture":"#0"}}}],"display":{"gui":{"rotation":[30,225,0]}}}