{"textures":{"0":"modelengine:entity/waterwave_charge_e"},"elements":[{"from":[-4.0,8.0,2.0],"to":[-4.0,18.8,14.0],"faces":{"east":{"uv":[5.0,4.5,7.5,6.75],"tintindex":0,"rotation":0,"texture":"#0"},"west":{"uv":[7.5,4.5,5.0,6.75],"tintindex":0,"rotation":0,"texture":"#0"}},"rotation":{"origin":[8.0,8.0,8.0],"angle":22.5,"axis":"z"}},{"from":[2.0,8.0,-4.0],"to":[14.0,18.8,-4.0],"faces":{"south":{"uv":[7.5,4.5,5.0,6.75],"tintindex":0,"rotation":0,"texture":"#0"},"north":{"uv":[5.0,4.5,7.5,6.75],"tintindex":0,"rotation":0,"texture":"#0"}},"rotation":{"origin":[8.0,8.0,8.0],"angle":-22.5,"axis":"x"}},{"from":[20.0,8.0,2.0],"to":[20.0,18.8,14.0],"faces":{"east":{"uv":[5.0,4.5,7.5,6.75],"tintindex":0,"rotation":0,"texture":"#0"},"west":{"uv":[7.5,4.5,5.0,6.75],"tintindex":0,"rotation":0,"texture":"#0"}},"rotation":{"origin":[8.0,8.0,8.0],"angle":-22.5,"axis":"z"}},{"from":[20.0,8.0,2.0],"to":[20.0,18.8,14.0],"faces":{"east":{"uv":[7.5,4.5,10.0,6.75],"tintindex":0,"rotation":0,"texture":"#0"},"west":{"uv":[7.5,6.75,10.0,9.0],"tintindex":0,"rotation":0,"texture":"#0"}},"rotation":{"origin":[8.0,8.0,8.0],"angle":-22.5,"axis":"z"}},{"from":[2.0,8.0,20.0],"to":[14.0,18.8,20.0],"faces":{"south":{"uv":[7.5,4.5,5.0,6.75],"tintindex":0,"rotation":0,"texture":"#0"},"north":{"uv":[5.0,4.5,7.5,6.75],"tintindex":0,"rotation":0,"texture":"#0"}},"rotation":{"origin":[8.0,8.0,8.0],"angle":22.5,"axis":"x"}}],"display":{"gui":{"rotation":[30,225,0]}}}