{"textures":{"0":"modelengine:entity/waterwave_charge_e"},"elements":[{"from":[28.0,8.0,-2.0],"to":[28.0,26.0,18.0],"faces":{"east":{"uv":[7.5,4.5,10.0,6.75],"tintindex":0,"rotation":0,"texture":"#0"},"west":{"uv":[7.5,6.75,10.0,9.0],"tintindex":0,"rotation":0,"texture":"#0"}},"rotation":{"origin":[8.0,8.0,8.0],"angle":-22.5,"axis":"z"}},{"from":[-2.0,8.0,-12.0],"to":[18.0,26.0,-12.0],"faces":{"south":{"uv":[7.5,4.5,5.0,6.75],"tintindex":0,"rotation":0,"texture":"#0"},"north":{"uv":[5.0,4.5,7.5,6.75],"tintindex":0,"rotation":0,"texture":"#0"}},"rotation":{"origin":[8.0,8.0,8.0],"angle":-22.5,"axis":"x"}},{"from":[-12.0,8.0,-2.0],"to":[-12.0,26.0,18.0],"faces":{"east":{"uv":[5.0,4.5,7.5,6.75],"tintindex":0,"rotation":0,"texture":"#0"},"west":{"uv":[7.5,4.5,5.0,6.75],"tintindex":0,"rotation":0,"texture":"#0"}},"rotation":{"origin":[8.0,8.0,8.0],"angle":22.5,"axis":"z"}},{"from":[-2.0,8.0,28.0],"to":[18.0,26.0,28.0],"faces":{"south":{"uv":[7.5,4.5,5.0,6.75],"tintindex":0,"rotation":0,"texture":"#0"},"north":{"uv":[5.0,4.5,7.5,6.75],"tintindex":0,"rotation":0,"texture":"#0"}},"rotation":{"origin":[8.0,8.0,8.0],"angle":22.5,"axis":"x"}},{"from":[28.0,8.0,-2.0],"to":[28.0,26.0,18.0],"faces":{"east":{"uv":[5.0,4.5,7.5,6.75],"tintindex":0,"rotation":0,"texture":"#0"},"west":{"uv":[7.5,4.5,5.0,6.75],"tintindex":0,"rotation":0,"texture":"#0"}},"rotation":{"origin":[8.0,8.0,8.0],"angle":-22.5,"axis":"z"}}],"display":{"gui":{"rotation":[30,225,0]}}}