{"textures":{"0":"modelengine:entity/waterwave"},"elements":[{"from":[-0.07499981,7.991603,1.0083971],"to":[15.675,19.991604,8.008397],"faces":{"east":{"uv":[1.875,6.375,2.75,7.875],"tintindex":0,"rotation":0,"texture":"#0"},"south":{"uv":[2.0,1.5,4.0,3.0],"tintindex":0,"rotation":0,"texture":"#0"},"north":{"uv":[2.0,0.0,4.0,1.5],"tintindex":0,"rotation":0,"texture":"#0"},"west":{"uv":[2.75,6.375,3.625,7.875],"tintindex":0,"rotation":0,"texture":"#0"},"up":{"uv":[7.625,5.375,5.625,4.5],"tintindex":0,"rotation":0,"texture":"#0"},"down":{"uv":[7.875,5.375,5.875,6.25],"tintindex":0,"rotation":0,"texture":"#0"}}}],"display":{"gui":{"rotation":[30,225,0]}}}