{"textures":{"0":"modelengine:entity/waterwave"},"elements":[{"from":[0.0,8.0,6.0],"to":[16.0,20.0,13.0],"faces":{"east":{"uv":[6.0,1.75,6.875,3.25],"tintindex":0,"rotation":0,"texture":"#0"},"south":{"uv":[0.0,1.5,2.0,3.0],"tintindex":0,"rotation":0,"texture":"#0"},"north":{"uv":[0.0,0.0,2.0,1.5],"tintindex":0,"rotation":0,"texture":"#0"},"west":{"uv":[5.875,6.25,6.75,7.75],"tintindex":0,"rotation":0,"texture":"#0"},"up":{"uv":[3.875,6.375,1.875,5.5],"tintindex":0,"rotation":0,"texture":"#0"},"down":{"uv":[5.875,5.5,3.875,6.375],"tintindex":0,"rotation":0,"texture":"#0"}}}],"display":{"gui":{"rotation":[30,225,0]}}}