{"textures":{"0":"modelengine:entity/waterwave"},"elements":[{"from":[-0.19999981,8.0,0.75],"to":[15.8,19.999998,7.75],"faces":{"east":{"uv":[3.625,6.375,4.5,7.875],"tintindex":0,"rotation":0,"texture":"#0"},"south":{"uv":[2.0,3.0,4.0,4.5],"tintindex":0,"rotation":0,"texture":"#0"},"north":{"uv":[0.0,3.0,2.0,4.5],"tintindex":0,"rotation":0,"texture":"#0"},"west":{"uv":[4.5,6.375,5.375,7.875],"tintindex":0,"rotation":0,"texture":"#0"},"up":{"uv":[8.0,0.875,6.0,0.0],"tintindex":0,"rotation":0,"texture":"#0"},"down":{"uv":[8.0,0.875,6.0,1.75],"tintindex":0,"rotation":0,"texture":"#0"}}},{"from":[-9.0,19.999998,0.75],"to":[0.0,19.999998,7.75],"faces":{"up":{"uv":[8.75,4.75,7.625,3.875],"tintindex":0,"rotation":0,"texture":"#0"},"down":{"uv":[1.125,7.75,0.0,8.625],"tintindex":0,"rotation":0,"texture":"#0"}},"rotation":{"origin":[0.0,19.999998,2.75],"angle":45.0,"axis":"z"}},{"from":[0.0,19.999998,7.75],"to":[16.0,19.999998,16.75],"faces":{"up":{"uv":[6.0,1.125,4.0,0.0],"tintindex":0,"rotation":0,"texture":"#0"},"down":{"uv":[6.0,1.125,4.0,2.25],"tintindex":0,"rotation":0,"texture":"#0"}},"rotation":{"origin":[8.0,19.999998,7.75],"angle":45.0,"axis":"x"}},{"from":[0.0,19.999292,-8.249292],"to":[16.0,19.999292,0.7507067],"faces":{"up":{"uv":[6.0,3.375,4.0,2.25],"tintindex":0,"rotation":0,"texture":"#0"},"down":{"uv":[6.0,3.375,4.0,4.5],"tintindex":0,"rotation":0,"texture":"#0"}},"rotation":{"origin":[8.0,19.999292,0.7507067],"angle":-45.0,"axis":"x"}},{"from":[16.0,19.999998,1.75],"to":[25.0,19.999998,8.75],"faces":{"up":{"uv":[8.125,3.875,7.0,3.0],"tintindex":0,"rotation":0,"texture":"#0"},"down":{"uv":[7.875,7.5,6.75,8.375],"tintindex":0,"rotation":0,"texture":"#0"}},"rotation":{"origin":[16.0,19.999998,3.75],"angle":-45.0,"axis":"z"}}],"display":{"gui":{"rotation":[30,225,0]}}}