{"textures":{"0":"modelengine:entity/waterwave"},"elements":[{"from":[17.18,4.78471,3.1428933],"to":[24.86,4.78471,12.742893],"faces":{"up":{"uv":[7.75,7.5,6.75,6.25],"tintindex":0,"rotation":0,"texture":"#0"},"down":{"uv":[7.875,1.75,6.875,3.0],"tintindex":0,"rotation":0,"texture":"#0"}},"rotation":{"origin":[16.68,5.28471,7.942893],"angle":45.0,"axis":"z"}},{"from":[0.32000017,3.28471,12.142893],"to":[15.68,3.28471,19.822893],"faces":{"up":{"uv":[5.625,5.5,3.75,4.5],"tintindex":0,"rotation":0,"texture":"#0"},"down":{"uv":[1.875,5.5,0.0,6.5],"tintindex":0,"rotation":0,"texture":"#0"}},"rotation":{"origin":[8.0,5.28471,10.142893],"angle":-45.0,"axis":"x"}},{"from":[-8.860001,4.78471,3.1428933],"to":[-1.1800003,4.78471,12.742893],"faces":{"up":{"uv":[7.0,4.5,6.0,3.25],"tintindex":0,"rotation":0,"texture":"#0"},"down":{"uv":[1.0,6.5,0.0,7.75],"tintindex":0,"rotation":0,"texture":"#0"}},"rotation":{"origin":[-0.6800003,5.28471,7.942893],"angle":-45.0,"axis":"z"}},{"from":[0.32000017,5.28471,-4.5371075],"to":[15.68,5.28471,3.1428933],"faces":{"up":{"uv":[1.875,5.5,0.0,4.5],"tintindex":0,"rotation":0,"texture":"#0"},"down":{"uv":[3.75,4.5,1.875,5.5],"tintindex":0,"rotation":0,"texture":"#0"}},"rotation":{"origin":[8.0,5.28471,3.1428933],"angle":45.0,"axis":"x"}}],"display":{"gui":{"rotation":[30,225,0]}}}